HALAMAN,KELAS_PEGA,CACAH_DEKLARASI
(kelas rule),ASM-FW-GCNMFW-Work-KomiteTreatyNonProp,20
(kelas rule),ASM-FW-GCNMFW-Data-Adjustment,19
(kelas rule),@baseclass,17
(kelas rule),ASM-FW-GISFW-Int-T_STORAGE_IMAGE,8
(kelas rule),ASM-FW-GCNMFW-Work-ClaimTreatyNonProp,7
(kelas rule),ASM-FW-GCNMFW-Work,6
(kelas rule),ASM-FW-GCNMFW-Int-V_POLIS,6
(kelas rule),ASM-FW-GISFW-Data-Search,3
(kelas rule),Data-Admin-Operator-ID,3
(kelas rule),ASM-FW-GISFW-Data-SpreadingRisk,2
(kelas rule),ASM-FW-GISFW-Int-policyjson,2
(kelas rule),ASM-FW-GISFW-Int-LST_BANK_GROUP,2
(kelas rule),ASM-FW-GISFW-Int-CURRENCY,2
(kelas rule),ASM-FW-GCNMFW-Work-TransferAdjustment,2
(kelas rule),ASM-FW-GISFW-Int-M_LINK_SERVICE,1
(kelas rule),ASM-FW-GCNMFW-Int-DOCUMENT_CLAIM,1
(kelas rule),ASM-FW-GISFW-int-policyjson,1
(kelas rule),ASM-FW-GCNMFW-Int-OS_AKSEPTASI_KLAIM,1
(kelas rule),Work-,1
Adjustment,ASM-FW-GCNMFW-Data-Adjustment,1
AllAttachments,Code-Pega-List,2
AllAttachments.pxResults,Link-Attachment,2
AttachmentLinksOpened,Code-Pega-List,2
AttachmentLinksOpened.pxResults,Data-WorkAttach-File,2
AttachmentPage,Data-EmailAttachments,2
BankAccount,Code-Pega-List,1
BankAccount.pxResults,ASM-FW-GISFW-Int-BANKACCOUNT,1
DOCUMENT_CLAIM,Code-Pega-List,1
DOCUMENT_CLAIM.pxResults,ASM-FW-GCNMFW-Int-DOCUMENT_CLAIM,1
DataAttach,Data-WorkAttach-File,1
DataChronology,ASM-FW-GISFW-Data-Search,3
DataImage,ASM-FW-GISFW-Int-T_STORAGE_IMAGE,1
DataTempAdj,ASM-FW-GCNMFW-Data-ObjectItem,1
Email,Code-Pega-List,1
Email.pxResults,ASM-FW-GISFW-Data-Search,1
InService,ASM-FW-GCNMFW-Work-Int-os_akseptasi_klaim,1
InputData,ASM-FW-GISFW-Data-Search,6
InputData,Code-Pega-List,2
InputData.pxResults,ASM-FW-GISFW-Data-Search,2
InputParam,ASM-FW-GISFW-Data-Search,2
InputParamOs,ASM-FW-GCNMFW-Data-osAkseptasi,1
InsertDoc,ASM-FW-GISFW-Int-T_STORAGE_IMAGE,1
InsertHistory,ASM-FW-GISFW-Data-Search,1
InsertOSAccWork,ASM-FW-GCNMFW-Work-ClaimTreatyNonProp,1
LatestWorkPage,ASM-FW-GCNMFW-Work-KomiteTreatyNonProp,1
LinkPageName,Link-Attachment,1
NewDocument,ASM-FW-GCNMFW-Int-DOCUMENT_CLAIM,1
OPList,Code-Pega-List,1
OPList.pxResults,Data-Admin-Operator-ID,1
OperatorID,Data-Admin-Operator-ID,1
OperatorList,Code-Pega-List,2
OperatorList.pxResults,Data-Admin-Operator-ID,2
OutNOAcc,Code-Pega-List,2
OutNOAcc.pxResults,ASM-FW-GISFW-Data-Search,2
OutOSAcc,Code-Pega-List,1
OutOSAcc.pxResults,ASM-FW-GCNMFW-Data-osAkseptasi,1
OutputData,Code-Pega-List,1
PDF,Code-Pega-PDF,1
ParamCekKonversi,ASM-FW-GISFW-Data-Search,1
ParamDataTreaty,ASM-FW-GISFW-Data-Search,2
ParamKasir,ASM-FW-GISFW-Data-Search,1
ParamSeq,ASM-FW-GISFW-Data-Search,1
PaymenttKasir,ASM-FW-GCNMFW-Data-PaymentKasir,1
ResponLink,ASM-FW-GISFW-Int-M_LINK_SERVICE,1
STORAGE_IMAGE,Code-Pega-List,1
STORAGE_IMAGE.pxResults,ASM-FW-GISFW-Int-T_STORAGE_IMAGE,1
TEMPDATA,ASM-FW-GISFW-Data-Search,1
Temp,ASM-FW-GISFW-Data-Search,2
TempCeding,ASM-FW-GISFW-Data-Search,1
TempClaimData,ASM-FW-GCNMFW-Data-ClaimData,1
TempCommiteClaim,ASM-FW-GCNMFW-Data-Comitee,1
TempDla,ASM-FW-GISFW-Data-Search,2
TempKasir,ASM-FW-GISFW-Data-Search,1
TempList,Code-Pega-List,1
TempList.pxResults,ASM-FW-GISFW-Data-SpreadingRisk,1
TempMainWork,ASM-FW-GCNMFW-Work-ClaimTreatyNonProp,3
TempOSAkseptasi,ASM-FW-GCNMFW-Data-osAkseptasi,2
TempOSSubjectivity,ASM-FW-GCNMFW-Data-osAkseptasi,1
TempOpenPage,ASM-FW-GCNMFW-Work-ClaimTreatyNonProp,2
TempOpenPage,ASM-FW-GCNMFW-Work-PNC,1
TempPNC,ASM-FW-GCNMFW-Int-V_POLIS,1
TempPrintAcc,ASM-FW-GISFW-Data-Search,1
TempPrintAccAdj,ASM-FW-GCNMFW-Work-KomiteTreatyNonProp,1
TempPrintCA,ASM-FW-GISFW-Data-Search,1
TempRejCNP,ASM-FW-GCNMFW-Work-ClaimTreatyNonProp,1
TempSpreadingRisk,Code-Pega-List,1
TempSpreadingRisk.pxResults,ASM-FW-GISFW-Data-SpreadingRisk,1
TglProd,Code-Pega-List,2
TglProd.pxResults,ASM-FW-GISFW-Int-policyjson,2
UploadDoc,ASM-FW-GISFW-Int-T_STORAGE_IMAGE,2
WorkAttachPageName,Data-WorkAttach-File,1
childPageKomite,ASM-FW-GCNMFW-Work-Komite,1
linkService,Code-Pega-List,1
linkService.pxResults,ASM-FW-GISFW-Int-M_LINK_SERVICE,1
pxProcess,Code-Pega-Process,1
pyWorkCover,ASM-FW-GCNMFW-Work-ClaimTreatyNonProp,7
pyWorkCover,ASM-FW-GCNMFW-Work,4
pyWorkCover,ASM-FW-GCNMFW-Work-PNC,1
pyWorkCover,ASM-FW-GCNMFW-Work-ClaimTreaty,1
pyWorkCover.ClaimData,ASM-FW-GCNMFW-Data-ClaimData,1
pyWorkCover.ClaimData.PolicyData,ASM-FW-GISFW-Data-Policy,1
pyWorkCover.OfferFacIn,ASM-FW-GISFW-Data-OfferFacIn,1
pyWorkCover.OfferFacIn.QuotationData,ASM-FW-GISFW-Data-Quotation,1
pyWorkCover.TreatyInMaster,ASM-FW-GISFW-Int-TREATY_IN,1
pyWorkPage,ASM-FW-GCNMFW-Work-KomiteTreatyNonProp,8
pyWorkPage,ASM-FW-GCNMFW-Work-ClaimTreaty,3
pyWorkPage,ASM-FW-GCNMFW-Work-ClaimTreatyNonProp,2
pyWorkPage,ASM-FW-GCNMFW-Work-Komite,2
pyWorkPage,ASM-FW-GCNMFW-Work-PNC,1
pyWorkPage.ClaimData.AdjustmentList(),ASM-FW-GCNMFW-Data-Adjustment,1
pyWorkPage.Komite,ASM-FW-GCNMFW-Data-Comitee,1
tesss,ASM-FW-GISFW-Data-Search,1
