JALUR_INDUK,BERKAS,REF
TempMainWork.CNPStatusCase,Activity/KomitePostAdjustment.xml,2
TempMainWork.CNPStatusCase,Activity/KomitePostAdjustmentCWP.xml,1
TempMainWork.ClaimData,Activity/InsertJsonClaimTreatyNonProp_act.xml,2
TempMainWork.ClaimData.AdjustmentList,Activity/GenerateAccCNP_act.xml,1
TempMainWork.ClaimData.AdjustmentList,Activity/KomitePostAdjustment.xml,5
TempMainWork.ClaimData.AdjustmentList.AcceptanceStatus,Activity/KomitePostAdjustment.xml,2
TempMainWork.ClaimData.AdjustmentList.AcceptedDate,Activity/KomitePostAdjustment.xml,1
TempMainWork.ClaimData.AdjustmentList.AcceptedNo,Activity/KomitePostAdjustment.xml,5
TempMainWork.ClaimData.AdjustmentList.ComiteeClaim,Activity/KomitePostAdjustment.xml,1
TempMainWork.ClaimData.AdjustmentList.ComiteeClaim.DateApproval,Activity/KomitePostAdjustment.xml,2
TempMainWork.ClaimData.AdjustmentList.ComiteeClaim.DateApprove,Activity/KomitePostAdjustment.xml,2
TempMainWork.ClaimData.AdjustmentList.ComiteeClaim.KomiteAproval,Activity/KomitePostAdjustment.xml,2
TempMainWork.ClaimData.AdjustmentList.ComiteeClaim.KomiteComment,Activity/KomitePostAdjustment.xml,2
TempMainWork.ClaimData.AdjustmentList.IsKomite,Activity/KomitePostAdjustment.xml,1
TempMainWork.ClaimData.AdjustmentList.IsSubjectivity,Activity/KomitePostAdjustment.xml,4
TempMainWork.ClaimData.AdjustmentList.SubjectivityNote,Activity/KomitePostAdjustment.xml,1
TempMainWork.ClaimData.Amount,Activity/KomitePostAdjustmentCWP.xml,1
TempMainWork.ClaimData.ClaimComitee,Activity/KomitePostAdjustmentCWP.xml,1
TempMainWork.ClaimData.DateOfLoss,Activity/KomitePostAdjustmentCWP.xml,1
TempMainWork.ClaimData.DeductibleValue,Activity/KomitePostAdjustmentCWP.xml,1
TempMainWork.ClaimData.InsuredName,Activity/KomitePostAdjustmentCWP.xml,1
TempMainWork.ClaimData.IsFInalAccXOL,Activity/KomitePostAdjustment.xml,1
TempMainWork.ClaimData.IsSubjectivity,Activity/KomitePostAdjustment.xml,1
TempMainWork.ClaimData.ListClaimAmount,Activity/KomitePostAdjustmentCWP.xml,1
TempMainWork.ClaimData.NoClaim,Activity/InsertJsonClaimTreatyNonProp_act.xml,1
TempMainWork.ClaimData.NoClaim,Activity/KomitePostAdjustment.xml,4
TempMainWork.ClaimData.NoClaim,Activity/KomitePostAdjustmentCWP.xml,4
TempMainWork.ClaimData.PolicyData.PolicyNo,Activity/InsertJsonClaimTreatyNonProp_act.xml,1
TempMainWork.ClaimData.PolicyData.PolicyNo,Activity/KomitePostAdjustment.xml,1
TempMainWork.ClaimData.PolicyData.StartDateTime,Activity/KomitePostAdjustmentCWP.xml,2
TempMainWork.ClaimData.ReportDate,Activity/KomitePostAdjustmentCWP.xml,1
TempMainWork.ClaimData.ShareCeding,Activity/KomitePostAdjustmentCWP.xml,1
TempMainWork.IsCloseFile,Activity/KomitePostAdjustment.xml,1
TempMainWork.NamePIC,Activity/KomitePostAdjustmentCWP.xml,1
TempMainWork.OfferFacIn.QuotationData.BusinessOldId,Activity/KomitePostAdjustment.xml,2
TempMainWork.pxCreateOperator,Activity/KomitePostAdjustment.xml,1
TempMainWork.pxObjClass,Activity/KomitePostAdjustment.xml,1
TempMainWork.pyID,Activity/KomitePostAdjustmentCWP.xml,2
TempMainWork.pzInsKey,Activity/InsertJsonClaimTreatyNonProp_act.xml,1
TempMainWork.pzInsKey,Activity/KomitePostAdjustment.xml,2
TempMainWork.pzInsKey,Activity/KomitePostAdjustmentCWP.xml,1
TempMainWork.stsReject,Activity/KomitePostAdjustment.xml,1
