INDUK,ANAK,KOLOM_FK,KARDINALITAS
T_WORK_CLAIM,T_GENERAL_KOMITE,-  SHARED PK (ID = ID),1:1
T_GENERAL_KOMITE,T_KOMITE_KOMITELIST,DATA_KOMITE_ID,1:N
T_GENERAL_KOMITE,T_KOMITE_LOSS_CONTEXT,DATA_KOMITE_ID,1:1
T_GENERAL_KOMITE,T_KOMITE_ADJ_SNAPSHOT,DATA_KOMITE_ID,1:1
T_GENERAL_KOMITE,T_KOMITE_CLAIM_SNAPSHOT,DATA_KOMITE_ID,1:1
T_KOMITE_CLAIM_SNAPSHOT,T_KOMITE_CLAIM_POLICY,CLAIM_SNAPSHOT_ID,1:1
T_KOMITE_CLAIM_SNAPSHOT,T_KOMITE_CLAIM_ADJ,CLAIM_SNAPSHOT_ID,1:N
T_KOMITE_CLAIM_ADJ,T_KOMITE_ADJ_CURRENCY,CLAIM_ADJ_ID,1:N
T_KOMITE_CLAIM_SNAPSHOT,T_KOMITE_CLAIM_OBJECT,CLAIM_SNAPSHOT_ID,1:N
T_KOMITE_CLAIM_OBJECT,T_KOMITE_OBJECT_ITEM,CLAIM_OBJECT_ID,1:N
T_KOMITE_OBJECT_ITEM,T_KOMITE_OBJECT_ITEM_ADJ,OBJECT_ITEM_ID,1:N
T_GENERAL_KOMITE,T_KOMITE_QUOTATION,DATA_KOMITE_ID,1:1
T_GENERAL_KOMITE,T_KOMITE_TREATY_MASTER,DATA_KOMITE_ID,1:1
T_GENERAL_KOMITE,T_CLAIM_ADJUSTMENT,ADJUSTMENT_ID,1:1 silang
