nama_elemen,kata_pemicu,jumlah,jumlah_berkas,jenis_aturan
pxObjClass,class,427859,708,Rule-Admin-System-Settings | Rule-Connect-REST | Rule-Connect-SQL | Rule-Declare-DecisionTable | Rule-HTML-Harness | Rule-HTML-Section | Rule-Navigation | Rule-Obj-Activity | Rule-Obj-FlowAction | Rule-Obj-Model | Rule-Obj-Report-Definition | Rule-Obj-When
pyRefreshWhen,when,25576,202,Rule-HTML-Harness | Rule-HTML-Section | Rule-Obj-FlowAction
pyRuleName,rule,24028,708,Rule-Admin-System-Settings | Rule-Connect-REST | Rule-Connect-SQL | Rule-Declare-DecisionTable | Rule-HTML-Harness | Rule-HTML-Section | Rule-Navigation | Rule-Obj-Activity | Rule-Obj-FlowAction | Rule-Obj-Model | Rule-Obj-Report-Definition | Rule-Obj-When
pyIncludeLabel,include,23671,202,Rule-HTML-Harness | Rule-HTML-Section | Rule-Obj-FlowAction
pxRuleFamilyName,rule,23284,622,Rule-Connect-REST | Rule-Declare-DecisionTable | Rule-HTML-Harness | Rule-HTML-Section | Rule-Navigation | Rule-Obj-Activity | Rule-Obj-FlowAction | Rule-Obj-Model | Rule-Obj-Report-Definition | Rule-Obj-When
pxRuleObjClass,rule,23284,622,Rule-Connect-REST | Rule-Declare-DecisionTable | Rule-HTML-Harness | Rule-HTML-Section | Rule-Navigation | Rule-Obj-Activity | Rule-Obj-FlowAction | Rule-Obj-Model | Rule-Obj-Report-Definition | Rule-Obj-When
pxRuleClassName,rule,23282,620,Rule-Declare-DecisionTable | Rule-HTML-Harness | Rule-HTML-Section | Rule-Navigation | Rule-Obj-Activity | Rule-Obj-FlowAction | Rule-Obj-Model | Rule-Obj-Report-Definition | Rule-Obj-When
pyGridRDClass,class,20193,202,Rule-HTML-Harness | Rule-HTML-Section | Rule-Obj-FlowAction
pySmartPromptClass,class,12046,129,Rule-HTML-Harness | Rule-HTML-Section | Rule-Navigation | Rule-Obj-When
pySectionId,section,8504,202,Rule-HTML-Harness | Rule-HTML-Section | Rule-Obj-FlowAction
pySmartPromptParentClass,class,8161,124,Rule-HTML-Harness | Rule-HTML-Section
pyParametersParamIntelliBaseClass,class,7769,506,Rule-HTML-Harness | Rule-HTML-Section | Rule-Obj-Activity | Rule-Obj-FlowAction
pyLabelForPromptClass,class,7487,124,Rule-HTML-Harness | Rule-HTML-Section
pyStepPageReference,ref,6252,708,Rule-Admin-System-Settings | Rule-Connect-REST | Rule-Connect-SQL | Rule-Declare-DecisionTable | Rule-HTML-Harness | Rule-HTML-Section | Rule-Navigation | Rule-Obj-Activity | Rule-Obj-FlowAction | Rule-Obj-Model | Rule-Obj-Report-Definition | Rule-Obj-When
pyDPResultsClass,class,5901,202,Rule-HTML-Harness | Rule-HTML-Section | Rule-Obj-FlowAction
pyForEachClass,class,5544,304,Rule-Obj-Activity
pyForEachValidClasses,class,5544,304,Rule-Obj-Activity
pyStepsActivityName,activity,5544,304,Rule-Obj-Activity
pyStepsClassName,class,5544,304,Rule-Obj-Activity
pyStepsParentClass,class,5544,304,Rule-Obj-Activity
pyRefreshWhenActive,when,5528,202,Rule-HTML-Harness | Rule-HTML-Section | Rule-Obj-FlowAction
pyDisableAutoRefresh,ref,5126,202,Rule-HTML-Harness | Rule-HTML-Section | Rule-Obj-FlowAction
pyRowPromptClass,class,5082,202,Rule-HTML-Harness | Rule-HTML-Section | Rule-Obj-FlowAction
pyGridAppendActivityExists,activity,5073,202,Rule-HTML-Harness | Rule-HTML-Section | Rule-Obj-FlowAction
pyGridDeleteActivityExists,activity,5073,202,Rule-HTML-Harness | Rule-HTML-Section | Rule-Obj-FlowAction
pyPageListPropertyClass,list,5073,202,Rule-HTML-Harness | Rule-HTML-Section | Rule-Obj-FlowAction
pyStepsActivityNameUC,activity,4489,304,Rule-Obj-Activity
pyActivityClass,activity,4426,104,Rule-HTML-Harness | Rule-HTML-Section | Rule-Navigation
pyActivityClassOrig,activity,4342,104,Rule-HTML-Harness | Rule-HTML-Section | Rule-Navigation
pyPromptClass,class,3479,202,Rule-HTML-Harness | Rule-HTML-Section | Rule-Obj-FlowAction
pyPrefix,ref,3423,206,Rule-HTML-Harness | Rule-HTML-Section | Rule-Obj-FlowAction | Rule-Obj-Report-Definition
pyCustomClass,class,3419,202,Rule-HTML-Harness | Rule-HTML-Section | Rule-Obj-FlowAction
pyPrefixOther,ref,3415,202,Rule-HTML-Harness | Rule-HTML-Section | Rule-Obj-FlowAction
pyPrefixRowColRepeat,ref,3415,202,Rule-HTML-Harness | Rule-HTML-Section | Rule-Obj-FlowAction
pyContainerRefreshWhen,when,3413,202,Rule-HTML-Harness | Rule-HTML-Section | Rule-Obj-FlowAction
pyRefreshPreActivity,activity,3413,202,Rule-HTML-Harness | Rule-HTML-Section | Rule-Obj-FlowAction
pyRefreshPreActivityParams,activity,3413,202,Rule-HTML-Harness | Rule-HTML-Section | Rule-Obj-FlowAction
pyRefreshPreDataTransform,transform,3413,202,Rule-HTML-Harness | Rule-HTML-Section | Rule-Obj-FlowAction
pyRefreshRunActivity,activity,3413,202,Rule-HTML-Harness | Rule-HTML-Section | Rule-Obj-FlowAction
pyRefreshRunDataTrans,ref,3413,202,Rule-HTML-Harness | Rule-HTML-Section | Rule-Obj-FlowAction
pyPropRef,ref,2225,354,Rule-Obj-Activity | Rule-Obj-Model
pyPagesAndClasses,class,1913,708,Rule-Admin-System-Settings | Rule-Connect-REST | Rule-Connect-SQL | Rule-Declare-DecisionTable | Rule-HTML-Harness | Rule-HTML-Section | Rule-Navigation | Rule-Obj-Activity | Rule-Obj-FlowAction | Rule-Obj-Model | Rule-Obj-Report-Definition | Rule-Obj-When
pyPagesAndClassesClass,class,1904,703,Rule-Admin-System-Settings | Rule-Connect-SQL | Rule-Declare-DecisionTable | Rule-HTML-Harness | Rule-HTML-Section | Rule-Obj-Activity | Rule-Obj-FlowAction | Rule-Obj-Model | Rule-Obj-Report-Definition | Rule-Obj-When
pyPagesAndClassesPage,class,1842,678,Rule-Admin-System-Settings | Rule-Connect-SQL | Rule-Declare-DecisionTable | Rule-HTML-Harness | Rule-HTML-Section | Rule-Obj-Activity | Rule-Obj-FlowAction | Rule-Obj-Model | Rule-Obj-Report-Definition | Rule-Obj-When
pyPagesAndClassesMode,class,1740,585,Rule-Declare-DecisionTable | Rule-HTML-Harness | Rule-HTML-Section | Rule-Obj-Activity | Rule-Obj-FlowAction | Rule-Obj-Model | Rule-Obj-When
pxPageClass,class,1162,431,Rule-HTML-Harness | Rule-HTML-Section | Rule-Obj-Activity | Rule-Obj-Model | Rule-Obj-Report-Definition | Rule-Obj-When
pyClassName,class,1141,708,Rule-Admin-System-Settings | Rule-Connect-REST | Rule-Connect-SQL | Rule-Declare-DecisionTable | Rule-HTML-Harness | Rule-HTML-Section | Rule-Navigation | Rule-Obj-Activity | Rule-Obj-FlowAction | Rule-Obj-Model | Rule-Obj-Report-Definition | Rule-Obj-When
pyParametersParamIntelliValidateAs,validate,878,552,Rule-HTML-Harness | Rule-HTML-Section | Rule-Obj-Activity | Rule-Obj-FlowAction | Rule-Obj-Model | Rule-Obj-When
pyRefreshLayout,ref,852,102,Rule-HTML-Harness | Rule-HTML-Section | Rule-Navigation
pyGridPostActivity,activity,828,101,Rule-HTML-Harness | Rule-HTML-Section
pyGridPostActivityExists,activity,828,101,Rule-HTML-Harness | Rule-HTML-Section
pyGridPreActivity,activity,828,101,Rule-HTML-Harness | Rule-HTML-Section
pyGridPreActivityExists,activity,828,101,Rule-HTML-Harness | Rule-HTML-Section
pyGridPromptClass,class,828,101,Rule-HTML-Harness | Rule-HTML-Section
pyHideGridHeaderWhenNoRows,when,828,101,Rule-HTML-Harness | Rule-HTML-Section
pyPartialRefresh,ref,828,101,Rule-HTML-Harness | Rule-HTML-Section
pyRowRefresh,ref,828,101,Rule-HTML-Harness | Rule-HTML-Section
pyShowRowRefresh,ref,828,101,Rule-HTML-Harness | Rule-HTML-Section
pzGrid_General_ConditionsContent_RowRefresh_Type,ref,828,101,Rule-HTML-Harness | Rule-HTML-Section
pzGrid_General_ListGroupLabel,list,828,101,Rule-HTML-Harness | Rule-HTML-Section
pyRuleParamsStreamName,rule,810,671,Rule-Admin-System-Settings | Rule-Connect-SQL | Rule-Declare-DecisionTable | Rule-HTML-Harness | Rule-HTML-Section | Rule-Obj-Activity | Rule-Obj-FlowAction | Rule-Obj-Model | Rule-Obj-When
pyStreamName,stream,767,705,Rule-Admin-System-Settings | Rule-Connect-SQL | Rule-Declare-DecisionTable | Rule-HTML-Harness | Rule-HTML-Section | Rule-Obj-Activity | Rule-Obj-FlowAction | Rule-Obj-Model | Rule-Obj-Report-Definition | Rule-Obj-When
pyRefresh,ref,746,708,Rule-Admin-System-Settings | Rule-Connect-REST | Rule-Connect-SQL | Rule-Declare-DecisionTable | Rule-HTML-Harness | Rule-HTML-Section | Rule-Navigation | Rule-Obj-Activity | Rule-Obj-FlowAction | Rule-Obj-Model | Rule-Obj-Report-Definition | Rule-Obj-When
pyHelpRef,ref,744,708,Rule-Admin-System-Settings | Rule-Connect-REST | Rule-Connect-SQL | Rule-Declare-DecisionTable | Rule-HTML-Harness | Rule-HTML-Section | Rule-Navigation | Rule-Obj-Activity | Rule-Obj-FlowAction | Rule-Obj-Model | Rule-Obj-Report-Definition | Rule-Obj-When
pySPRuleSetName,rule,739,707,Rule-Admin-System-Settings | Rule-Connect-REST | Rule-Connect-SQL | Rule-Declare-DecisionTable | Rule-HTML-Harness | Rule-HTML-Section | Rule-Navigation | Rule-Obj-Activity | Rule-Obj-FlowAction | Rule-Obj-Model | Rule-Obj-Report-Definition | Rule-Obj-When
pyObjClassLabel,class,708,708,Rule-Admin-System-Settings | Rule-Connect-REST | Rule-Connect-SQL | Rule-Declare-DecisionTable | Rule-HTML-Harness | Rule-HTML-Section | Rule-Navigation | Rule-Obj-Activity | Rule-Obj-FlowAction | Rule-Obj-Model | Rule-Obj-Report-Definition | Rule-Obj-When
pyContainerCustomClass,class,691,202,Rule-HTML-Harness | Rule-HTML-Section | Rule-Obj-FlowAction
pyHeaderCustomClass,class,691,202,Rule-HTML-Harness | Rule-HTML-Section | Rule-Obj-FlowAction
pxNamedPageReferences,ref,666,622,Rule-Connect-REST | Rule-Declare-DecisionTable | Rule-HTML-Harness | Rule-HTML-Section | Rule-Navigation | Rule-Obj-Activity | Rule-Obj-FlowAction | Rule-Obj-Model | Rule-Obj-Report-Definition | Rule-Obj-When
pxAPIMethodReferences,ref,658,622,Rule-Connect-REST | Rule-Declare-DecisionTable | Rule-HTML-Harness | Rule-HTML-Section | Rule-Navigation | Rule-Obj-Activity | Rule-Obj-FlowAction | Rule-Obj-Model | Rule-Obj-Report-Definition | Rule-Obj-When
pxRuleReferences,rule,658,622,Rule-Connect-REST | Rule-Declare-DecisionTable | Rule-HTML-Harness | Rule-HTML-Section | Rule-Navigation | Rule-Obj-Activity | Rule-Obj-FlowAction | Rule-Obj-Model | Rule-Obj-Report-Definition | Rule-Obj-When
pyJavaClassName,class,652,616,Rule-HTML-Harness | Rule-HTML-Section | Rule-Navigation | Rule-Obj-Activity | Rule-Obj-FlowAction | Rule-Obj-Model | Rule-Obj-Report-Definition | Rule-Obj-When
pyPrivilegeClass,class,379,379,Rule-Obj-Activity | Rule-Obj-FlowAction
pxControlSectionInsKey,section,375,39,Rule-HTML-Harness | Rule-HTML-Section
pyRelationNameWhen,when,374,50,Rule-Obj-Model
pyActivityName,activity,304,304,Rule-Obj-Activity
pyDisableRefresh,ref,285,64,Rule-HTML-Harness | Rule-HTML-Section
pzInvalidateCss,validate,272,236,Rule-HTML-Harness | Rule-HTML-Section | Rule-Obj-FlowAction | Rule-Obj-Report-Definition
pyAdvParamPageClass,class,231,202,Rule-HTML-Harness | Rule-HTML-Section | Rule-Obj-FlowAction
pzSectionParamPageClass,section,231,202,Rule-HTML-Harness | Rule-HTML-Section | Rule-Obj-FlowAction
pyTargetSmartPromptClass,class,177,32,Rule-HTML-Harness | Rule-HTML-Section
ClassName,class,172,75,Rule-Obj-Activity
pyUsingPageClass,class,137,25,Rule-HTML-Harness | Rule-HTML-Section
pyClass,class,102,16,Rule-HTML-Harness | Rule-HTML-Section
pyAuditWhenName,when,84,84,Rule-HTML-Harness | Rule-Obj-FlowAction
pyCoverClass,class,84,22,Rule-HTML-Harness | Rule-HTML-Section | Rule-Navigation
pyHarnessName,harness,84,22,Rule-HTML-Harness | Rule-HTML-Section | Rule-Navigation
pyHTMLReference,html,75,75,Rule-Obj-FlowAction
pySectionReference,section,75,75,Rule-Obj-FlowAction
pySectionReferenceDisplayWhen,when,75,75,Rule-Obj-FlowAction
pySectionReferencePage,section,75,75,Rule-Obj-FlowAction
pySectionReferenceParams,section,75,75,Rule-Obj-FlowAction
pySectionReferencePassParamPage,section,75,75,Rule-Obj-FlowAction
pySectionReferencePrivilegeUpdate,section,75,75,Rule-Obj-FlowAction
pySectionReferencePrivilegeView,section,75,75,Rule-Obj-FlowAction
pySectionReferenceRefreshWhen,when,75,75,Rule-Obj-FlowAction
pyValidateActivity,activity,75,75,Rule-Obj-FlowAction
pyWhenName,when,75,75,Rule-Obj-FlowAction
pyCallSuperClassModel,model,73,73,Rule-Obj-Model
pyModelName,model,73,73,Rule-Obj-Model
pyReportContentPageName,report,68,34,Rule-Obj-Report-Definition
pyUseImplementationClass,class,68,34,Rule-Obj-Report-Definition
pyIncludeAllDescendantclasses,class,66,33,Rule-Obj-Report-Definition
pyIncludeHeaderOrLabel,include,54,27,Rule-HTML-Harness | Rule-HTML-Section
pyReference,ref,54,5,Rule-Obj-Activity | Rule-Obj-When
NewClass,class,51,30,Rule-Obj-Activity
pzCustomToolbarClassName,class,49,36,Rule-HTML-Harness | Rule-HTML-Section
ContainingClassOfProperty,class,47,35,Rule-Obj-Activity
pyDrillDownReportName,report,34,34,Rule-Obj-Report-Definition
pyIgnoreFormattingExcelExport,ref,34,34,Rule-Obj-Report-Definition
pyIgnoreFormattingPDFExport,ref,34,34,Rule-Obj-Report-Definition
pyNameFieldHTMLParams,html,34,34,Rule-Obj-Report-Definition
pzReportExpressHideEditButton,report,34,34,Rule-Obj-Report-Definition
pyCustomLoadActivityClass,activity,30,25,Rule-HTML-Harness | Rule-HTML-Section
pyReportClass,report,27,19,Rule-Obj-Activity
pyReportName,report,27,19,Rule-Obj-Activity
pyElementRef,ref,24,1,Rule-Navigation
pyOpenRulePropertyBaseclass,rule,24,1,Rule-Navigation
pyActionListValid,list,21,1,Rule-Navigation
pyAdvancedConditionsBaseclass,class,21,1,Rule-Navigation
pyRowRefreshIndex,ref,16,8,Rule-HTML-Harness | Rule-HTML-Section
pyViewReference,ref,14,14,Rule-Obj-FlowAction
pyBaseClass,class,13,4,Rule-Obj-When
ObjClass,class,12,12,Rule-Obj-Activity
pyHarnessId,harness,9,9,Rule-HTML-Harness
pyPortalInlineClass,class,9,9,Rule-HTML-Harness
pySkeletonSectionName,section,9,9,Rule-HTML-Harness
LinkRefFrom,ref,8,8,Rule-HTML-Harness | Rule-HTML-Section
pyJoinClassName,class,8,4,Rule-Obj-Report-Definition
pyDesignatedClass,class,7,5,Rule-Declare-DecisionTable | Rule-Obj-When
pyDesignatedClassPath,class,7,5,Rule-Declare-DecisionTable | Rule-Obj-When
pyTempPromptClass,class,7,7,Rule-HTML-Harness | Rule-HTML-Section
ServiceName,service,6,6,Rule-Obj-Activity
pyFromClasses,class,5,5,Rule-Obj-Report-Definition
ClassOfPage,class,4,4,Rule-Obj-Activity
pyApprovalClass,class,4,2,Rule-HTML-Harness | Rule-HTML-Section
pyConditionClass,class,4,4,Rule-Obj-When
pyConditionCtnrClass,class,4,4,Rule-Obj-When
pyHideRegionWhenEmpty,when,4,4,Rule-Obj-FlowAction
pyMapFromKey,map,4,2,Rule-Connect-REST
pzRARulePrefix,rule,4,3,Rule-HTML-Section | Rule-Obj-FlowAction
pzRuleFormKeysAndDescription,rule,4,3,Rule-HTML-Section | Rule-Obj-FlowAction
pzRuleFormToolbarHotKeys,rule,4,3,Rule-HTML-Section | Rule-Obj-FlowAction
DecisionTableName,decision,2,2,Rule-Obj-Activity
ResultsClass,class,2,2,Rule-Obj-Activity
pyColumnPreferences,ref,2,2,Rule-Declare-DecisionTable
pyEditValidate,validate,2,1,Rule-HTML-Section
pyMapToKey,map,2,2,Rule-Connect-REST
pyMapToKeyPartLeft,map,2,2,Rule-Connect-REST
pyPageContextClass,class,2,2,Rule-Declare-DecisionTable
pyPagesAndClassesDescription,class,2,2,Rule-Declare-DecisionTable
pyPagesAndClassesKey,class,2,2,Rule-Declare-DecisionTable
pyReportPageName,report,2,2,Rule-Obj-Activity
pyReportParamPageName,report,2,2,Rule-Obj-Activity
pyServiceName,service,2,2,Rule-Connect-REST
pzLayout_RefreshPreActivity,activity,2,2,Rule-Obj-FlowAction
pyAuthorizationClass,class,1,1,Rule-HTML-Section
pySectionName_TEMP,section,1,1,Rule-HTML-Section
