jenis,nama,berkas,jumlah_perujuk
Rule-HTML-Harness,ACTIVITYSTATUSSUCCESS,ActivityStatusSuccess.xml,0
Rule-HTML-Harness,SHOWATTACHMENTTREATY,ShowAttachmentTreaty.xml,0
Rule-HTML-Harness,TREATYINFACULTATIVESHARECALCULATION,TreatyInFacultativeShareCalculation.xml,0
Rule-HTML-Harness,TREATYINFACULTATIVESHARECALCULATIONOLDDATA,TreatyInFacultativeShareCalculationOldData.xml,0
Rule-HTML-Section,INPUTTREATYINADJUSTMENT,InputTreatyInAdjustment.xml,0
Rule-HTML-Section,INPUTTREATYINOFFER,InputTreatyInOffer.xml,0
Rule-HTML-Section,SHOWATTACHMENTTREATY,ShowAttachmentTreaty.xml,0
Rule-HTML-Section,TREATYINTABSNONPROPORTIONAL,TreatyInTabsNonProportional.xml,0
Rule-HTML-Section,TREATYINTABSNONPROPORTIONALADJUSTPREMI,TreatyInTabsNonProportionalAdjustPremi.xml,0
Rule-HTML-Section,TREATYINTABSNONPROPORTIONALOLDDATA,TreatyInTabsNonProportionalOldData.xml,0
Rule-HTML-Section,TREATYINTABSPROPORTIONAL,TreatyInTabsProportional.xml,0
Rule-HTML-Section,TREATYINTABSPROPORTIONALOLDDATA,TreatyInTabsProportionalOldData.xml,0
Rule-Navigation,MASTERNAVTREATY,MasterNavTreaty.xml,0
Rule-Obj-Activity,ADDCLASSOFBUSINESS,AddClassofBusiness.xml,0
Rule-Obj-Activity,ADDDEDUCTION,AddDeduction.xml,0
Rule-Obj-Activity,ADDDELSPREADINGTREATYIN,AddDelSpreadingTreatyin.xml,0
Rule-Obj-Activity,ADDFACRETROPROP,AddFacRetroProp.xml,0
Rule-Obj-Activity,ADDSPREADINGXOL,AddSpreadingXOL.xml,0
Rule-Obj-Activity,ADDVALUE,AddValue.xml,0
Rule-Obj-Activity,CALCULATESHAREPCTTORETRO,CalculateSharePctToRetro.xml,0
Rule-Obj-Activity,CHANGEDOKUMENT_ACT,ChangeDokument_Act.xml,0
Rule-Obj-Activity,COUNTRETROSHARE_ACT,CountRetroShare_Act.xml,0
Rule-Obj-Activity,DELETE_ACT,Delete_act.xml,0
Rule-Obj-Activity,DELSPREADINGRETRO,DelSpreadingRetro.xml,0
Rule-Obj-Activity,DOWNLOADATTACHMENTTREATY,DownloadAttachmentTreaty.xml,0
Rule-Obj-Activity,FETCHTREATYEXISTINGPRODUCTION,FetchTreatyExistingProduction.xml,0
Rule-Obj-Activity,GENERATECSVTREATY,GenerateCSVTreaty.xml,0
Rule-Obj-Activity,GETACHIEVEMENT,GetAchievement.xml,0
Rule-Obj-Activity,GETMASTERTREATYCATEGORY_ACT,GetMasterTreatyCategory_Act.xml,0
Rule-Obj-Activity,GETSPREADINGRETRO,GetSpreadingRetro.xml,0
Rule-Obj-Activity,INSERTTOLOGACHIEVEMENT,InsertToLogAchievement.xml,0
Rule-Obj-Activity,LOADATTACHMENTDATA,LoadAttachmentData.xml,0
Rule-Obj-Activity,PREMIUMRESERVECALCULATE,PremiumReserveCalculate.xml,0
Rule-Obj-Activity,REFRESHACHIEVEMENT,RefreshAchievement.xml,0
Rule-Obj-Activity,SETCURRNAMEMASTERTREATY_ACT,SetCurrNameMasterTreaty_Act.xml,0
Rule-Obj-Activity,SETCURRNAME_ACT,SetCurrName_Act.xml,0
Rule-Obj-Activity,SETKATEGORIDOC,SetkategoriDoc.xml,0
Rule-Obj-Activity,SETTREATYGROUPNAME_ACT,SetTreatyGroupName_Act.xml,0
Rule-Obj-Activity,SETTREATYINRETRO_ACT,SetTreatyinRetro_Act.xml,0
Rule-Obj-Activity,SETTREATYTYPENAME_ACT,SetTreatyTypeName_Act.xml,0
Rule-Obj-Activity,TREATYINACCUMULATIONSETSUBDUE,TreatyInAccumulationSetSubDue.xml,0
Rule-Obj-Activity,TREATYINACTUALUPDATEVALUE,TreatyInActualUpdateValue.xml,0
Rule-Obj-Activity,TREATYINACTUALUPDATEVALUESHARE,TreatyInActualUpdateValueShare.xml,0
Rule-Obj-Activity,TREATYINADDCURRENCY,TreatyInAddCurrency.xml,0
Rule-Obj-Activity,TREATYINAKSEPTASIEDM_ACT,TreatyInAkseptasiEDM_Act.xml,0
Rule-Obj-Activity,TREATYINAKSEPTASI_ACT,TreatyInAkseptasi_Act.xml,0
Rule-Obj-Activity,TREATYINCHECKCEDINGBLACKLIST,TreatyInCheckCedingBlacklist.xml,0
Rule-Obj-Activity,TREATYINCHECKID,TreatyInCheckID.xml,0
Rule-Obj-Activity,TREATYINCONVERTCALLDATA_ACT,TreatyInConvertCallData_act.xml,0
Rule-Obj-Activity,TREATYINCOPY,TreatyInCopy.xml,0
Rule-Obj-Activity,TREATYINDECLINECONFIRMATION_POSTACT,TreatyInDeclineConfirmation_postact.xml,0
Rule-Obj-Activity,TREATYINDECLINECONFIRMATION_POSTACTEDM,TreatyInDeclineConfirmation_postactEDM.xml,0
Rule-Obj-Activity,TREATYINDOWNLOADALL,TreatyInDownloadAll.xml,0
Rule-Obj-Activity,TREATYINEDMSETVALUE,TreatyInEDMSetValue.xml,0
Rule-Obj-Activity,TREATYINEGNPILISTVALUE,TreatyInEGNPIListValue.xml,0
Rule-Obj-Activity,TREATYINFIXSPL,TreatyInFixSpl.xml,0
Rule-Obj-Activity,TREATYINLIMITSLISTVALUE,TreatyInLimitsListValue.xml,0
Rule-Obj-Activity,TREATYINLIMITSLISTVALUEPROPORTIONAL,TreatyInLimitsListValueProportional.xml,0
Rule-Obj-Activity,TREATYINNONSETTOTAL,TreatyInNonSetTotal.xml,0
Rule-Obj-Activity,TREATYINNPSETTOTALACTUAL,TreatyInNPSetTotalActual.xml,0
Rule-Obj-Activity,TREATYINPOPULATEDETAIL,TreatyInPopulateDetail.xml,0
Rule-Obj-Activity,TREATYINPROPADD,TreatyInPropAdd.xml,0
Rule-Obj-Activity,TREATYINPROPSHAREDETAIL,TreatyInPropshareDetail.xml,0
Rule-Obj-Activity,TREATYINSAVEROL,TreatyInSaveROL.xml,0
Rule-Obj-Activity,TREATYINSETACCOUNTREPORT,TreatyInSetAccountReport.xml,0
Rule-Obj-Activity,TREATYINSETREPORT,TreatyInSetReport.xml,0
Rule-Obj-Activity,TREATYINSETVALUE,TreatyInSetValue.xml,0
Rule-Obj-Activity,TREATYINSETVALUEINSTALLMENT,TreatyInSetValueInstallment.xml,0
Rule-Obj-Activity,TREATYINSHARELISTVALUE,TreatyInShareListValue.xml,0
Rule-Obj-Activity,TREATYINSUBMIT,TreatyInSubmit.xml,0
Rule-Obj-Activity,TREATYINSUBMITEDM,TreatyInSubmitEDM.xml,0
Rule-Obj-Activity,TREATYINTESTAGENT,TreatyInTestAgent.xml,0
Rule-Obj-Activity,TREATYINXOLADDSPREADINGDETAIL,TreatyInXOLAddSpreadingDetail.xml,0
Rule-Obj-Activity,TREATYINXOLADDSPREADINGDETAILACTUAL,TreatyInXOLAddSpreadingDetailActual.xml,0
Rule-Obj-Activity,TREATYLOADMASTERJOINEDM,TreatyLoadMasterJoinEdm.xml,0
Rule-Obj-Activity,TREATYLOADMASTERJOINEDMXOL,TreatyLoadMasterJoinEdmXOL.xml,0
Rule-Obj-FlowAction,ACTION,Action.xml,0
Rule-Obj-FlowAction,PICKERTREATYINMASTER,PickerTreatyInMaster.xml,0
Rule-Obj-FlowAction,PICKERTREATYINMASTERREVISI,PickerTreatyInMasterRevisi.xml,0
Rule-Obj-FlowAction,SHOWSUMMARY,ShowSummary.xml,0
Rule-Obj-FlowAction,TREATYATTACHCONTENT,TreatyAttachContent.xml,0
Rule-Obj-FlowAction,TREATYINACTION,TreatyInAction.xml,0
Rule-Obj-FlowAction,TREATYINACTIONEDM,TreatyInActionEDM.xml,0
Rule-Obj-FlowAction,TREATYINCHOOSERETRO,TreatyinChooseRetro.xml,0
Rule-Obj-FlowAction,TREATYINDECLINECONFIRMATION,TreatyInDeclineConfirmation.xml,0
Rule-Obj-FlowAction,TREATYINDECLINECONFIRMATIONEDM,TreatyInDeclineConfirmationEDM.xml,0
Rule-Obj-FlowAction,TREATYINSEARCHREINSURED,TreatyInSearchReinsured.xml,0
Rule-Obj-FlowAction,TREATYINSEARCHSOB,TreatyInSearchSoB.xml,0
Rule-Obj-FlowAction,TREATYINUPLOADCSV,TreatyInUploadCSV.xml,0
Rule-Obj-Model,ADDCOB,AddCob.xml,0
Rule-Obj-Model,ADDLIMITRETENTIONCESSION,AddLimitRetentionCession.xml,0
Rule-Obj-Model,CALCULATEREINSTATEMENT,CalculateReinstatement.xml,0
Rule-Obj-Model,CALCULATEREINSTATEMENTPCT,CalculateReinstatementPct.xml,0
Rule-Obj-Model,DELETECOB,DeleteCoB.xml,0
Rule-Obj-Model,RECALCULATEREINSTATEMENT,ReCalculateReinstatement.xml,0
Rule-Obj-Model,RESET_DT,Reset_DT.xml,0
Rule-Obj-Model,SETCURRENCYID,SetCurrencyID.xml,0
Rule-Obj-Model,SETDETAILSID,SetDetailsID.xml,0
Rule-Obj-Model,SETTREATYGROUPID,SetTreatyGroupID.xml,0
Rule-Obj-Model,SHARERETROFACULTATIVE_DT,ShareRetroFacultative_DT.xml,0
Rule-Obj-Model,TREATYCALCULATEPRORATEPCT,TreatyCalculateProratePct.xml,0
Rule-Obj-Model,TREATYCREATEEDM,TreatyCreateEDM.xml,0
Rule-Obj-Model,TREATYINADDACCUMULATION,TreatyInAddAccumulation.xml,0
Rule-Obj-Model,TREATYINADDNEW,TreatyInAddNew.xml,0
Rule-Obj-Model,TREATYINCEDINGSETTOUPPERCASE,TreatyInCedingSetToUppercase.xml,0
Rule-Obj-Model,TREATYINCOPYCONDITIONS,TreatyInCopyConditions.xml,0
Rule-Obj-Model,TREATYINDELETEACCUMULATIONLISTS,TreatyInDeleteAccumulationLists.xml,0
Rule-Obj-Model,TREATYINFORCEEDIT,TreatyInForceEdit.xml,0
Rule-Obj-Model,TREATYINFORCERESOLVECOMPLETE,TreatyInForceResolveComplete.xml,0
Rule-Obj-Model,TREATYINIDSETPYPORTAL,TreatyInIDSetPyPortal.xml,0
Rule-Obj-Model,TREATYINREMOVELASTCOMMENT,TreatyInRemoveLastComment.xml,0
Rule-Obj-Model,TREATYINRETURNTOINPUTOR,TreatyInReturntoInputor.xml,0
Rule-Obj-Model,TREATYINSETPERIOD,TreatyInSetPeriod.xml,0
Rule-Obj-Model,TREATYINSETREINSURED,TreatyInSetReinsured.xml,0
Rule-Obj-Model,TREATYINSETTREATYYEAR,TreatyInSetTreatyYear.xml,0
Rule-Obj-Model,TREATYINSHOWHIDE,TreatyInShowHide.xml,0
Rule-Obj-Model,TREATYINSHOWHIDEFACSHARE,TreatyInShowHideFacShare.xml,0
Rule-Obj-Report-Definition,BROWSEBUSINESSGROUP_RD,BrowseBusinessGroup_RD.xml,0
Rule-Obj-Report-Definition,BROWSEBUSINESS_RD,BrowseBusiness_RD.xml,0
Rule-Obj-Report-Definition,BROWSECLIENTNUSARE_RD,BrowseClientNusaRe_RD.xml,0
Rule-Obj-Report-Definition,BROWSECURRENCYTREATYIN_RD,BrowseCurrencyTreatyIn_RD.xml,0
Rule-Obj-Report-Definition,BROWSECURRENCY_RD,BrowseCurrency_RD.xml,0
Rule-Obj-Report-Definition,BROWSEDETAILTREATYREISURER_RD,BrowseDetailTreatyReisurer_RD.xml,0
Rule-Obj-Report-Definition,BROWSEREINSURANCETYPE_RD,BrowseReinsuranceType_RD.xml,0
Rule-Obj-Report-Definition,BROWSETREATYARRANGEMENT_LIMIT_MSTTRT_RD,BrowseTreatyArrangement_Limit_MstTrt_RD.xml,0
Rule-Obj-Report-Definition,BROWSETREATYARRANGEMENT_LIMIT_RD,BrowseTreatyArrangement_Limit_RD.xml,0
Rule-Obj-Report-Definition,BROWSETREATYARRANGEMENT_PARENTREINSMASTERTRT,BrowseTreatyArrangement_ParentReinsMasterTrt.xml,0
Rule-Obj-Report-Definition,BROWSETREATYBUSINESSWOTYPE_RD,BrowseTreatyBusinessWOType_RD.xml,0
Rule-Obj-Report-Definition,BROWSETREATYEXCHANGEYEARLY_RD,BrowseTreatyExchangeYearly_RD.xml,0
Rule-Obj-Report-Definition,BROWSETREATYGROUP_RD,BrowseTreatyGroup_RD.xml,0
Rule-Obj-Report-Definition,BROWSETREATYTYPEPARENT,BrowseTreatyTypeParent.xml,0
Rule-Obj-Report-Definition,BROWSETREATY_IN,BrowseTREATY_IN.xml,0
Rule-Obj-Report-Definition,PYGETALLATTACHMENTS,pyGetAllAttachments.xml,0
Rule-Obj-When,RECORDEVENT,recordEvent.xml,0
