KELAS_PEGA,CACAH_PROPERTI,PROPERTI
ASM-FW-GISFW-Data-LimitSummaryList,17,AggregateLimit | AggregateLimit2 | Currency | Currency2 | Deductible | Deductible2 | Layer | LayerPart | LayerPartType | LayerType | Limit | Limit2 | MDP | MDP2 | NetPremi | NetPremi2 | Note
ASM-FW-GISFW-Data-OfferTreatyIn,11,Comment | CommentList | Currency | EndDate | ID | IDNewBisnis | OfferTreatyInList | QuotationData | StartDate | Subject | TreatyYear
ASM-FW-GISFW-Data-OfferTreatyInList,15,Account | Amount | BORDEREAUX | Currency | EarnedPremium | GeneralCondition | LimitBusinessList | MinimumDepositPremi | PctAdjustmentRate | PctRateOnLine | PctRatioMinimum | PortfolioList | Reinstatement | ReinsuranceType | TerritorialScope
ASM-FW-GISFW-Data-PolicyTreatyIn,1,ClaimType
ASM-FW-GISFW-Data-Quotation,5,BusinessFac | InsuredID | InsuredName | SobName | SourceOfBusiness
ASM-FW-GISFW-Data-Search,30,CAIREINSFACIN | CARI1 | CARI10 | CARI11 | CARI12 | CARI13 | CARI14 | CARI15 | CARI2 | CARI3 | CARI30 | CARI31 | CARI4 | CARI40 | CARI41 | CARI5 | CARI50 | CARI51 | CARI52 | CARI53 | CARI6 | CARI7 | CARI8 | CARI9 | CARID1 | CARID2 | CARIDESC | CARIREINSTYPE | CARISTATUSACCEPT | HASIL1
ASM-FW-GISFW-Data-SuggestList,5,ConvertDate | Date | IsApproved | OperatorName | Suggest
ASM-FW-GISFW-Data-TreatyInAccountReport,6,AutoCalculate | ConfirmationDue | InitialDate | Period | SettlementDue | SubmissionDue
ASM-FW-GISFW-Data-TreatyInAccumulation,4,Period | ReportDate | SubDays | SubDueDate
ASM-FW-GISFW-Data-TreatyInAchievement,45,BROKERAGE | CASHCALL | CASHCALLtoIDR | Conversion | Currency | CurrencyID | EstimationCASHCALL | EstimationCASHCALLtoIDR | FlagTreaty | IDPEGA | IncuredClaim | IncuredClaimtoIDR | LossRatio | NETPREMIUM | NETPREMIUMtoIDR | NOOFFER | NOPOLIS | OutstandingCASHCALL | OutstandingCASHCALLtoIDR | OutstandingClaim | OutstandingClaimtoIDR | PREMIUM | PREMIUMtoIDR | PaidClaim | PaidClaimtoIDR | Period | QUARTERYEAR | Quarter | RICOMM | SOBNAME | TREATYGROUPNAME | TREATYTYPE | Total | TotalAchievCASHCALL | TotalAchievEstCASHCALL | TotalAchievIncured | TotalAchievNetPremium | TotalAchievOsCASHCALL | TotalAchievOsClaim | TotalAchievOuts | TotalAchievPaid | TotalAchievPremium | TotalAfterClaim | TotaltoIDR | Value
ASM-FW-GISFW-Data-TreatyInBusinessLimit,18,Amount2 | AmountEPI | AmountRetention | BusinessList | CashLossLimit | CessionLimitList | ClaimCooperation | CommisionList | Currency | CurrencyEPI | Description | ExclusionList | NusantaraReShare | PreliminaryLossAdvice | ProfitCommisionList | SpecialConditionList | TreatyGroup | TreatyLimits
ASM-FW-GISFW-Data-TreatyInCessionLimit,2,Amount | Currency
ASM-FW-GISFW-Data-TreatyInCoInScale,2,CoInShare | PctLimit
ASM-FW-GISFW-Data-TreatyInCommision,2,Amount | Method
ASM-FW-GISFW-Data-TreatyInCurrencyList,8,AchievementPctGross | Conversion | Currency | CurrencyID | LossRatioGross | Parameter | PeriodEnd | PeriodStart
ASM-FW-GISFW-Data-TreatyInDeduction,6,Comment | Currency | CurrencyID | Deduction | DeductionPct | DeductionPctCalculate
ASM-FW-GISFW-Data-TreatyInEGNPI,12,AddendumStatus | Amount | AmountIDR | AsDate | ClassOfBusiness | Currency | CurrencyID | ID | Note | Proportion | TreatyGroup | TreatyGroupID
ASM-FW-GISFW-Data-TreatyInInstallment,12,Amount | AmountTotal | Currency | CurrencyID | DueDate | ID | Installment | InstallmentList | InstallmentPct | PaymentDate | PctTotal | WPC
ASM-FW-GISFW-Data-TreatyInLimitCash,3,Amount | Currency | Line
ASM-FW-GISFW-Data-TreatyInLimitLayer,13,ClassOfBusiness | ClassOfBusinessID | ClassOfBusinessList | Cover | Currency | EgnpiCurr | EgnpiVal | ID | IsROLProfile | Layer | MDPList | TreatyGroup | TreatyGroupID
ASM-FW-GISFW-Data-TreatyInLimits,49,AddendumStatus | AdditionalAmount1 | AdditionalAmount2 | AdditionalPct | AdjRate | AgregateLimit | AgregateLimit2 | ClassOfBusiness | ClassOfBusinessID | Cover | Currency | Currency2 | CurrencyRelation | Deductible | Deductible2 | Detail | EgnpiTotalList | ID | IsCombineMDP | Layer | LayerList | LayerPart | LayerPartType | LayerType | Limit | Limit2 | MDP | MDPList | MDPMinList | MDPMinPct | MDPPct | NoRIPCalculation | PremiumEarned | PremiumEarnedList | ROLPct | ReinstatementAmount1 | ReinstatementAmount2 | ReinstatementNote | ReinstatementPct | ReinstatementValue | Reinstatement_List | SumLossRatio | SumTotalAchievIncured | SumTotalAchievNetPremium | TreatyGroup | TreatyGroupID | TreatyGroupList | TreatyType | TreatyTypeID
ASM-FW-GISFW-Data-TreatyInLimitsDetail,76,Achievement | AchievementDate | AchievementLists | AchievementPct | Brokerage | COBList | CashLossList | CessionList | CessionListSurplus | CessionPct | ClaimCoopList | CurrencyAchievement | CurrencyEarthquake | CurrencyFloodJab | CurrencyFloodNat | CurrencyIOOLimit | CurrencyList | CurrencyRSMD | DeductionList | DeductionTotalList | EPIList | Earthquake | FloodJab | FloodNation | ID | IOOLimitList | IOOLimitListSurplus | IOOPct | LossRatio | LowerBand | PLAList | ParentID | Periode | PremiumReservePct | ProfitCommision | ProfitME | ProfitYDCF | QSPct | RIOGR | RIONR | RNMShare | RNMShareList | RNMSpreadedList | RNMSpreadedListRI | RSMDLimit | ReisuredParticipant | ReserveList | RetentionList | RetentionListSurplus | RetentionPct | ShareNote | SpreadingList | SpreadingTotalPct | SpreadingType | SpreadingTypeID | SumLossRatio | SumTotalAchievIncured | SumTotalAchievNetPremium | Surplus | TotalAchAfterClaim | TotalAchCASHCALL | TotalAchEstCASHCALL | TotalAchIncured | TotalAchNetPremium | TotalAchOsCASHCALL | TotalAchOsClaim | TotalAchOuts | TotalAchPaid | TotalAchPremium | TotalAchievOuts | TotalAchievPaid | TotalAchievPremium | TreatyGroup | TreatyGroupID | TreatyType | UpperBand
ASM-FW-GISFW-Data-TreatyInLimitsSpreading,26,BreakDownSprdList | BreakDownSprdListXOL | Currency | DeductionTotalList | GrossPremiumList | GrossPremiumMinList | NetPremiumList | ParentReinsTypeID | Pct | RNMSpreadedListDeductRIXOL | RNMSpreadedListDeductXOL | RNMSpreadedListGrossMinXOL | RNMSpreadedListGrossRIMinXOL | RNMSpreadedListGrossRIXOL | RNMSpreadedListGrossXOL | RNMSpreadedListNetRIXOL | RNMSpreadedListNetXOL | RNMSpreadedListRIXOL | RNMSpreadedListXOL | ReinsTypeID | ReinsTypeName | RnmLimitList | Rp | TreatyGroupID | Usd | Value
ASM-FW-GISFW-Data-TreatyInPortfolio,3,Description | Type | TypePortfolio
ASM-FW-GISFW-Data-TreatyInProfitCommision,3,ME | ProfitComm | YDCF
ASM-FW-GISFW-Data-TreatyInRetention,7,Amount | Currency | CurrencyID | ID | Note | TreatyGroup | TreatyGroupID
ASM-FW-GISFW-Data-TreatyInRetroShare,19,Note | RetroBrokerage | RetroCoName | RetroMemberList | RetroPct | RetroSpreadingList | RetroTotalPct | RetroType | RetroTypeID | Share | ShareSumary | TotalDeduction | TotalNet | TotalNetOR | TotalNetRI | TotalPremium | TotalShare | TotalShareOR | TotalShareRI
ASM-FW-GISFW-Data-TreatyInShare,47,AddendumStatus | Amount | ClassofBusinessList | Cover | Currency | DeductionList | DeductionTotalList | GrossPremium | GrossPremiumList | GrossPremiumMinList | IsLayerActive | Layer | LayerPart | LayerPartType | LayerType | Limit | Limit2 | NetPremium | NetPremiumList | NusareLimit | RNMShare | RNMSpreadedListDeductRIXOL | RNMSpreadedListDeductXOL | RNMSpreadedListGrossMinXOL | RNMSpreadedListGrossRIMinXOL | RNMSpreadedListGrossRIXOL | RNMSpreadedListGrossXOL | RNMSpreadedListNetRIXOL | RNMSpreadedListNetXOL | RNMSpreadedListRIXOL | RNMSpreadedListXOL | ReinsTypeID | ReinsTypeName | RnmGrossPremiDisplay | RnmLimitList | RnmLimitListDisplay | ShareFacultativeReinsurers | SharePct | SpreadingListXOL | SpreadingTotalPctXOL | SpreadingTypeIDXOL | SpreadingTypeXOL | SpreadingTypeXOLRetro | SpreadingTypeXOLRetroID | TreatyGroupID | TreatyGroupList | TreatyYear
ASM-FW-GISFW-Data-TreatyInShareReins,14,Amount | Amount2 | BrokerID | BrokerName | Currency | FacultativeLimits | ID | Layer | NetPremiumList | ReinsID | ReinsName | ReinsuranceListTONP | SharePct | TotalShareRnmProp
ASM-FW-GISFW-Data-TreatyInTotal,12,AltValue | Currency | CurrencyID | ID | IDR | Layer | LayerPart | LayerPartType | LayerType | Note | USD | Value
ASM-FW-GISFW-Int-AGENT,17,AgentType2 | BU_ID | Cause | ChildCount | ClientID | ClientName | CountryID | CountryName | ID | Leader0 | OtherCause | RemarkStatus | Remarks | STS_PKP | StatusActive | UpdateTime | UpdateUser
ASM-FW-GISFW-Int-B2B_CLIENT,1,AttachmentList
ASM-FW-GISFW-Int-BANKACCOUNT,1,CURRENCY
ASM-FW-GISFW-Int-BUSINESS,18,BusinessGroupID | BusinessGroupName | ContentNote | DeductableCost | EndorseCost | GroupPanel | ID | MaxDisc | MinPremi | Note | NoteINA | NoteING | OLDID | PolicyCost | StampEndorse | StampPolicy | StatusRandomTF | StatusSyariah
ASM-FW-GISFW-Int-BUSINESSGROUP,5,AliasName | ID | Note | TOPID | TreatyName
ASM-FW-GISFW-Int-CLAUSE,1,Info
ASM-FW-GISFW-Int-CLIENT,4,BU_ID | BU_Note | ID | Name
ASM-FW-GISFW-Int-CURRENCY,8,CountryID | CountryName | Currency | CurrencySymbol | ID | ISOSymbol | Note | OLDID
ASM-FW-GISFW-Int-DOCUMENT_POLIS,2,IDPEGA | KATEGORI_2
ASM-FW-GISFW-Int-M_LINK_SERVICE,3,KATEGORI_1 | KATEGORI_2 | URL
ASM-FW-GISFW-Int-OFFERJSON,2,CountAttach | NOTE
ASM-FW-GISFW-Int-PROPORTIONALARRG,12,ID | Line | ParentReinsTypeID | Pct | ReinsTypeID | ReinsTypeName | Rp | TreatyDescID | TreatyGroupID | TreatyYear | TreatyYearID | Usd
ASM-FW-GISFW-Int-Param,8,DATAPEGA | DATASHOW | ERRMSG | IDPEGA | IDPEGAOUT | OLDIDPEGA | STSCARI1 | STSSAVE
ASM-FW-GISFW-Int-REINSURANCETYPE,7,Code | Flag | ID | Note | SOANote | Type | UserID
ASM-FW-GISFW-Int-TREATYBUSINESS,4,BIZNAME | BizCode | TreatyGroupID | TreatyGroupName
ASM-FW-GISFW-Int-TREATYEXCHANGEYEARLY,12,Currency | DateIU | EndDate | ID | IDCurrency | Quarter | QurrencyID | StartDate | ToIDR | ToUSD | TreatyYear | UserID
ASM-FW-GISFW-Int-TREATYGROUP,6,ID | OJKBusinessID | OJKBusinessName | OJKBusinessNameIDN | TreatyGroupName | TreatyGroupSOAName
ASM-FW-GISFW-Int-TREATYINDETAIL,61,ADJUSMENT_RATE | BROKERAGE | CEDING | CEDINGID | CESSIONCURRENCY | CESSIONVALUE | CURRENCYID | CURRENCY_EQ | CURRENCY_FLOOD_JABO | CURRENCY_FLOOD_NATION | CURRENCY_RSMD | DEDUCTIBLE | DEDUCTIBLE2 | DEDUCTION1 | DEDUCTION2 | EPICURRENCY | EPIVALUE | INSTALLMENT | INSTALLMENTNO | LAYER | LAYERPART | LAYERPARTTYPE | LAYERTYPE | LIMITCURRENCY | LIMITVALUE | LIMIT_EQ | LIMIT_FLOOD_JABO | LIMIT_FLOOD_NATION | LIMIT_RSMD | MDP | MDPCURRENCY | MDPVALUE | MDP_PCT | NETPREMICURRENCY | NETPREMIVALUE | PREMIUM_EARNED | PROPORTIONTYPE | QS_OR | QS_PCT | QS_RI | RETENTIONCURRENCY | RETENTIONVALUE | RIOGR | RIONR | RNM_SHARE | ROL_PCT | SHARECURRENCY | SHAREVALUE | SOB | SOBID | SPL_LINE | SPREADINGTYPE | SPREADINGTYPEID | SPREAD_RNM_SHARE_PCT | SPREAD_RNM_SHARE_VALUE | TREATYCONTRACTNAME | TREATYGROUP | TREATYGROUPID | TREATYID | TREATYTYPE | TREATYYEAR
ASM-FW-GISFW-Int-TREATYINOFFER,27,BROKERAGEPCT | CEDINGNAME | CLASSOFBUSINESS | CLASSOFBUSINESSID | CURRENCYSHARE | ENDDATE | IDPEGA | LAYER | LAYERPART | LAYERPARTTYPE | LAYERTYPE | LIMITSCURRENCY | LIMITSCURRENCY2 | LIMITSVALUE | LIMITSVALUE2 | METHOD | NOOFFER | PROPORTIONTYPE | RICOMMCURRENCY | RICOMMPCT | RICOMMVALUE | SHAREPCT | SHAREVALUE | SOBNAME | STARTDATE | TREATYGROUP | TREATYTYPE
ASM-FW-GISFW-Int-TREATYREINSURER,18,CLIENTID | EndDate | ID | IUDate | NAME | OperatorName | PctShare | ReinsTypeID | ReinsTypeName | ReinsurerID | Ricomm | StartDate | StatusOn | StdRating | TreatyGroupID | TreatyGroupName | TreatyYear | UserId
ASM-FW-GISFW-Int-TREATYYEAR,2,EndDate | StartDate
ASM-FW-GISFW-Int-TREATY_IN,138,AccountingMode | AccountingModeNonProp | AccumulationList | AccumulationPeriod | ActualValue | AddendumPremi | Bordeaux | BordereauxNote | BrokeragePercent | BrokeragePercentP | Ceding | CedingID | CedingStatusActive | ChooseStatusAkseptasi | ClassofBusiness | CoInScale | Commencement | Comment | CommentList | ContractRefNo | Currency | CurrencyEarthquake | CurrencyEgnpiAmount | CurrencyFloodJab | CurrencyFloodNat | CurrencyInstallmentAmount | CurrencyList | CurrencyRSMD | EDMEffective | EDMMaterialType | EDMState | EGNPI | Earthquake | Exclusions | ExclusionsP | FacShare | FacShareBrokerage | FacultativeShare | FacultativeShareBrokerage | FacultativeShareList | FloodJab | FloodNation | ID | Information | Installment | InstallmentNo | IsEditData | IsMultipleRetro | IsProRate | LeadingReinsName | LeadingReinsSource | LeadingReinsSourceID | LimitFacShareSummaryList | LimitShareSummaryList | LimitSummaryList | Limits | MDPSummaryList | MaxCoGroup | MaxCoNonGroup | OLDDATA | OLDID | OptionLimit | Portfolio | Position | PositionUsername | ProRateDays | ProRatePercent | ProRateTotalDays | ProportionType | RNMShare | RNMShareAcrossTheBoard | RNMShareP | RSMDLimit | ReminderDays | ReportingConfirmation | ReportingEnd | ReportingInterval | ReportingPeriod | ReportingPeriodList | ReportingSettlement | ReportingStart | ReportingSubmission | Retention | RetroList | RevisionDate | RevisionState | RnmShareDeducted | Share | ShareFacultativeReinsurers | ShareReins | SourceStatusActive | SpecialConditions | SpecialConditionsP | StatusAkseptasi | TeritorialScope | Termination | TotalEgnpiAmount | TotalEgnpiAmountNP | TotalEgnpiProportion | TotalFacShareDeductionNP | TotalFacShareGrossNP | TotalFacShareNetNP | TotalFacShareRnmNP | TotalInstallmentAmount | TotalInstallmentNP | TotalInstallmentPct | TotalLimitDeductblNP | TotalLimitIOONP | TotalLimitMDPMinNP | TotalLimitMDPNP | TotalLimitPremiEarnNP | TotalLimitsAdjPct | TotalLimitsDeductible | TotalLimitsIOOLimit | TotalLimitsMdp | TotalLimitsPremiumEarned | TotalLimitsROL | TotalRetentionAmount | TotalRetentionAmountNP | TotalShareDeductionNP | TotalShareGross | TotalShareGrossMinNP | TotalShareGrossNP | TotalShareNet | TotalShareNetNP | TotalShareRnmLimit | TotalShareRnmNP | TotalShareRnmProp | TotalSpreadedNetPremi | TotalSpreadedNetPremiRI | TotalSpreadedRnmProp | TotalSpreadedRnmRIProp | TreatyContractName | TreatyLeader | TreatyYear | ValueBeforeProrate | ValueDifference | ViewState
ASM-FW-GISFW-Int-T_STORAGE_IMAGE,15,App | DateTime | Durasi | Folder | Image | ImageID | JSON | Kodestring | MimeType | Namafile | Response | URLImage | appfolder | exp | ext
ASM-FW-GISFW-Int-treaty_in_edm,19,Ceding | CedingID | ChooseStatusAkseptasi | ClassOfBusiness | Commencement | EDMDate | EDMMaterialType | EDMState | ID | Information | LeadingReinsSource | LeadingReinsSourceID | OLDID | Position | PositionUsername | ProportionType | StatusAkseptasi | Termination | TreatyContractName
ASM-FW-GISFW-Work,1,PolicyTreatyIn
ASM-FW-GISFW-Work-NB,1,Quotation
