KELAS_PEGA,CACAH_PEMAKAIAN,DIPAKAI_SEBAGAI
ASM-FW-GISFW-Data-TreatyInLimitsSpreading,120,TreatyIn.ActualValue.FacultativeShareList.GrossPremiumList | TreatyIn.ActualValue.FacultativeShareList.RnmLimitList | TreatyIn.ActualValue.Limits.MDPList | TreatyIn.ActualValue.Limits.PremiumEarnedList | TreatyIn.ActualValue.Share.GrossPremiumList | TreatyIn.ActualValue.Share.RNMSpreadedListDeductRIXOL | TreatyIn.ActualValue.Share.RNMSpreadedListDeductXOL | TreatyIn.ActualValue.Share.RNMSpreadedListGrossRIXOL | TreatyIn.ActualValue.Share.RNMSpreadedListGrossXOL | TreatyIn.ActualValue.Share.RNMSpreadedListNetRIXOL | TreatyIn.ActualValue.Share.RNMSpreadedListNetXOL | TreatyIn.ActualValue.Share.RNMSpreadedListRIXOL | TreatyIn.ActualValue.Share.RNMSpreadedListXOL | TreatyIn.ActualValue.Share.RnmLimitList | TreatyIn.ActualValue.Share.SpreadingListXOL | TreatyIn.ActualValue.TotalFacShareDeductionNP | TreatyIn.ActualValue.TotalFacShareGrossNP | TreatyIn.ActualValue.TotalFacShareNetNP | TreatyIn.ActualValue.TotalFacShareRnmNP | TreatyIn.ActualValue.TotalLimitDeductblNP | TreatyIn.ActualValue.TotalLimitIOONP | TreatyIn.ActualValue.TotalLimitMDPNP | TreatyIn.ActualValue.TotalLimitPremiEarnNP | TreatyIn.ActualValue.TotalShareDeductionNP | TreatyIn.ActualValue.TotalShareGrossNP | TreatyIn.ActualValue.TotalShareNetNP | TreatyIn.ActualValue.TotalShareRnmNP | TreatyIn.ActualValue.TotalSpreadedNetPremi | TreatyIn.ActualValue.TotalSpreadedNetPremiRI | TreatyIn.ActualValue.TotalSpreadedRnmProp | TreatyIn.ActualValue.TotalSpreadedRnmRIProp | TreatyIn.FacultativeShareList.GrossPremiumList | TreatyIn.FacultativeShareList.RnmLimitList | TreatyIn.Limits.Detail.CashLossList | TreatyIn.Limits.Detail.ClaimCoopList | TreatyIn.Limits.Detail.EPIList | TreatyIn.Limits.Detail.PLAList | TreatyIn.Limits.Detail.RetentionList | TreatyIn.Limits.MDPList | TreatyIn.Limits.PremiumEarnedList | TreatyIn.Share.GrossPremiumList | TreatyIn.Share.GrossPremiumMinList | TreatyIn.Share.RNMSpreadedListDeductRIXOL | TreatyIn.Share.RNMSpreadedListDeductXOL | TreatyIn.Share.RNMSpreadedListNetRIXOL | TreatyIn.Share.RNMSpreadedListNetXOL | TreatyIn.Share.RnmLimitList | TreatyIn.Share.SpreadingListXOL | TreatyIn.Share.SpreadingListXOL.GrossPremiumList | TreatyIn.Share.SpreadingListXOL.RNMSpreadedListDeductRIXOL | TreatyIn.Share.SpreadingListXOL.RNMSpreadedListDeductXOL | TreatyIn.Share.SpreadingListXOL.RNMSpreadedListGrossMinXOL | TreatyIn.Share.SpreadingListXOL.RNMSpreadedListGrossRIMinXOL | TreatyIn.Share.SpreadingListXOL.RNMSpreadedListGrossRIXOL | TreatyIn.Share.SpreadingListXOL.RNMSpreadedListGrossXOL | TreatyIn.Share.SpreadingListXOL.RNMSpreadedListNetRIXOL | TreatyIn.Share.SpreadingListXOL.RNMSpreadedListNetXOL | TreatyIn.Share.SpreadingListXOL.RNMSpreadedListRIXOL | TreatyIn.Share.SpreadingListXOL.RNMSpreadedListXOL | TreatyIn.TotalFacShareDeductionNP | TreatyIn.TotalFacShareGrossNP | TreatyIn.TotalFacShareNetNP | TreatyIn.TotalFacShareRnmNP | TreatyIn.TotalInstallmentNP | TreatyIn.TotalLimitDeductblNP | TreatyIn.TotalLimitIOONP | TreatyIn.TotalLimitMDPMinNP | TreatyIn.TotalLimitMDPNP | TreatyIn.TotalLimitPremiEarnNP | TreatyIn.TotalShareDeductionNP | TreatyIn.TotalShareGrossMinNP | TreatyIn.TotalShareGrossNP | TreatyIn.TotalShareNetNP | TreatyIn.TotalShareRnmNP | TreatyIn.TotalShareRnmProp | TreatyIn.TotalSpreadedNetPremi | TreatyIn.TotalSpreadedNetPremiRI | TreatyIn.TotalSpreadedRnmProp | TreatyIn.TotalSpreadedRnmRIProp | TreatyIn.ValueDifference.FacultativeShareList.GrossPremiumList | TreatyIn.ValueDifference.FacultativeShareList.NetPremiumList | TreatyIn.ValueDifference.FacultativeShareList.RnmGrossPremiDisplay | TreatyIn.ValueDifference.FacultativeShareList.RnmLimitList | TreatyIn.ValueDifference.FacultativeShareList.RnmLimitListDisplay | TreatyIn.ValueDifference.Limits.EgnpiTotalList | TreatyIn.ValueDifference.Limits.MDPList | TreatyIn.ValueDifference.Limits.PremiumEarnedList | TreatyIn.ValueDifference.Share.GrossPremiumList | TreatyIn.ValueDifference.Share.NetPremiumList | TreatyIn.ValueDifference.Share.RNMSpreadedListDeductRIXOL | TreatyIn.ValueDifference.Share.RNMSpreadedListDeductXOL | TreatyIn.ValueDifference.Share.RNMSpreadedListGrossMinXOL | TreatyIn.ValueDifference.Share.RNMSpreadedListGrossRIMinXOL | TreatyIn.ValueDifference.Share.RNMSpreadedListGrossRIXOL | TreatyIn.ValueDifference.Share.RNMSpreadedListGrossXOL | TreatyIn.ValueDifference.Share.RNMSpreadedListNetRIXOL | TreatyIn.ValueDifference.Share.RNMSpreadedListNetXOL | TreatyIn.ValueDifference.Share.RNMSpreadedListRIXOL | TreatyIn.ValueDifference.Share.RNMSpreadedListXOL | TreatyIn.ValueDifference.Share.RnmGrossPremiDisplay | TreatyIn.ValueDifference.Share.RnmLimitList | TreatyIn.ValueDifference.Share.RnmLimitListDisplay | TreatyIn.ValueDifference.Share.SpreadingListXOL | TreatyIn.ValueDifference.TotalFacShareDeductionNP | TreatyIn.ValueDifference.TotalFacShareGrossNP | TreatyIn.ValueDifference.TotalFacShareNetNP | TreatyIn.ValueDifference.TotalFacShareRnmNP | TreatyIn.ValueDifference.TotalInstallmentNP | TreatyIn.ValueDifference.TotalLimitDeductblNP | TreatyIn.ValueDifference.TotalLimitIOONP | TreatyIn.ValueDifference.TotalLimitMDPNP | TreatyIn.ValueDifference.TotalLimitPremiEarnNP | TreatyIn.ValueDifference.TotalShareDeductionNP | TreatyIn.ValueDifference.TotalShareGrossNP | TreatyIn.ValueDifference.TotalShareNetNP | TreatyIn.ValueDifference.TotalShareRnmNP | TreatyIn.ValueDifference.TotalSpreadedNetPremi | TreatyIn.ValueDifference.TotalSpreadedNetPremiRI | TreatyIn.ValueDifference.TotalSpreadedRnmProp | TreatyIn.ValueDifference.TotalSpreadedRnmRIProp
ASM-FW-GISFW-Data-TreatyInLimits,9,TreatyIn.ActualValue.Limits | TreatyIn.Installment | TreatyIn.Limits | TreatyIn.Limits.Detail.COBList | TreatyIn.Limits.Reinstatement_List | TreatyIn.Limits.TreatyGroupList.ClassOfBusinessList | TreatyIn.OLDDATA.Limits | TreatyIn.ShareFacultativeReinsurers.FacultativeLimits | TreatyIn.ValueDifference.Limits
ASM-FW-GISFW-Data-TreatyInShare,7,TreatyIn.ActualValue.FacultativeShareList | TreatyIn.ActualValue.Share | TreatyIn.FacultativeShareList | TreatyIn.OLDDATA.Share | TreatyIn.Share | TreatyIn.ValueDifference.FacultativeShareList | TreatyIn.ValueDifference.Share
ASM-FW-GISFW-Data-TreatyInTotal,7,TreatyIn.ActualValue.Limits.EgnpiTotalList | TreatyIn.ActualValue.TotalEgnpiAmountNP | TreatyIn.Limits.Detail.IOOLimitList | TreatyIn.Limits.EgnpiTotalList | TreatyIn.TotalEgnpiAmountNP | TreatyIn.TotalRetentionAmountNP | TreatyIn.ValueDifference.TotalEgnpiAmountNP
ASM-FW-GISFW-Data-LimitSummaryList,6,TreatyIn.ActualValue.LimitShareSummaryList | TreatyIn.LimitShareSummaryList | TreatyIn.LimitSummaryList | TreatyIn.OLDDATA.LimitShareSummaryList | TreatyIn.OLDDATA.LimitSummaryList | TreatyIn.ValueDifference.LimitSummaryList
ASM-FW-GISFW-Int-TREATY_IN,5,TreatyIn | TreatyIn.ActualValue | TreatyIn.OLDDATA | TreatyIn.ValueBeforeProrate | TreatyIn.ValueDifference
ASM-FW-GISFW-Data-TreatyInDeduction,5,TreatyIn.FacultativeShareList.DeductionList | TreatyIn.OLDDATA.Share.DeductionList | TreatyIn.Share.DeductionList | TreatyIn.ValueDifference.FacultativeShareList.DeductionList | TreatyIn.ValueDifference.Share.DeductionList
ASM-FW-GISFW-Data-TreatyInEGNPI,4,TreatyIn.EGNPI | TreatyIn.OLDDATA.EGNPI | TreatyIn.Retention | TreatyIn.ValueDifference.EGNPI
ASM-FW-GISFW-Data-TreatyInInstallment,3,TreatyIn.OLDDATA.Installment.InstallmentList | TreatyIn.ValueDifference.Installment | TreatyIn.ValueDifference.Installment.InstallmentList
ASM-FW-GISFW-Data-TreatyInShareReins,2,TreatyIn.FacultativeShareList.ShareFacultativeReinsurers | TreatyIn.ShareFacultativeReinsurers
ASM-FW-GISFW-Data-TreatyInLimitsDetail,2,TreatyIn.Limits.Detail | TreatyIn.ShareFacultativeReinsurers.FacultativeLimits.Detail
ASM-FW-GISFW-Data-TreatyInAccumulation,1,TreatyIn.AccumulationList
ASM-FW-GISFW-Data-SuggestList,1,TreatyIn.CommentList
ASM-FW-GISFW-Data-TreatyInCurrencyList,1,TreatyIn.CurrencyList
ASM-FW-GISFW-Data-TreatyInLimitLayer,1,TreatyIn.Limits.TreatyGroupList
ASM-FW-GISFW-Data-TreatyInPortfolio,1,TreatyIn.Portfolio
ASM-FW-GISFW-Data-TreatyInAccountReport,1,TreatyIn.ReportingPeriodList
