PROSEDUR,URUT_ARGUMEN,DIISI_DARI,BERKAS
PEGA_M_TREATY_IN_DETAIL,1,InputParam.DATAPEGA,RDBList/SaveTreatyInDetail.xml
PEGA_M_TREATY_IN_DETAIL,2,InputParam.IDPEGA,RDBList/SaveTreatyInDetail.xml
PEGA_M_TREATY_IN_DETAIL,3,SaveData.TREATYID,RDBList/SaveTreatyInDetail.xml
PEGA_M_TREATY_IN_DETAIL,4,SaveData.TREATYYEAR,RDBList/SaveTreatyInDetail.xml
PEGA_M_TREATY_IN_DETAIL,5,SaveData.SOBID,RDBList/SaveTreatyInDetail.xml
PEGA_M_TREATY_IN_DETAIL,6,SaveData.SOB,RDBList/SaveTreatyInDetail.xml
PEGA_M_TREATY_IN_DETAIL,7,SaveData.CEDINGID,RDBList/SaveTreatyInDetail.xml
PEGA_M_TREATY_IN_DETAIL,8,SaveData.CEDING,RDBList/SaveTreatyInDetail.xml
PEGA_M_TREATY_IN_DETAIL,9,SaveData.TREATYCONTRACTNAME,RDBList/SaveTreatyInDetail.xml
PEGA_M_TREATY_IN_DETAIL,10,SaveData.PROPORTIONTYPE,RDBList/SaveTreatyInDetail.xml
PEGA_M_TREATY_IN_DETAIL,11,SaveData.TREATYTYPE,RDBList/SaveTreatyInDetail.xml
PEGA_M_TREATY_IN_DETAIL,12,SaveData.TREATYGROUPID,RDBList/SaveTreatyInDetail.xml
PEGA_M_TREATY_IN_DETAIL,13,SaveData.TREATYGROUP,RDBList/SaveTreatyInDetail.xml
PEGA_M_TREATY_IN_DETAIL,14,SaveData.CLASSOFBUSINESSID,RDBList/SaveTreatyInDetail.xml
PEGA_M_TREATY_IN_DETAIL,15,SaveData.CLASSOFBUSINESS,RDBList/SaveTreatyInDetail.xml
PEGA_M_TREATY_IN_DETAIL,16,SaveData.LIMITCURRENCY,RDBList/SaveTreatyInDetail.xml
PEGA_M_TREATY_IN_DETAIL,17,SaveData.LIMITVALUE,RDBList/SaveTreatyInDetail.xml
PEGA_M_TREATY_IN_DETAIL,18,SaveData.RETENTIONCURRENCY,RDBList/SaveTreatyInDetail.xml
PEGA_M_TREATY_IN_DETAIL,19,SaveData.RETENTIONVALUE,RDBList/SaveTreatyInDetail.xml
PEGA_M_TREATY_IN_DETAIL,20,SaveData.EPICURRENCY,RDBList/SaveTreatyInDetail.xml
PEGA_M_TREATY_IN_DETAIL,21,SaveData.EPIVALUE,RDBList/SaveTreatyInDetail.xml
PEGA_M_TREATY_IN_DETAIL,22,SaveData.MDPCURRENCY,RDBList/SaveTreatyInDetail.xml
PEGA_M_TREATY_IN_DETAIL,23,SaveData.MDPVALUE,RDBList/SaveTreatyInDetail.xml
PEGA_M_TREATY_IN_DETAIL,24,SaveData.NETPREMICURRENCY,RDBList/SaveTreatyInDetail.xml
PEGA_M_TREATY_IN_DETAIL,25,SaveData.NETPREMIVALUE,RDBList/SaveTreatyInDetail.xml
PEGA_M_TREATY_IN_DETAIL,26,SaveData.DEDUCTION1,RDBList/SaveTreatyInDetail.xml
PEGA_M_TREATY_IN_DETAIL,27,SaveData.DEDUCTION2,RDBList/SaveTreatyInDetail.xml
PEGA_M_TREATY_IN_DETAIL,28,SaveData.LAYERTYPE,RDBList/SaveTreatyInDetail.xml
PEGA_M_TREATY_IN_DETAIL,29,SaveData.LAYER,RDBList/SaveTreatyInDetail.xml
PEGA_M_TREATY_IN_DETAIL,30,SaveData.LAYERPARTTYPE,RDBList/SaveTreatyInDetail.xml
PEGA_M_TREATY_IN_DETAIL,31,SaveData.LAYERPART,RDBList/SaveTreatyInDetail.xml
PEGA_M_TREATY_IN_DETAIL,32,SaveData.INSTALLMENTNO,RDBList/SaveTreatyInDetail.xml
PEGA_M_TREATY_IN_DETAIL,33,SaveData.SHARECURRENCY,RDBList/SaveTreatyInDetail.xml
PEGA_M_TREATY_IN_DETAIL,34,SaveData.SHAREVALUE,RDBList/SaveTreatyInDetail.xml
PEGA_M_TREATY_IN_DETAIL,35,SaveData.RIOGR,RDBList/SaveTreatyInDetail.xml
PEGA_M_TREATY_IN_DETAIL,36,SaveData.RIONR,RDBList/SaveTreatyInDetail.xml
PEGA_M_TREATY_IN_DETAIL,37,SaveData.RNM_SHARE,RDBList/SaveTreatyInDetail.xml
PEGA_M_TREATY_IN_DETAIL,38,SaveData.SPREADINGTYPE,RDBList/SaveTreatyInDetail.xml
PEGA_M_TREATY_IN_DETAIL,39,SaveData.SPREADINGTYPEID,RDBList/SaveTreatyInDetail.xml
PEGA_M_TREATY_IN_DETAIL,40,SaveData.QS_OR,RDBList/SaveTreatyInDetail.xml
PEGA_M_TREATY_IN_DETAIL,41,SaveData.QS_RI,RDBList/SaveTreatyInDetail.xml
PEGA_M_TREATY_IN_DETAIL,42,SaveData.BROKERAGE,RDBList/SaveTreatyInDetail.xml
PEGA_M_TREATY_IN_DETAIL,43,SaveData.CESSIONCURRENCY,RDBList/SaveTreatyInDetail.xml
PEGA_M_TREATY_IN_DETAIL,44,SaveData.CESSIONVALUE,RDBList/SaveTreatyInDetail.xml
PEGA_M_TREATY_IN_DETAIL,45,SaveData.CURRENCY_RSMD,RDBList/SaveTreatyInDetail.xml
PEGA_M_TREATY_IN_DETAIL,46,SaveData.CURRENCY_EQ,RDBList/SaveTreatyInDetail.xml
PEGA_M_TREATY_IN_DETAIL,47,SaveData.CURRENCY_FLOOD_JABO,RDBList/SaveTreatyInDetail.xml
PEGA_M_TREATY_IN_DETAIL,48,SaveData.CURRENCY_FLOOD_NATION,RDBList/SaveTreatyInDetail.xml
PEGA_M_TREATY_IN_DETAIL,49,SaveData.LIMIT_RSMD,RDBList/SaveTreatyInDetail.xml
PEGA_M_TREATY_IN_DETAIL,50,SaveData.LIMIT_EQ,RDBList/SaveTreatyInDetail.xml
PEGA_M_TREATY_IN_DETAIL,51,SaveData.LIMIT_FLOOD_JABO,RDBList/SaveTreatyInDetail.xml
PEGA_M_TREATY_IN_DETAIL,52,SaveData.LIMIT_FLOOD_NATION,RDBList/SaveTreatyInDetail.xml
PEGA_M_TREATY_IN_DETAIL,53,SaveData.SPL_LINE,RDBList/SaveTreatyInDetail.xml
PEGA_M_TREATY_IN_DETAIL,54,SaveData.QS_PCT,RDBList/SaveTreatyInDetail.xml
PEGA_M_TREATY_IN_DETAIL,55,SaveData.DEDUCTIBLE,RDBList/SaveTreatyInDetail.xml
PEGA_M_TREATY_IN_DETAIL,56,SaveData.DEDUCTIBLE2,RDBList/SaveTreatyInDetail.xml
PEGA_M_TREATY_IN_DETAIL,57,SaveData.ADJUSMENT_RATE,RDBList/SaveTreatyInDetail.xml
PEGA_M_TREATY_IN_DETAIL,58,SaveData.PREMIUM_EARNED,RDBList/SaveTreatyInDetail.xml
PEGA_M_TREATY_IN_DETAIL,59,SaveData.MDP_PCT,RDBList/SaveTreatyInDetail.xml
PEGA_M_TREATY_IN_DETAIL,60,SaveData.ROL_PCT,RDBList/SaveTreatyInDetail.xml
PEGA_M_TREATY_IN_DETAIL,61,SaveData.MDP,RDBList/SaveTreatyInDetail.xml
PEGA_M_TREATY_IN_DETAIL,62,SaveData.SPREAD_RNM_SHARE_PCT,RDBList/SaveTreatyInDetail.xml
PEGA_M_TREATY_IN_DETAIL,63,SaveData.SPREAD_RNM_SHARE_VALUE,RDBList/SaveTreatyInDetail.xml
PEGA_M_TREATY_IN_DETAIL,64,OutputParam.ERRMSG out,RDBList/SaveTreatyInDetail.xml
PEGA_M_TREATY_IN_DETAIL,65,OutputParam.IDPEGAOUT out,RDBList/SaveTreatyInDetail.xml
PEGA_M_TREATY_IN_DETAIL,66,OutputParam.STSSAVE out,RDBList/SaveTreatyInDetail.xml
PEGA_M_TREATY_IN_DETAIL_EDM,1,InputParam.DATAPEGA,RDBList/SaveTreatyInDetailEdm.xml
PEGA_M_TREATY_IN_DETAIL_EDM,2,InputParam.IDPEGA,RDBList/SaveTreatyInDetailEdm.xml
PEGA_M_TREATY_IN_DETAIL_EDM,3,SaveData.TREATYID,RDBList/SaveTreatyInDetailEdm.xml
PEGA_M_TREATY_IN_DETAIL_EDM,4,SaveData.TREATYYEAR,RDBList/SaveTreatyInDetailEdm.xml
PEGA_M_TREATY_IN_DETAIL_EDM,5,SaveData.SOBID,RDBList/SaveTreatyInDetailEdm.xml
PEGA_M_TREATY_IN_DETAIL_EDM,6,SaveData.SOB,RDBList/SaveTreatyInDetailEdm.xml
PEGA_M_TREATY_IN_DETAIL_EDM,7,SaveData.CEDINGID,RDBList/SaveTreatyInDetailEdm.xml
PEGA_M_TREATY_IN_DETAIL_EDM,8,SaveData.CEDING,RDBList/SaveTreatyInDetailEdm.xml
PEGA_M_TREATY_IN_DETAIL_EDM,9,SaveData.TREATYCONTRACTNAME,RDBList/SaveTreatyInDetailEdm.xml
PEGA_M_TREATY_IN_DETAIL_EDM,10,SaveData.PROPORTIONTYPE,RDBList/SaveTreatyInDetailEdm.xml
PEGA_M_TREATY_IN_DETAIL_EDM,11,SaveData.TREATYTYPE,RDBList/SaveTreatyInDetailEdm.xml
PEGA_M_TREATY_IN_DETAIL_EDM,12,SaveData.TREATYGROUPID,RDBList/SaveTreatyInDetailEdm.xml
PEGA_M_TREATY_IN_DETAIL_EDM,13,SaveData.TREATYGROUP,RDBList/SaveTreatyInDetailEdm.xml
PEGA_M_TREATY_IN_DETAIL_EDM,14,SaveData.CLASSOFBUSINESSID,RDBList/SaveTreatyInDetailEdm.xml
PEGA_M_TREATY_IN_DETAIL_EDM,15,SaveData.CLASSOFBUSINESS,RDBList/SaveTreatyInDetailEdm.xml
PEGA_M_TREATY_IN_DETAIL_EDM,16,SaveData.LIMITCURRENCY,RDBList/SaveTreatyInDetailEdm.xml
PEGA_M_TREATY_IN_DETAIL_EDM,17,SaveData.LIMITVALUE,RDBList/SaveTreatyInDetailEdm.xml
PEGA_M_TREATY_IN_DETAIL_EDM,18,SaveData.RETENTIONCURRENCY,RDBList/SaveTreatyInDetailEdm.xml
PEGA_M_TREATY_IN_DETAIL_EDM,19,SaveData.RETENTIONVALUE,RDBList/SaveTreatyInDetailEdm.xml
PEGA_M_TREATY_IN_DETAIL_EDM,20,SaveData.EPICURRENCY,RDBList/SaveTreatyInDetailEdm.xml
PEGA_M_TREATY_IN_DETAIL_EDM,21,SaveData.EPIVALUE,RDBList/SaveTreatyInDetailEdm.xml
PEGA_M_TREATY_IN_DETAIL_EDM,22,SaveData.MDPCURRENCY,RDBList/SaveTreatyInDetailEdm.xml
PEGA_M_TREATY_IN_DETAIL_EDM,23,SaveData.MDPVALUE,RDBList/SaveTreatyInDetailEdm.xml
PEGA_M_TREATY_IN_DETAIL_EDM,24,SaveData.NETPREMICURRENCY,RDBList/SaveTreatyInDetailEdm.xml
PEGA_M_TREATY_IN_DETAIL_EDM,25,SaveData.NETPREMIVALUE,RDBList/SaveTreatyInDetailEdm.xml
PEGA_M_TREATY_IN_DETAIL_EDM,26,SaveData.DEDUCTION1,RDBList/SaveTreatyInDetailEdm.xml
PEGA_M_TREATY_IN_DETAIL_EDM,27,SaveData.DEDUCTION2,RDBList/SaveTreatyInDetailEdm.xml
PEGA_M_TREATY_IN_DETAIL_EDM,28,SaveData.LAYERTYPE,RDBList/SaveTreatyInDetailEdm.xml
PEGA_M_TREATY_IN_DETAIL_EDM,29,SaveData.LAYER,RDBList/SaveTreatyInDetailEdm.xml
PEGA_M_TREATY_IN_DETAIL_EDM,30,SaveData.LAYERPARTTYPE,RDBList/SaveTreatyInDetailEdm.xml
PEGA_M_TREATY_IN_DETAIL_EDM,31,SaveData.LAYERPART,RDBList/SaveTreatyInDetailEdm.xml
PEGA_M_TREATY_IN_DETAIL_EDM,32,SaveData.INSTALLMENTNO,RDBList/SaveTreatyInDetailEdm.xml
PEGA_M_TREATY_IN_DETAIL_EDM,33,SaveData.SHARECURRENCY,RDBList/SaveTreatyInDetailEdm.xml
PEGA_M_TREATY_IN_DETAIL_EDM,34,SaveData.SHAREVALUE,RDBList/SaveTreatyInDetailEdm.xml
PEGA_M_TREATY_IN_DETAIL_EDM,35,SaveData.RIOGR,RDBList/SaveTreatyInDetailEdm.xml
PEGA_M_TREATY_IN_DETAIL_EDM,36,SaveData.RIONR,RDBList/SaveTreatyInDetailEdm.xml
PEGA_M_TREATY_IN_DETAIL_EDM,37,SaveData.RNM_SHARE,RDBList/SaveTreatyInDetailEdm.xml
PEGA_M_TREATY_IN_DETAIL_EDM,38,SaveData.SPREADINGTYPEID,RDBList/SaveTreatyInDetailEdm.xml
PEGA_M_TREATY_IN_DETAIL_EDM,39,SaveData.SPREADINGTYPE,RDBList/SaveTreatyInDetailEdm.xml
PEGA_M_TREATY_IN_DETAIL_EDM,40,SaveData.QS_OR,RDBList/SaveTreatyInDetailEdm.xml
PEGA_M_TREATY_IN_DETAIL_EDM,41,SaveData.QS_RI,RDBList/SaveTreatyInDetailEdm.xml
PEGA_M_TREATY_IN_DETAIL_EDM,42,SaveData.BROKERAGE,RDBList/SaveTreatyInDetailEdm.xml
PEGA_M_TREATY_IN_DETAIL_EDM,43,SaveData.CESSIONCURRENCY,RDBList/SaveTreatyInDetailEdm.xml
PEGA_M_TREATY_IN_DETAIL_EDM,44,SaveData.CESSIONVALUE,RDBList/SaveTreatyInDetailEdm.xml
PEGA_M_TREATY_IN_DETAIL_EDM,45,SaveData.CURRENCY_RSMD,RDBList/SaveTreatyInDetailEdm.xml
PEGA_M_TREATY_IN_DETAIL_EDM,46,SaveData.CURRENCY_EQ,RDBList/SaveTreatyInDetailEdm.xml
PEGA_M_TREATY_IN_DETAIL_EDM,47,SaveData.CURRENCY_FLOOD_JABO,RDBList/SaveTreatyInDetailEdm.xml
PEGA_M_TREATY_IN_DETAIL_EDM,48,SaveData.CURRENCY_FLOOD_NATION,RDBList/SaveTreatyInDetailEdm.xml
PEGA_M_TREATY_IN_DETAIL_EDM,49,SaveData.LIMIT_RSMD,RDBList/SaveTreatyInDetailEdm.xml
PEGA_M_TREATY_IN_DETAIL_EDM,50,SaveData.LIMIT_EQ,RDBList/SaveTreatyInDetailEdm.xml
PEGA_M_TREATY_IN_DETAIL_EDM,51,SaveData.LIMIT_FLOOD_JABO,RDBList/SaveTreatyInDetailEdm.xml
PEGA_M_TREATY_IN_DETAIL_EDM,52,SaveData.LIMIT_FLOOD_NATION,RDBList/SaveTreatyInDetailEdm.xml
PEGA_M_TREATY_IN_DETAIL_EDM,53,SaveData.SPL_LINE,RDBList/SaveTreatyInDetailEdm.xml
PEGA_M_TREATY_IN_DETAIL_EDM,54,SaveData.QS_PCT,RDBList/SaveTreatyInDetailEdm.xml
PEGA_M_TREATY_IN_DETAIL_EDM,55,OutputParam.ERRMSG out,RDBList/SaveTreatyInDetailEdm.xml
PEGA_M_TREATY_IN_DETAIL_EDM,56,OutputParam.IDPEGAOUT out,RDBList/SaveTreatyInDetailEdm.xml
PEGA_M_TREATY_IN_DETAIL_EDM,57,OutputParam.STSSAVE out,RDBList/SaveTreatyInDetailEdm.xml
PEGA_M_TREATY_IN_EDM,1,InputParam.DATAPEGA,RDBList/SaveTreatyInEDM.xml
PEGA_M_TREATY_IN_EDM,2,TreatyIn.ID,RDBList/SaveTreatyInEDM.xml
PEGA_M_TREATY_IN_EDM,3,TreatyIn.OLDID,RDBList/SaveTreatyInEDM.xml
PEGA_M_TREATY_IN_EDM,4,InputParam.STSCARI1,RDBList/SaveTreatyInEDM.xml
PEGA_M_TREATY_IN_EDM,5,TreatyIn.ProportionType,RDBList/SaveTreatyInEDM.xml
PEGA_M_TREATY_IN_EDM,6,TreatyIn.TreatyContractName,RDBList/SaveTreatyInEDM.xml
PEGA_M_TREATY_IN_EDM,7,TreatyIn.TeritorialScope,RDBList/SaveTreatyInEDM.xml
PEGA_M_TREATY_IN_EDM,8,TreatyIn.Commencement,RDBList/SaveTreatyInEDM.xml
PEGA_M_TREATY_IN_EDM,9,TreatyIn.Termination,RDBList/SaveTreatyInEDM.xml
PEGA_M_TREATY_IN_EDM,10,TreatyIn.ClassofBusiness,RDBList/SaveTreatyInEDM.xml
PEGA_M_TREATY_IN_EDM,11,TreatyIn.LeadingReinsSource,RDBList/SaveTreatyInEDM.xml
PEGA_M_TREATY_IN_EDM,12,TreatyIn.LeadingReinsSourceID,RDBList/SaveTreatyInEDM.xml
PEGA_M_TREATY_IN_EDM,13,TreatyIn.Ceding,RDBList/SaveTreatyInEDM.xml
PEGA_M_TREATY_IN_EDM,14,TreatyIn.CedingID,RDBList/SaveTreatyInEDM.xml
PEGA_M_TREATY_IN_EDM,15,TreatyIn.LeadingReinsID,RDBList/SaveTreatyInEDM.xml
PEGA_M_TREATY_IN_EDM,16,TreatyIn.NusareSharePct,RDBList/SaveTreatyInEDM.xml
PEGA_M_TREATY_IN_EDM,17,TreatyIn.BrokeragePct,RDBList/SaveTreatyInEDM.xml
PEGA_M_TREATY_IN_EDM,18,TreatyIn.Information,RDBList/SaveTreatyInEDM.xml
PEGA_M_TREATY_IN_EDM,19,TreatyIn.PositionUsername,RDBList/SaveTreatyInEDM.xml
PEGA_M_TREATY_IN_EDM,20,TreatyIn.Position,RDBList/SaveTreatyInEDM.xml
PEGA_M_TREATY_IN_EDM,21,TreatyIn.StatusAkseptasi,RDBList/SaveTreatyInEDM.xml
PEGA_M_TREATY_IN_EDM,22,TreatyIn.ChooseStatusAkseptasi,RDBList/SaveTreatyInEDM.xml
PEGA_M_TREATY_IN_EDM,23,TreatyIn.TreatyYear,RDBList/SaveTreatyInEDM.xml
PEGA_M_TREATY_IN_EDM,24,TreatyIn.EDMState,RDBList/SaveTreatyInEDM.xml
PEGA_M_TREATY_IN_EDM,25,TreatyIn.EDMMaterialType,RDBList/SaveTreatyInEDM.xml
PEGA_M_TREATY_IN_EDM,26,OutputParam.ERRMSG out,RDBList/SaveTreatyInEDM.xml
PEGA_M_TREATY_IN_EDM,27,OutputParam.IDPEGAOUT out,RDBList/SaveTreatyInEDM.xml
PEGA_M_TREATY_IN_EDM,28,OutputParam.STSSAVE out,RDBList/SaveTreatyInEDM.xml
PEGA_TREATY_IN,1,InputParam.DATAPEGA,RDBList/SaveTreatyIn.xml
PEGA_TREATY_IN,2,TreatyIn.ID,RDBList/SaveTreatyIn.xml
PEGA_TREATY_IN,3,TreatyIn.ProportionType,RDBList/SaveTreatyIn.xml
PEGA_TREATY_IN,4,TreatyIn.TreatyContractName,RDBList/SaveTreatyIn.xml
PEGA_TREATY_IN,5,TreatyIn.TeritorialScope,RDBList/SaveTreatyIn.xml
PEGA_TREATY_IN,6,TreatyIn.Commencement,RDBList/SaveTreatyIn.xml
PEGA_TREATY_IN,7,TreatyIn.Termination,RDBList/SaveTreatyIn.xml
PEGA_TREATY_IN,8,TreatyIn.ClassofBusiness,RDBList/SaveTreatyIn.xml
PEGA_TREATY_IN,9,TreatyIn.LeadingReinsSource,RDBList/SaveTreatyIn.xml
PEGA_TREATY_IN,10,TreatyIn.LeadingReinsSourceID,RDBList/SaveTreatyIn.xml
PEGA_TREATY_IN,11,TreatyIn.Ceding,RDBList/SaveTreatyIn.xml
PEGA_TREATY_IN,12,TreatyIn.CedingID,RDBList/SaveTreatyIn.xml
PEGA_TREATY_IN,13,TreatyIn.LeadingReinsID,RDBList/SaveTreatyIn.xml
PEGA_TREATY_IN,14,TreatyIn.NusareSharePct,RDBList/SaveTreatyIn.xml
PEGA_TREATY_IN,15,TreatyIn.BrokeragePct,RDBList/SaveTreatyIn.xml
PEGA_TREATY_IN,16,TreatyIn.Information,RDBList/SaveTreatyIn.xml
PEGA_TREATY_IN,17,TreatyIn.PositionUsername,RDBList/SaveTreatyIn.xml
PEGA_TREATY_IN,18,TreatyIn.Position,RDBList/SaveTreatyIn.xml
PEGA_TREATY_IN,19,TreatyIn.StatusAkseptasi,RDBList/SaveTreatyIn.xml
PEGA_TREATY_IN,20,TreatyIn.ChooseStatusAkseptasi,RDBList/SaveTreatyIn.xml
PEGA_TREATY_IN,21,TreatyIn.TreatyYear,RDBList/SaveTreatyIn.xml
PEGA_TREATY_IN,22,OutputParam.ERRMSG out,RDBList/SaveTreatyIn.xml
PEGA_TREATY_IN,23,OutputParam.IDPEGAOUT out,RDBList/SaveTreatyIn.xml
PEGA_TREATY_IN,24,OutputParam.STSSAVE out,RDBList/SaveTreatyIn.xml
