KELAS_PEGA,PROPERTI,ADA_DI_POHON_DI_TEMPAT_LAIN
ASM-FW-GISFW-Data-LimitSummaryList,Currency,ya
ASM-FW-GISFW-Data-LimitSummaryList,Currency2,ya
ASM-FW-GISFW-Data-LimitSummaryList,Layer,ya
ASM-FW-GISFW-Data-LimitSummaryList,LayerPart,ya
ASM-FW-GISFW-Data-LimitSummaryList,LayerPartType,ya
ASM-FW-GISFW-Data-LimitSummaryList,LayerType,ya
ASM-FW-GISFW-Data-LimitSummaryList,NetPremi,TIDAK
ASM-FW-GISFW-Data-LimitSummaryList,NetPremi2,TIDAK
ASM-FW-GISFW-Data-OfferTreatyIn,Comment,ya
ASM-FW-GISFW-Data-OfferTreatyIn,CommentList,ya
ASM-FW-GISFW-Data-OfferTreatyIn,Currency,ya
ASM-FW-GISFW-Data-OfferTreatyIn,EndDate,TIDAK
ASM-FW-GISFW-Data-OfferTreatyIn,ID,ya
ASM-FW-GISFW-Data-OfferTreatyIn,IDNewBisnis,TIDAK
ASM-FW-GISFW-Data-OfferTreatyIn,OfferTreatyInList,TIDAK
ASM-FW-GISFW-Data-OfferTreatyIn,QuotationData,TIDAK
ASM-FW-GISFW-Data-OfferTreatyIn,StartDate,TIDAK
ASM-FW-GISFW-Data-OfferTreatyIn,Subject,TIDAK
ASM-FW-GISFW-Data-OfferTreatyIn,TreatyYear,ya
ASM-FW-GISFW-Data-OfferTreatyInList,Account,TIDAK
ASM-FW-GISFW-Data-OfferTreatyInList,Amount,ya
ASM-FW-GISFW-Data-OfferTreatyInList,BORDEREAUX,TIDAK
ASM-FW-GISFW-Data-OfferTreatyInList,Currency,ya
ASM-FW-GISFW-Data-OfferTreatyInList,EarnedPremium,TIDAK
ASM-FW-GISFW-Data-OfferTreatyInList,GeneralCondition,TIDAK
ASM-FW-GISFW-Data-OfferTreatyInList,LimitBusinessList,TIDAK
ASM-FW-GISFW-Data-OfferTreatyInList,MinimumDepositPremi,TIDAK
ASM-FW-GISFW-Data-OfferTreatyInList,PctAdjustmentRate,TIDAK
ASM-FW-GISFW-Data-OfferTreatyInList,PctRateOnLine,TIDAK
ASM-FW-GISFW-Data-OfferTreatyInList,PctRatioMinimum,TIDAK
ASM-FW-GISFW-Data-OfferTreatyInList,PortfolioList,TIDAK
ASM-FW-GISFW-Data-OfferTreatyInList,Reinstatement,TIDAK
ASM-FW-GISFW-Data-OfferTreatyInList,ReinsuranceType,TIDAK
ASM-FW-GISFW-Data-OfferTreatyInList,TerritorialScope,TIDAK
ASM-FW-GISFW-Data-PolicyTreatyIn,ClaimType,TIDAK
ASM-FW-GISFW-Data-Quotation,BusinessFac,TIDAK
ASM-FW-GISFW-Data-Quotation,InsuredID,TIDAK
ASM-FW-GISFW-Data-Quotation,InsuredName,TIDAK
ASM-FW-GISFW-Data-Quotation,SobName,TIDAK
ASM-FW-GISFW-Data-Quotation,SourceOfBusiness,TIDAK
ASM-FW-GISFW-Data-Search,CAIREINSFACIN,TIDAK
ASM-FW-GISFW-Data-Search,CARI1,TIDAK
ASM-FW-GISFW-Data-Search,CARI10,TIDAK
ASM-FW-GISFW-Data-Search,CARI11,TIDAK
ASM-FW-GISFW-Data-Search,CARI12,TIDAK
ASM-FW-GISFW-Data-Search,CARI13,TIDAK
ASM-FW-GISFW-Data-Search,CARI14,TIDAK
ASM-FW-GISFW-Data-Search,CARI15,TIDAK
ASM-FW-GISFW-Data-Search,CARI2,TIDAK
ASM-FW-GISFW-Data-Search,CARI3,TIDAK
ASM-FW-GISFW-Data-Search,CARI30,TIDAK
ASM-FW-GISFW-Data-Search,CARI31,TIDAK
ASM-FW-GISFW-Data-Search,CARI4,TIDAK
ASM-FW-GISFW-Data-Search,CARI40,TIDAK
ASM-FW-GISFW-Data-Search,CARI41,TIDAK
ASM-FW-GISFW-Data-Search,CARI5,TIDAK
ASM-FW-GISFW-Data-Search,CARI50,TIDAK
ASM-FW-GISFW-Data-Search,CARI51,TIDAK
ASM-FW-GISFW-Data-Search,CARI52,TIDAK
ASM-FW-GISFW-Data-Search,CARI53,TIDAK
ASM-FW-GISFW-Data-Search,CARI6,TIDAK
ASM-FW-GISFW-Data-Search,CARI7,TIDAK
ASM-FW-GISFW-Data-Search,CARI8,TIDAK
ASM-FW-GISFW-Data-Search,CARI9,TIDAK
ASM-FW-GISFW-Data-Search,CARID1,TIDAK
ASM-FW-GISFW-Data-Search,CARID2,TIDAK
ASM-FW-GISFW-Data-Search,CARIDESC,TIDAK
ASM-FW-GISFW-Data-Search,CARIREINSTYPE,TIDAK
ASM-FW-GISFW-Data-Search,CARISTATUSACCEPT,TIDAK
ASM-FW-GISFW-Data-Search,HASIL1,TIDAK
ASM-FW-GISFW-Data-SuggestList,ConvertDate,TIDAK
ASM-FW-GISFW-Data-TreatyInAccountReport,AutoCalculate,TIDAK
ASM-FW-GISFW-Data-TreatyInAccumulation,SubDays,TIDAK
ASM-FW-GISFW-Data-TreatyInAccumulation,SubDueDate,TIDAK
ASM-FW-GISFW-Data-TreatyInAchievement,BROKERAGE,TIDAK
ASM-FW-GISFW-Data-TreatyInAchievement,CASHCALL,TIDAK
ASM-FW-GISFW-Data-TreatyInAchievement,CASHCALLtoIDR,TIDAK
ASM-FW-GISFW-Data-TreatyInAchievement,Conversion,ya
ASM-FW-GISFW-Data-TreatyInAchievement,Currency,ya
ASM-FW-GISFW-Data-TreatyInAchievement,CurrencyID,ya
ASM-FW-GISFW-Data-TreatyInAchievement,EstimationCASHCALL,TIDAK
ASM-FW-GISFW-Data-TreatyInAchievement,EstimationCASHCALLtoIDR,TIDAK
ASM-FW-GISFW-Data-TreatyInAchievement,FlagTreaty,TIDAK
ASM-FW-GISFW-Data-TreatyInAchievement,IDPEGA,TIDAK
ASM-FW-GISFW-Data-TreatyInAchievement,IncuredClaim,TIDAK
ASM-FW-GISFW-Data-TreatyInAchievement,IncuredClaimtoIDR,TIDAK
ASM-FW-GISFW-Data-TreatyInAchievement,LossRatio,TIDAK
ASM-FW-GISFW-Data-TreatyInAchievement,NETPREMIUM,TIDAK
ASM-FW-GISFW-Data-TreatyInAchievement,NETPREMIUMtoIDR,TIDAK
ASM-FW-GISFW-Data-TreatyInAchievement,NOOFFER,TIDAK
ASM-FW-GISFW-Data-TreatyInAchievement,NOPOLIS,TIDAK
ASM-FW-GISFW-Data-TreatyInAchievement,OutstandingCASHCALL,TIDAK
ASM-FW-GISFW-Data-TreatyInAchievement,OutstandingCASHCALLtoIDR,TIDAK
ASM-FW-GISFW-Data-TreatyInAchievement,OutstandingClaim,TIDAK
ASM-FW-GISFW-Data-TreatyInAchievement,OutstandingClaimtoIDR,TIDAK
ASM-FW-GISFW-Data-TreatyInAchievement,PREMIUM,TIDAK
ASM-FW-GISFW-Data-TreatyInAchievement,PREMIUMtoIDR,TIDAK
ASM-FW-GISFW-Data-TreatyInAchievement,PaidClaim,TIDAK
ASM-FW-GISFW-Data-TreatyInAchievement,PaidClaimtoIDR,TIDAK
ASM-FW-GISFW-Data-TreatyInAchievement,Period,ya
ASM-FW-GISFW-Data-TreatyInAchievement,QUARTERYEAR,TIDAK
ASM-FW-GISFW-Data-TreatyInAchievement,Quarter,TIDAK
ASM-FW-GISFW-Data-TreatyInAchievement,RICOMM,TIDAK
ASM-FW-GISFW-Data-TreatyInAchievement,SOBNAME,TIDAK
ASM-FW-GISFW-Data-TreatyInAchievement,TREATYGROUPNAME,TIDAK
ASM-FW-GISFW-Data-TreatyInAchievement,TREATYTYPE,TIDAK
ASM-FW-GISFW-Data-TreatyInAchievement,Total,TIDAK
ASM-FW-GISFW-Data-TreatyInAchievement,TotalAchievCASHCALL,TIDAK
ASM-FW-GISFW-Data-TreatyInAchievement,TotalAchievEstCASHCALL,TIDAK
ASM-FW-GISFW-Data-TreatyInAchievement,TotalAchievIncured,TIDAK
ASM-FW-GISFW-Data-TreatyInAchievement,TotalAchievNetPremium,TIDAK
ASM-FW-GISFW-Data-TreatyInAchievement,TotalAchievOsCASHCALL,TIDAK
ASM-FW-GISFW-Data-TreatyInAchievement,TotalAchievOsClaim,TIDAK
ASM-FW-GISFW-Data-TreatyInAchievement,TotalAchievOuts,TIDAK
ASM-FW-GISFW-Data-TreatyInAchievement,TotalAchievPaid,TIDAK
ASM-FW-GISFW-Data-TreatyInAchievement,TotalAchievPremium,TIDAK
ASM-FW-GISFW-Data-TreatyInAchievement,TotalAfterClaim,TIDAK
ASM-FW-GISFW-Data-TreatyInAchievement,TotaltoIDR,TIDAK
ASM-FW-GISFW-Data-TreatyInAchievement,Value,ya
ASM-FW-GISFW-Data-TreatyInBusinessLimit,Amount2,ya
ASM-FW-GISFW-Data-TreatyInBusinessLimit,AmountEPI,TIDAK
ASM-FW-GISFW-Data-TreatyInBusinessLimit,AmountRetention,TIDAK
ASM-FW-GISFW-Data-TreatyInBusinessLimit,BusinessList,TIDAK
ASM-FW-GISFW-Data-TreatyInBusinessLimit,CashLossLimit,TIDAK
ASM-FW-GISFW-Data-TreatyInBusinessLimit,CessionLimitList,TIDAK
ASM-FW-GISFW-Data-TreatyInBusinessLimit,ClaimCooperation,TIDAK
ASM-FW-GISFW-Data-TreatyInBusinessLimit,CommisionList,TIDAK
ASM-FW-GISFW-Data-TreatyInBusinessLimit,Currency,ya
ASM-FW-GISFW-Data-TreatyInBusinessLimit,CurrencyEPI,TIDAK
ASM-FW-GISFW-Data-TreatyInBusinessLimit,Description,ya
ASM-FW-GISFW-Data-TreatyInBusinessLimit,ExclusionList,TIDAK
ASM-FW-GISFW-Data-TreatyInBusinessLimit,NusantaraReShare,TIDAK
ASM-FW-GISFW-Data-TreatyInBusinessLimit,PreliminaryLossAdvice,TIDAK
ASM-FW-GISFW-Data-TreatyInBusinessLimit,ProfitCommisionList,TIDAK
ASM-FW-GISFW-Data-TreatyInBusinessLimit,SpecialConditionList,TIDAK
ASM-FW-GISFW-Data-TreatyInBusinessLimit,TreatyGroup,ya
ASM-FW-GISFW-Data-TreatyInBusinessLimit,TreatyLimits,TIDAK
ASM-FW-GISFW-Data-TreatyInCessionLimit,Amount,ya
ASM-FW-GISFW-Data-TreatyInCessionLimit,Currency,ya
ASM-FW-GISFW-Data-TreatyInCoInScale,CoInShare,TIDAK
ASM-FW-GISFW-Data-TreatyInCoInScale,PctLimit,TIDAK
ASM-FW-GISFW-Data-TreatyInCommision,Amount,ya
ASM-FW-GISFW-Data-TreatyInCommision,Method,TIDAK
ASM-FW-GISFW-Data-TreatyInCurrencyList,AchievementPctGross,TIDAK
ASM-FW-GISFW-Data-TreatyInCurrencyList,LossRatioGross,TIDAK
ASM-FW-GISFW-Data-TreatyInCurrencyList,Parameter,TIDAK
ASM-FW-GISFW-Data-TreatyInDeduction,CurrencyID,ya
ASM-FW-GISFW-Data-TreatyInDeduction,DeductionPctCalculate,TIDAK
ASM-FW-GISFW-Data-TreatyInEGNPI,ClassOfBusiness,ya
ASM-FW-GISFW-Data-TreatyInEGNPI,Note,ya
ASM-FW-GISFW-Data-TreatyInInstallment,Amount,ya
ASM-FW-GISFW-Data-TreatyInInstallment,AmountTotal,TIDAK
ASM-FW-GISFW-Data-TreatyInInstallment,ID,ya
ASM-FW-GISFW-Data-TreatyInInstallment,PctTotal,TIDAK
ASM-FW-GISFW-Data-TreatyInLimitCash,Amount,ya
ASM-FW-GISFW-Data-TreatyInLimitCash,Currency,ya
ASM-FW-GISFW-Data-TreatyInLimitCash,Line,TIDAK
ASM-FW-GISFW-Data-TreatyInLimitLayer,ClassOfBusiness,ya
ASM-FW-GISFW-Data-TreatyInLimitLayer,ClassOfBusinessID,ya
ASM-FW-GISFW-Data-TreatyInLimitLayer,Cover,ya
ASM-FW-GISFW-Data-TreatyInLimitLayer,Currency,ya
ASM-FW-GISFW-Data-TreatyInLimitLayer,EgnpiCurr,TIDAK
ASM-FW-GISFW-Data-TreatyInLimitLayer,EgnpiVal,TIDAK
ASM-FW-GISFW-Data-TreatyInLimitLayer,ID,ya
ASM-FW-GISFW-Data-TreatyInLimitLayer,IsROLProfile,TIDAK
ASM-FW-GISFW-Data-TreatyInLimitLayer,Layer,ya
ASM-FW-GISFW-Data-TreatyInLimitLayer,MDPList,ya
ASM-FW-GISFW-Data-TreatyInLimits,AddendumStatus,ya
ASM-FW-GISFW-Data-TreatyInLimits,AdditionalPct,TIDAK
ASM-FW-GISFW-Data-TreatyInLimits,AgregateLimit,TIDAK
ASM-FW-GISFW-Data-TreatyInLimits,AgregateLimit2,TIDAK
ASM-FW-GISFW-Data-TreatyInLimits,CurrencyRelation,TIDAK
ASM-FW-GISFW-Data-TreatyInLimits,IsCombineMDP,TIDAK
ASM-FW-GISFW-Data-TreatyInLimits,LayerList,TIDAK
ASM-FW-GISFW-Data-TreatyInLimits,MDP,ya
ASM-FW-GISFW-Data-TreatyInLimits,MDPMinList,TIDAK
ASM-FW-GISFW-Data-TreatyInLimits,MDPMinPct,TIDAK
ASM-FW-GISFW-Data-TreatyInLimits,NoRIPCalculation,TIDAK
ASM-FW-GISFW-Data-TreatyInLimits,PremiumEarned,TIDAK
ASM-FW-GISFW-Data-TreatyInLimits,ReinstatementAmount1,TIDAK
ASM-FW-GISFW-Data-TreatyInLimits,ReinstatementAmount2,TIDAK
ASM-FW-GISFW-Data-TreatyInLimits,ReinstatementNote,TIDAK
ASM-FW-GISFW-Data-TreatyInLimits,SumLossRatio,TIDAK
ASM-FW-GISFW-Data-TreatyInLimits,SumTotalAchievIncured,TIDAK
ASM-FW-GISFW-Data-TreatyInLimits,SumTotalAchievNetPremium,TIDAK
ASM-FW-GISFW-Data-TreatyInLimits,TreatyGroup,ya
ASM-FW-GISFW-Data-TreatyInLimits,TreatyGroupID,ya
ASM-FW-GISFW-Data-TreatyInLimitsDetail,Achievement,TIDAK
ASM-FW-GISFW-Data-TreatyInLimitsDetail,AchievementDate,TIDAK
ASM-FW-GISFW-Data-TreatyInLimitsDetail,AchievementPct,TIDAK
ASM-FW-GISFW-Data-TreatyInLimitsDetail,Brokerage,TIDAK
ASM-FW-GISFW-Data-TreatyInLimitsDetail,CessionListSurplus,TIDAK
ASM-FW-GISFW-Data-TreatyInLimitsDetail,CurrencyAchievement,TIDAK
ASM-FW-GISFW-Data-TreatyInLimitsDetail,CurrencyEarthquake,ya
ASM-FW-GISFW-Data-TreatyInLimitsDetail,CurrencyFloodJab,ya
ASM-FW-GISFW-Data-TreatyInLimitsDetail,CurrencyFloodNat,ya
ASM-FW-GISFW-Data-TreatyInLimitsDetail,CurrencyIOOLimit,TIDAK
ASM-FW-GISFW-Data-TreatyInLimitsDetail,CurrencyList,ya
ASM-FW-GISFW-Data-TreatyInLimitsDetail,CurrencyRSMD,ya
ASM-FW-GISFW-Data-TreatyInLimitsDetail,DeductionList,ya
ASM-FW-GISFW-Data-TreatyInLimitsDetail,DeductionTotalList,ya
ASM-FW-GISFW-Data-TreatyInLimitsDetail,Earthquake,ya
ASM-FW-GISFW-Data-TreatyInLimitsDetail,FloodJab,ya
ASM-FW-GISFW-Data-TreatyInLimitsDetail,FloodNation,ya
ASM-FW-GISFW-Data-TreatyInLimitsDetail,ID,ya
ASM-FW-GISFW-Data-TreatyInLimitsDetail,IOOLimitListSurplus,TIDAK
ASM-FW-GISFW-Data-TreatyInLimitsDetail,IOOPct,TIDAK
ASM-FW-GISFW-Data-TreatyInLimitsDetail,LossRatio,TIDAK
ASM-FW-GISFW-Data-TreatyInLimitsDetail,LowerBand,TIDAK
ASM-FW-GISFW-Data-TreatyInLimitsDetail,ParentID,TIDAK
ASM-FW-GISFW-Data-TreatyInLimitsDetail,Periode,TIDAK
ASM-FW-GISFW-Data-TreatyInLimitsDetail,PremiumReservePct,TIDAK
ASM-FW-GISFW-Data-TreatyInLimitsDetail,RNMSpreadedList,TIDAK
ASM-FW-GISFW-Data-TreatyInLimitsDetail,RNMSpreadedListRI,TIDAK
ASM-FW-GISFW-Data-TreatyInLimitsDetail,RSMDLimit,ya
ASM-FW-GISFW-Data-TreatyInLimitsDetail,ReisuredParticipant,TIDAK
ASM-FW-GISFW-Data-TreatyInLimitsDetail,ReserveList,TIDAK
ASM-FW-GISFW-Data-TreatyInLimitsDetail,RetentionListSurplus,TIDAK
ASM-FW-GISFW-Data-TreatyInLimitsDetail,SpreadingTotalPct,TIDAK
ASM-FW-GISFW-Data-TreatyInLimitsDetail,SpreadingType,TIDAK
ASM-FW-GISFW-Data-TreatyInLimitsDetail,SumLossRatio,TIDAK
ASM-FW-GISFW-Data-TreatyInLimitsDetail,SumTotalAchievIncured,TIDAK
ASM-FW-GISFW-Data-TreatyInLimitsDetail,SumTotalAchievNetPremium,TIDAK
ASM-FW-GISFW-Data-TreatyInLimitsDetail,TotalAchAfterClaim,TIDAK
ASM-FW-GISFW-Data-TreatyInLimitsDetail,TotalAchCASHCALL,TIDAK
ASM-FW-GISFW-Data-TreatyInLimitsDetail,TotalAchEstCASHCALL,TIDAK
ASM-FW-GISFW-Data-TreatyInLimitsDetail,TotalAchIncured,TIDAK
ASM-FW-GISFW-Data-TreatyInLimitsDetail,TotalAchNetPremium,TIDAK
ASM-FW-GISFW-Data-TreatyInLimitsDetail,TotalAchOsCASHCALL,TIDAK
ASM-FW-GISFW-Data-TreatyInLimitsDetail,TotalAchOsClaim,TIDAK
ASM-FW-GISFW-Data-TreatyInLimitsDetail,TotalAchOuts,TIDAK
ASM-FW-GISFW-Data-TreatyInLimitsDetail,TotalAchPaid,TIDAK
ASM-FW-GISFW-Data-TreatyInLimitsDetail,TotalAchPremium,TIDAK
ASM-FW-GISFW-Data-TreatyInLimitsDetail,TotalAchievOuts,TIDAK
ASM-FW-GISFW-Data-TreatyInLimitsDetail,TotalAchievPaid,TIDAK
ASM-FW-GISFW-Data-TreatyInLimitsDetail,TotalAchievPremium,TIDAK
ASM-FW-GISFW-Data-TreatyInLimitsDetail,UpperBand,TIDAK
ASM-FW-GISFW-Data-TreatyInLimitsSpreading,BreakDownSprdList,TIDAK
ASM-FW-GISFW-Data-TreatyInLimitsSpreading,BreakDownSprdListXOL,TIDAK
ASM-FW-GISFW-Data-TreatyInLimitsSpreading,TreatyGroupID,ya
ASM-FW-GISFW-Data-TreatyInProfitCommision,ME,TIDAK
ASM-FW-GISFW-Data-TreatyInProfitCommision,ProfitComm,TIDAK
ASM-FW-GISFW-Data-TreatyInProfitCommision,YDCF,TIDAK
ASM-FW-GISFW-Data-TreatyInRetention,Amount,ya
ASM-FW-GISFW-Data-TreatyInRetention,Currency,ya
ASM-FW-GISFW-Data-TreatyInRetention,CurrencyID,ya
ASM-FW-GISFW-Data-TreatyInRetention,ID,ya
ASM-FW-GISFW-Data-TreatyInRetention,Note,ya
ASM-FW-GISFW-Data-TreatyInRetention,TreatyGroup,ya
ASM-FW-GISFW-Data-TreatyInRetention,TreatyGroupID,ya
ASM-FW-GISFW-Data-TreatyInRetroShare,Note,ya
ASM-FW-GISFW-Data-TreatyInRetroShare,RetroBrokerage,TIDAK
ASM-FW-GISFW-Data-TreatyInRetroShare,RetroCoName,TIDAK
ASM-FW-GISFW-Data-TreatyInRetroShare,RetroMemberList,TIDAK
ASM-FW-GISFW-Data-TreatyInRetroShare,RetroPct,TIDAK
ASM-FW-GISFW-Data-TreatyInRetroShare,RetroSpreadingList,TIDAK
ASM-FW-GISFW-Data-TreatyInRetroShare,RetroTotalPct,TIDAK
ASM-FW-GISFW-Data-TreatyInRetroShare,RetroType,TIDAK
ASM-FW-GISFW-Data-TreatyInRetroShare,RetroTypeID,TIDAK
ASM-FW-GISFW-Data-TreatyInRetroShare,Share,ya
ASM-FW-GISFW-Data-TreatyInRetroShare,ShareSumary,TIDAK
ASM-FW-GISFW-Data-TreatyInRetroShare,TotalDeduction,TIDAK
ASM-FW-GISFW-Data-TreatyInRetroShare,TotalNet,TIDAK
ASM-FW-GISFW-Data-TreatyInRetroShare,TotalNetOR,TIDAK
ASM-FW-GISFW-Data-TreatyInRetroShare,TotalNetRI,TIDAK
ASM-FW-GISFW-Data-TreatyInRetroShare,TotalPremium,TIDAK
ASM-FW-GISFW-Data-TreatyInRetroShare,TotalShare,TIDAK
ASM-FW-GISFW-Data-TreatyInRetroShare,TotalShareOR,TIDAK
ASM-FW-GISFW-Data-TreatyInRetroShare,TotalShareRI,TIDAK
ASM-FW-GISFW-Data-TreatyInShare,Amount,ya
ASM-FW-GISFW-Data-TreatyInShare,Currency,ya
ASM-FW-GISFW-Data-TreatyInShare,GrossPremium,TIDAK
ASM-FW-GISFW-Data-TreatyInShare,IsLayerActive,TIDAK
ASM-FW-GISFW-Data-TreatyInShare,NetPremium,TIDAK
ASM-FW-GISFW-Data-TreatyInShare,NusareLimit,TIDAK
ASM-FW-GISFW-Data-TreatyInShare,ReinsTypeID,ya
ASM-FW-GISFW-Data-TreatyInShare,ReinsTypeName,ya
ASM-FW-GISFW-Data-TreatyInShare,SharePct,ya
ASM-FW-GISFW-Data-TreatyInShare,SpreadingTypeXOLRetro,TIDAK
ASM-FW-GISFW-Data-TreatyInShare,SpreadingTypeXOLRetroID,TIDAK
ASM-FW-GISFW-Data-TreatyInShare,TreatyGroupID,ya
ASM-FW-GISFW-Data-TreatyInShare,TreatyYear,ya
ASM-FW-GISFW-Data-TreatyInShareReins,BrokerID,TIDAK
ASM-FW-GISFW-Data-TreatyInShareReins,Currency,ya
ASM-FW-GISFW-Data-TreatyInShareReins,NetPremiumList,ya
ASM-FW-GISFW-Data-TreatyInShareReins,ReinsuranceListTONP,TIDAK
ASM-FW-GISFW-Data-TreatyInShareReins,TotalShareRnmProp,ya
ASM-FW-GISFW-Data-TreatyInTotal,IDR,TIDAK
ASM-FW-GISFW-Data-TreatyInTotal,Layer,ya
ASM-FW-GISFW-Data-TreatyInTotal,LayerPart,ya
ASM-FW-GISFW-Data-TreatyInTotal,LayerPartType,ya
ASM-FW-GISFW-Data-TreatyInTotal,LayerType,ya
ASM-FW-GISFW-Data-TreatyInTotal,Note,ya
ASM-FW-GISFW-Data-TreatyInTotal,USD,TIDAK
ASM-FW-GISFW-Int-AGENT,AgentType2,TIDAK
ASM-FW-GISFW-Int-AGENT,BU_ID,TIDAK
ASM-FW-GISFW-Int-AGENT,Cause,TIDAK
ASM-FW-GISFW-Int-AGENT,ChildCount,TIDAK
ASM-FW-GISFW-Int-AGENT,ClientID,TIDAK
ASM-FW-GISFW-Int-AGENT,ClientName,TIDAK
ASM-FW-GISFW-Int-AGENT,CountryID,TIDAK
ASM-FW-GISFW-Int-AGENT,CountryName,TIDAK
ASM-FW-GISFW-Int-AGENT,ID,ya
ASM-FW-GISFW-Int-AGENT,Leader0,TIDAK
ASM-FW-GISFW-Int-AGENT,OtherCause,TIDAK
ASM-FW-GISFW-Int-AGENT,RemarkStatus,TIDAK
ASM-FW-GISFW-Int-AGENT,Remarks,TIDAK
ASM-FW-GISFW-Int-AGENT,STS_PKP,TIDAK
ASM-FW-GISFW-Int-AGENT,StatusActive,TIDAK
ASM-FW-GISFW-Int-AGENT,UpdateTime,TIDAK
ASM-FW-GISFW-Int-AGENT,UpdateUser,TIDAK
ASM-FW-GISFW-Int-B2B_CLIENT,AttachmentList,TIDAK
ASM-FW-GISFW-Int-BANKACCOUNT,CURRENCY,TIDAK
ASM-FW-GISFW-Int-BUSINESS,BusinessGroupID,TIDAK
ASM-FW-GISFW-Int-BUSINESS,BusinessGroupName,TIDAK
ASM-FW-GISFW-Int-BUSINESS,ContentNote,TIDAK
ASM-FW-GISFW-Int-BUSINESS,DeductableCost,TIDAK
ASM-FW-GISFW-Int-BUSINESS,EndorseCost,TIDAK
ASM-FW-GISFW-Int-BUSINESS,GroupPanel,TIDAK
ASM-FW-GISFW-Int-BUSINESS,ID,ya
ASM-FW-GISFW-Int-BUSINESS,MaxDisc,TIDAK
ASM-FW-GISFW-Int-BUSINESS,MinPremi,TIDAK
ASM-FW-GISFW-Int-BUSINESS,Note,ya
ASM-FW-GISFW-Int-BUSINESS,NoteINA,TIDAK
ASM-FW-GISFW-Int-BUSINESS,NoteING,TIDAK
ASM-FW-GISFW-Int-BUSINESS,OLDID,ya
ASM-FW-GISFW-Int-BUSINESS,PolicyCost,TIDAK
ASM-FW-GISFW-Int-BUSINESS,StampEndorse,TIDAK
ASM-FW-GISFW-Int-BUSINESS,StampPolicy,TIDAK
ASM-FW-GISFW-Int-BUSINESS,StatusRandomTF,TIDAK
ASM-FW-GISFW-Int-BUSINESS,StatusSyariah,TIDAK
ASM-FW-GISFW-Int-BUSINESSGROUP,AliasName,TIDAK
ASM-FW-GISFW-Int-BUSINESSGROUP,ID,ya
ASM-FW-GISFW-Int-BUSINESSGROUP,Note,ya
ASM-FW-GISFW-Int-BUSINESSGROUP,TOPID,TIDAK
ASM-FW-GISFW-Int-BUSINESSGROUP,TreatyName,TIDAK
ASM-FW-GISFW-Int-CLAUSE,Info,TIDAK
ASM-FW-GISFW-Int-CLIENT,BU_ID,TIDAK
ASM-FW-GISFW-Int-CLIENT,BU_Note,TIDAK
ASM-FW-GISFW-Int-CLIENT,ID,ya
ASM-FW-GISFW-Int-CLIENT,Name,TIDAK
ASM-FW-GISFW-Int-CURRENCY,CountryID,TIDAK
ASM-FW-GISFW-Int-CURRENCY,CountryName,TIDAK
ASM-FW-GISFW-Int-CURRENCY,Currency,ya
ASM-FW-GISFW-Int-CURRENCY,CurrencySymbol,TIDAK
ASM-FW-GISFW-Int-CURRENCY,ID,ya
ASM-FW-GISFW-Int-CURRENCY,ISOSymbol,TIDAK
ASM-FW-GISFW-Int-CURRENCY,Note,ya
ASM-FW-GISFW-Int-CURRENCY,OLDID,ya
ASM-FW-GISFW-Int-DOCUMENT_POLIS,IDPEGA,TIDAK
ASM-FW-GISFW-Int-DOCUMENT_POLIS,KATEGORI_2,TIDAK
ASM-FW-GISFW-Int-M_LINK_SERVICE,KATEGORI_1,TIDAK
ASM-FW-GISFW-Int-M_LINK_SERVICE,KATEGORI_2,TIDAK
ASM-FW-GISFW-Int-M_LINK_SERVICE,URL,TIDAK
ASM-FW-GISFW-Int-OFFERJSON,CountAttach,TIDAK
ASM-FW-GISFW-Int-OFFERJSON,NOTE,TIDAK
ASM-FW-GISFW-Int-PROPORTIONALARRG,ID,ya
ASM-FW-GISFW-Int-PROPORTIONALARRG,Line,TIDAK
ASM-FW-GISFW-Int-PROPORTIONALARRG,ParentReinsTypeID,ya
ASM-FW-GISFW-Int-PROPORTIONALARRG,Pct,ya
ASM-FW-GISFW-Int-PROPORTIONALARRG,ReinsTypeID,ya
ASM-FW-GISFW-Int-PROPORTIONALARRG,ReinsTypeName,ya
ASM-FW-GISFW-Int-PROPORTIONALARRG,Rp,ya
ASM-FW-GISFW-Int-PROPORTIONALARRG,TreatyDescID,TIDAK
ASM-FW-GISFW-Int-PROPORTIONALARRG,TreatyGroupID,ya
ASM-FW-GISFW-Int-PROPORTIONALARRG,TreatyYear,ya
ASM-FW-GISFW-Int-PROPORTIONALARRG,TreatyYearID,TIDAK
ASM-FW-GISFW-Int-PROPORTIONALARRG,Usd,ya
ASM-FW-GISFW-Int-Param,DATAPEGA,TIDAK
ASM-FW-GISFW-Int-Param,DATASHOW,TIDAK
ASM-FW-GISFW-Int-Param,ERRMSG,TIDAK
ASM-FW-GISFW-Int-Param,IDPEGA,TIDAK
ASM-FW-GISFW-Int-Param,IDPEGAOUT,TIDAK
ASM-FW-GISFW-Int-Param,OLDIDPEGA,TIDAK
ASM-FW-GISFW-Int-Param,STSCARI1,TIDAK
ASM-FW-GISFW-Int-Param,STSSAVE,TIDAK
ASM-FW-GISFW-Int-REINSURANCETYPE,Code,TIDAK
ASM-FW-GISFW-Int-REINSURANCETYPE,Flag,TIDAK
ASM-FW-GISFW-Int-REINSURANCETYPE,ID,ya
ASM-FW-GISFW-Int-REINSURANCETYPE,Note,ya
ASM-FW-GISFW-Int-REINSURANCETYPE,SOANote,TIDAK
ASM-FW-GISFW-Int-REINSURANCETYPE,Type,ya
ASM-FW-GISFW-Int-REINSURANCETYPE,UserID,TIDAK
ASM-FW-GISFW-Int-TREATYBUSINESS,BIZNAME,TIDAK
ASM-FW-GISFW-Int-TREATYBUSINESS,BizCode,TIDAK
ASM-FW-GISFW-Int-TREATYBUSINESS,TreatyGroupID,ya
ASM-FW-GISFW-Int-TREATYBUSINESS,TreatyGroupName,TIDAK
ASM-FW-GISFW-Int-TREATYEXCHANGEYEARLY,Currency,ya
ASM-FW-GISFW-Int-TREATYEXCHANGEYEARLY,DateIU,TIDAK
ASM-FW-GISFW-Int-TREATYEXCHANGEYEARLY,EndDate,TIDAK
ASM-FW-GISFW-Int-TREATYEXCHANGEYEARLY,ID,ya
ASM-FW-GISFW-Int-TREATYEXCHANGEYEARLY,IDCurrency,TIDAK
ASM-FW-GISFW-Int-TREATYEXCHANGEYEARLY,Quarter,TIDAK
ASM-FW-GISFW-Int-TREATYEXCHANGEYEARLY,QurrencyID,TIDAK
ASM-FW-GISFW-Int-TREATYEXCHANGEYEARLY,StartDate,TIDAK
ASM-FW-GISFW-Int-TREATYEXCHANGEYEARLY,ToIDR,TIDAK
ASM-FW-GISFW-Int-TREATYEXCHANGEYEARLY,ToUSD,TIDAK
ASM-FW-GISFW-Int-TREATYEXCHANGEYEARLY,TreatyYear,ya
ASM-FW-GISFW-Int-TREATYEXCHANGEYEARLY,UserID,TIDAK
ASM-FW-GISFW-Int-TREATYGROUP,ID,ya
ASM-FW-GISFW-Int-TREATYGROUP,OJKBusinessID,TIDAK
ASM-FW-GISFW-Int-TREATYGROUP,OJKBusinessName,TIDAK
ASM-FW-GISFW-Int-TREATYGROUP,OJKBusinessNameIDN,TIDAK
ASM-FW-GISFW-Int-TREATYGROUP,TreatyGroupName,TIDAK
ASM-FW-GISFW-Int-TREATYGROUP,TreatyGroupSOAName,TIDAK
ASM-FW-GISFW-Int-TREATYINDETAIL,ADJUSMENT_RATE,TIDAK
ASM-FW-GISFW-Int-TREATYINDETAIL,BROKERAGE,TIDAK
ASM-FW-GISFW-Int-TREATYINDETAIL,CEDING,TIDAK
ASM-FW-GISFW-Int-TREATYINDETAIL,CEDINGID,TIDAK
ASM-FW-GISFW-Int-TREATYINDETAIL,CESSIONCURRENCY,TIDAK
ASM-FW-GISFW-Int-TREATYINDETAIL,CESSIONVALUE,TIDAK
ASM-FW-GISFW-Int-TREATYINDETAIL,CURRENCYID,TIDAK
ASM-FW-GISFW-Int-TREATYINDETAIL,CURRENCY_EQ,TIDAK
ASM-FW-GISFW-Int-TREATYINDETAIL,CURRENCY_FLOOD_JABO,TIDAK
ASM-FW-GISFW-Int-TREATYINDETAIL,CURRENCY_FLOOD_NATION,TIDAK
ASM-FW-GISFW-Int-TREATYINDETAIL,CURRENCY_RSMD,TIDAK
ASM-FW-GISFW-Int-TREATYINDETAIL,DEDUCTIBLE,TIDAK
ASM-FW-GISFW-Int-TREATYINDETAIL,DEDUCTIBLE2,TIDAK
ASM-FW-GISFW-Int-TREATYINDETAIL,DEDUCTION1,TIDAK
ASM-FW-GISFW-Int-TREATYINDETAIL,DEDUCTION2,TIDAK
ASM-FW-GISFW-Int-TREATYINDETAIL,EPICURRENCY,TIDAK
ASM-FW-GISFW-Int-TREATYINDETAIL,EPIVALUE,TIDAK
ASM-FW-GISFW-Int-TREATYINDETAIL,INSTALLMENT,TIDAK
ASM-FW-GISFW-Int-TREATYINDETAIL,INSTALLMENTNO,TIDAK
ASM-FW-GISFW-Int-TREATYINDETAIL,LAYER,TIDAK
ASM-FW-GISFW-Int-TREATYINDETAIL,LAYERPART,TIDAK
ASM-FW-GISFW-Int-TREATYINDETAIL,LAYERPARTTYPE,TIDAK
ASM-FW-GISFW-Int-TREATYINDETAIL,LAYERTYPE,TIDAK
ASM-FW-GISFW-Int-TREATYINDETAIL,LIMITCURRENCY,TIDAK
ASM-FW-GISFW-Int-TREATYINDETAIL,LIMITVALUE,TIDAK
ASM-FW-GISFW-Int-TREATYINDETAIL,LIMIT_EQ,TIDAK
ASM-FW-GISFW-Int-TREATYINDETAIL,LIMIT_FLOOD_JABO,TIDAK
ASM-FW-GISFW-Int-TREATYINDETAIL,LIMIT_FLOOD_NATION,TIDAK
ASM-FW-GISFW-Int-TREATYINDETAIL,LIMIT_RSMD,TIDAK
ASM-FW-GISFW-Int-TREATYINDETAIL,MDP,ya
ASM-FW-GISFW-Int-TREATYINDETAIL,MDPCURRENCY,TIDAK
ASM-FW-GISFW-Int-TREATYINDETAIL,MDPVALUE,TIDAK
ASM-FW-GISFW-Int-TREATYINDETAIL,MDP_PCT,TIDAK
ASM-FW-GISFW-Int-TREATYINDETAIL,NETPREMICURRENCY,TIDAK
ASM-FW-GISFW-Int-TREATYINDETAIL,NETPREMIVALUE,TIDAK
ASM-FW-GISFW-Int-TREATYINDETAIL,PREMIUM_EARNED,TIDAK
ASM-FW-GISFW-Int-TREATYINDETAIL,PROPORTIONTYPE,TIDAK
ASM-FW-GISFW-Int-TREATYINDETAIL,QS_OR,TIDAK
ASM-FW-GISFW-Int-TREATYINDETAIL,QS_PCT,TIDAK
ASM-FW-GISFW-Int-TREATYINDETAIL,QS_RI,TIDAK
ASM-FW-GISFW-Int-TREATYINDETAIL,RETENTIONCURRENCY,TIDAK
ASM-FW-GISFW-Int-TREATYINDETAIL,RETENTIONVALUE,TIDAK
ASM-FW-GISFW-Int-TREATYINDETAIL,RIOGR,ya
ASM-FW-GISFW-Int-TREATYINDETAIL,RIONR,ya
ASM-FW-GISFW-Int-TREATYINDETAIL,RNM_SHARE,TIDAK
ASM-FW-GISFW-Int-TREATYINDETAIL,ROL_PCT,TIDAK
ASM-FW-GISFW-Int-TREATYINDETAIL,SHARECURRENCY,TIDAK
ASM-FW-GISFW-Int-TREATYINDETAIL,SHAREVALUE,TIDAK
ASM-FW-GISFW-Int-TREATYINDETAIL,SOB,TIDAK
ASM-FW-GISFW-Int-TREATYINDETAIL,SOBID,TIDAK
ASM-FW-GISFW-Int-TREATYINDETAIL,SPL_LINE,TIDAK
ASM-FW-GISFW-Int-TREATYINDETAIL,SPREADINGTYPE,TIDAK
ASM-FW-GISFW-Int-TREATYINDETAIL,SPREADINGTYPEID,TIDAK
ASM-FW-GISFW-Int-TREATYINDETAIL,SPREAD_RNM_SHARE_PCT,TIDAK
ASM-FW-GISFW-Int-TREATYINDETAIL,SPREAD_RNM_SHARE_VALUE,TIDAK
ASM-FW-GISFW-Int-TREATYINDETAIL,TREATYCONTRACTNAME,TIDAK
ASM-FW-GISFW-Int-TREATYINDETAIL,TREATYGROUP,TIDAK
ASM-FW-GISFW-Int-TREATYINDETAIL,TREATYGROUPID,TIDAK
ASM-FW-GISFW-Int-TREATYINDETAIL,TREATYID,TIDAK
ASM-FW-GISFW-Int-TREATYINDETAIL,TREATYTYPE,TIDAK
ASM-FW-GISFW-Int-TREATYINDETAIL,TREATYYEAR,TIDAK
ASM-FW-GISFW-Int-TREATYINOFFER,BROKERAGEPCT,TIDAK
ASM-FW-GISFW-Int-TREATYINOFFER,CEDINGNAME,TIDAK
ASM-FW-GISFW-Int-TREATYINOFFER,CLASSOFBUSINESS,TIDAK
ASM-FW-GISFW-Int-TREATYINOFFER,CLASSOFBUSINESSID,TIDAK
ASM-FW-GISFW-Int-TREATYINOFFER,CURRENCYSHARE,TIDAK
ASM-FW-GISFW-Int-TREATYINOFFER,ENDDATE,TIDAK
ASM-FW-GISFW-Int-TREATYINOFFER,IDPEGA,TIDAK
ASM-FW-GISFW-Int-TREATYINOFFER,LAYER,TIDAK
ASM-FW-GISFW-Int-TREATYINOFFER,LAYERPART,TIDAK
ASM-FW-GISFW-Int-TREATYINOFFER,LAYERPARTTYPE,TIDAK
ASM-FW-GISFW-Int-TREATYINOFFER,LAYERTYPE,TIDAK
ASM-FW-GISFW-Int-TREATYINOFFER,LIMITSCURRENCY,TIDAK
ASM-FW-GISFW-Int-TREATYINOFFER,LIMITSCURRENCY2,TIDAK
ASM-FW-GISFW-Int-TREATYINOFFER,LIMITSVALUE,TIDAK
ASM-FW-GISFW-Int-TREATYINOFFER,LIMITSVALUE2,TIDAK
ASM-FW-GISFW-Int-TREATYINOFFER,METHOD,TIDAK
ASM-FW-GISFW-Int-TREATYINOFFER,NOOFFER,TIDAK
ASM-FW-GISFW-Int-TREATYINOFFER,PROPORTIONTYPE,TIDAK
ASM-FW-GISFW-Int-TREATYINOFFER,RICOMMCURRENCY,TIDAK
ASM-FW-GISFW-Int-TREATYINOFFER,RICOMMPCT,TIDAK
ASM-FW-GISFW-Int-TREATYINOFFER,RICOMMVALUE,TIDAK
ASM-FW-GISFW-Int-TREATYINOFFER,SHAREPCT,TIDAK
ASM-FW-GISFW-Int-TREATYINOFFER,SHAREVALUE,TIDAK
ASM-FW-GISFW-Int-TREATYINOFFER,SOBNAME,TIDAK
ASM-FW-GISFW-Int-TREATYINOFFER,STARTDATE,TIDAK
ASM-FW-GISFW-Int-TREATYINOFFER,TREATYGROUP,TIDAK
ASM-FW-GISFW-Int-TREATYINOFFER,TREATYTYPE,TIDAK
ASM-FW-GISFW-Int-TREATYREINSURER,CLIENTID,TIDAK
ASM-FW-GISFW-Int-TREATYREINSURER,EndDate,TIDAK
ASM-FW-GISFW-Int-TREATYREINSURER,ID,ya
ASM-FW-GISFW-Int-TREATYREINSURER,IUDate,TIDAK
ASM-FW-GISFW-Int-TREATYREINSURER,NAME,TIDAK
ASM-FW-GISFW-Int-TREATYREINSURER,OperatorName,ya
ASM-FW-GISFW-Int-TREATYREINSURER,PctShare,TIDAK
ASM-FW-GISFW-Int-TREATYREINSURER,ReinsTypeID,ya
ASM-FW-GISFW-Int-TREATYREINSURER,ReinsTypeName,ya
ASM-FW-GISFW-Int-TREATYREINSURER,ReinsurerID,TIDAK
ASM-FW-GISFW-Int-TREATYREINSURER,Ricomm,TIDAK
ASM-FW-GISFW-Int-TREATYREINSURER,StartDate,TIDAK
ASM-FW-GISFW-Int-TREATYREINSURER,StatusOn,TIDAK
ASM-FW-GISFW-Int-TREATYREINSURER,StdRating,TIDAK
ASM-FW-GISFW-Int-TREATYREINSURER,TreatyGroupID,ya
ASM-FW-GISFW-Int-TREATYREINSURER,TreatyGroupName,TIDAK
ASM-FW-GISFW-Int-TREATYREINSURER,TreatyYear,ya
ASM-FW-GISFW-Int-TREATYREINSURER,UserId,TIDAK
ASM-FW-GISFW-Int-TREATYYEAR,EndDate,TIDAK
ASM-FW-GISFW-Int-TREATYYEAR,StartDate,TIDAK
ASM-FW-GISFW-Int-T_STORAGE_IMAGE,App,TIDAK
ASM-FW-GISFW-Int-T_STORAGE_IMAGE,DateTime,TIDAK
ASM-FW-GISFW-Int-T_STORAGE_IMAGE,Durasi,TIDAK
ASM-FW-GISFW-Int-T_STORAGE_IMAGE,Folder,TIDAK
ASM-FW-GISFW-Int-T_STORAGE_IMAGE,Image,TIDAK
ASM-FW-GISFW-Int-T_STORAGE_IMAGE,ImageID,TIDAK
ASM-FW-GISFW-Int-T_STORAGE_IMAGE,JSON,TIDAK
ASM-FW-GISFW-Int-T_STORAGE_IMAGE,Kodestring,TIDAK
ASM-FW-GISFW-Int-T_STORAGE_IMAGE,MimeType,TIDAK
ASM-FW-GISFW-Int-T_STORAGE_IMAGE,Namafile,TIDAK
ASM-FW-GISFW-Int-T_STORAGE_IMAGE,Response,TIDAK
ASM-FW-GISFW-Int-T_STORAGE_IMAGE,URLImage,TIDAK
ASM-FW-GISFW-Int-T_STORAGE_IMAGE,appfolder,TIDAK
ASM-FW-GISFW-Int-T_STORAGE_IMAGE,exp,TIDAK
ASM-FW-GISFW-Int-T_STORAGE_IMAGE,ext,TIDAK
ASM-FW-GISFW-Int-treaty_in_edm,Ceding,ya
ASM-FW-GISFW-Int-treaty_in_edm,CedingID,ya
ASM-FW-GISFW-Int-treaty_in_edm,ChooseStatusAkseptasi,ya
ASM-FW-GISFW-Int-treaty_in_edm,ClassOfBusiness,ya
ASM-FW-GISFW-Int-treaty_in_edm,Commencement,ya
ASM-FW-GISFW-Int-treaty_in_edm,EDMDate,TIDAK
ASM-FW-GISFW-Int-treaty_in_edm,EDMMaterialType,ya
ASM-FW-GISFW-Int-treaty_in_edm,EDMState,ya
ASM-FW-GISFW-Int-treaty_in_edm,ID,ya
ASM-FW-GISFW-Int-treaty_in_edm,Information,ya
ASM-FW-GISFW-Int-treaty_in_edm,LeadingReinsSource,ya
ASM-FW-GISFW-Int-treaty_in_edm,LeadingReinsSourceID,ya
ASM-FW-GISFW-Int-treaty_in_edm,OLDID,ya
ASM-FW-GISFW-Int-treaty_in_edm,Position,ya
ASM-FW-GISFW-Int-treaty_in_edm,PositionUsername,ya
ASM-FW-GISFW-Int-treaty_in_edm,ProportionType,ya
ASM-FW-GISFW-Int-treaty_in_edm,StatusAkseptasi,ya
ASM-FW-GISFW-Int-treaty_in_edm,Termination,ya
ASM-FW-GISFW-Int-treaty_in_edm,TreatyContractName,ya
ASM-FW-GISFW-Work,PolicyTreatyIn,TIDAK
ASM-FW-GISFW-Work-NB,Quotation,TIDAK
