sumber,req_id,owner,object_name,object_type,column_name,column_id,data_type,data_length,data_precision,data_scale,nullable,data_default,is_pk,is_unique,index_name,catatan
DDL_SQL,DDL-WORK-2026-09-18,DATAPEGA,PC_ASM_FW_GCNMFW_WORK,TABLE,PXCOMMITDATETIME,1,TIMESTAMP,6,,,Y,,,,PC_ASM_FW_GCNMFW_WORK_PK;PC_WORK_IDX1_2AED8;PC_WORK_IDX2_2AED8,kolom bawaan Pega
DDL_SQL,DDL-WORK-2026-09-18,DATAPEGA,PC_ASM_FW_GCNMFW_WORK,TABLE,PXSAVEDATETIME,2,TIMESTAMP,6,,,Y,,,,PC_ASM_FW_GCNMFW_WORK_PK;PC_WORK_IDX1_2AED8;PC_WORK_IDX2_2AED8,kolom bawaan Pega
DDL_SQL,DDL-WORK-2026-09-18,DATAPEGA,PC_ASM_FW_GCNMFW_WORK,TABLE,PXCOVERINSKEY,3,VARCHAR2,255,,,Y,,,,PC_ASM_FW_GCNMFW_WORK_PK;PC_WORK_IDX1_2AED8;PC_WORK_IDX2_2AED8,kolom bawaan Pega
DDL_SQL,DDL-WORK-2026-09-18,DATAPEGA,PC_ASM_FW_GCNMFW_WORK,TABLE,PXCOVEREDCOUNT,4,NUMBER,,18,0,Y,,,,PC_ASM_FW_GCNMFW_WORK_PK;PC_WORK_IDX1_2AED8;PC_WORK_IDX2_2AED8,kolom bawaan Pega
DDL_SQL,DDL-WORK-2026-09-18,DATAPEGA,PC_ASM_FW_GCNMFW_WORK,TABLE,PXCOVEREDCOUNTOPEN,5,NUMBER,,18,0,Y,,,,PC_ASM_FW_GCNMFW_WORK_PK;PC_WORK_IDX1_2AED8;PC_WORK_IDX2_2AED8,kolom bawaan Pega
DDL_SQL,DDL-WORK-2026-09-18,DATAPEGA,PC_ASM_FW_GCNMFW_WORK,TABLE,PXCOVEREDCOUNTUNSATISFIED,6,NUMBER,,18,0,Y,,,,PC_ASM_FW_GCNMFW_WORK_PK;PC_WORK_IDX1_2AED8;PC_WORK_IDX2_2AED8,kolom bawaan Pega
DDL_SQL,DDL-WORK-2026-09-18,DATAPEGA,PC_ASM_FW_GCNMFW_WORK,TABLE,PXCREATEDATETIME,7,TIMESTAMP,6,,,Y,,,,PC_ASM_FW_GCNMFW_WORK_PK;PC_WORK_IDX1_2AED8;PC_WORK_IDX2_2AED8,kolom bawaan Pega
DDL_SQL,DDL-WORK-2026-09-18,DATAPEGA,PC_ASM_FW_GCNMFW_WORK,TABLE,PXCREATEOPNAME,8,VARCHAR2,128,,,Y,,,,PC_ASM_FW_GCNMFW_WORK_PK;PC_WORK_IDX1_2AED8;PC_WORK_IDX2_2AED8,kolom bawaan Pega
DDL_SQL,DDL-WORK-2026-09-18,DATAPEGA,PC_ASM_FW_GCNMFW_WORK,TABLE,PXCREATEOPERATOR,9,VARCHAR2,128,,,Y,,,,PC_ASM_FW_GCNMFW_WORK_PK;PC_WORK_IDX1_2AED8;PC_WORK_IDX2_2AED8,kolom bawaan Pega
DDL_SQL,DDL-WORK-2026-09-18,DATAPEGA,PC_ASM_FW_GCNMFW_WORK,TABLE,PXCREATESYSTEMID,10,VARCHAR2,32,,,Y,,,,PC_ASM_FW_GCNMFW_WORK_PK;PC_WORK_IDX1_2AED8;PC_WORK_IDX2_2AED8,kolom bawaan Pega
DDL_SQL,DDL-WORK-2026-09-18,DATAPEGA,PC_ASM_FW_GCNMFW_WORK,TABLE,PXFLOWCOUNT,11,NUMBER,,18,0,Y,,,,PC_ASM_FW_GCNMFW_WORK_PK;PC_WORK_IDX1_2AED8;PC_WORK_IDX2_2AED8,kolom bawaan Pega
DDL_SQL,DDL-WORK-2026-09-18,DATAPEGA,PC_ASM_FW_GCNMFW_WORK,TABLE,PXINSNAME,12,VARCHAR2,128,,,Y,,,,PC_ASM_FW_GCNMFW_WORK_PK;PC_WORK_IDX1_2AED8;PC_WORK_IDX2_2AED8,kolom bawaan Pega
DDL_SQL,DDL-WORK-2026-09-18,DATAPEGA,PC_ASM_FW_GCNMFW_WORK,TABLE,PXOBJCLASS,13,VARCHAR2,96,,,Y,,,,PC_ASM_FW_GCNMFW_WORK_PK;PC_WORK_IDX1_2AED8;PC_WORK_IDX2_2AED8,kolom bawaan Pega
DDL_SQL,DDL-WORK-2026-09-18,DATAPEGA,PC_ASM_FW_GCNMFW_WORK,TABLE,PXUPDATEDATETIME,14,TIMESTAMP,6,,,Y,,,,PC_ASM_FW_GCNMFW_WORK_PK;PC_WORK_IDX1_2AED8;PC_WORK_IDX2_2AED8,kolom bawaan Pega
DDL_SQL,DDL-WORK-2026-09-18,DATAPEGA,PC_ASM_FW_GCNMFW_WORK,TABLE,PXUPDATEOPNAME,15,VARCHAR2,128,,,Y,,,,PC_ASM_FW_GCNMFW_WORK_PK;PC_WORK_IDX1_2AED8;PC_WORK_IDX2_2AED8,kolom bawaan Pega
DDL_SQL,DDL-WORK-2026-09-18,DATAPEGA,PC_ASM_FW_GCNMFW_WORK,TABLE,PXUPDATEOPERATOR,16,VARCHAR2,128,,,Y,,,,PC_ASM_FW_GCNMFW_WORK_PK;PC_WORK_IDX1_2AED8;PC_WORK_IDX2_2AED8,kolom bawaan Pega
DDL_SQL,DDL-WORK-2026-09-18,DATAPEGA,PC_ASM_FW_GCNMFW_WORK,TABLE,PXUPDATESYSTEMID,17,VARCHAR2,32,,,Y,,,,PC_ASM_FW_GCNMFW_WORK_PK;PC_WORK_IDX1_2AED8;PC_WORK_IDX2_2AED8,kolom bawaan Pega
DDL_SQL,DDL-WORK-2026-09-18,DATAPEGA,PC_ASM_FW_GCNMFW_WORK,TABLE,PXURGENCYWORK,18,NUMBER,,18,0,Y,,,,PC_ASM_FW_GCNMFW_WORK_PK;PC_WORK_IDX1_2AED8;PC_WORK_IDX2_2AED8,kolom bawaan Pega
DDL_SQL,DDL-WORK-2026-09-18,DATAPEGA,PC_ASM_FW_GCNMFW_WORK,TABLE,PYACKTIMESTAMP,19,TIMESTAMP,6,,,Y,,,,PC_ASM_FW_GCNMFW_WORK_PK;PC_WORK_IDX1_2AED8;PC_WORK_IDX2_2AED8,kolom bawaan Pega
DDL_SQL,DDL-WORK-2026-09-18,DATAPEGA,PC_ASM_FW_GCNMFW_WORK,TABLE,PYAGEFROMDATE,20,TIMESTAMP,6,,,Y,,,,PC_ASM_FW_GCNMFW_WORK_PK;PC_WORK_IDX1_2AED8;PC_WORK_IDX2_2AED8,kolom bawaan Pega
DDL_SQL,DDL-WORK-2026-09-18,DATAPEGA,PC_ASM_FW_GCNMFW_WORK,TABLE,PYCHARGEAMOUNT,21,NUMBER,,18,0,Y,,,,PC_ASM_FW_GCNMFW_WORK_PK;PC_WORK_IDX1_2AED8;PC_WORK_IDX2_2AED8,kolom bawaan Pega
DDL_SQL,DDL-WORK-2026-09-18,DATAPEGA,PC_ASM_FW_GCNMFW_WORK,TABLE,PYCHARGETO,22,VARCHAR2,64,,,Y,,,,PC_ASM_FW_GCNMFW_WORK_PK;PC_WORK_IDX1_2AED8;PC_WORK_IDX2_2AED8,kolom bawaan Pega
DDL_SQL,DDL-WORK-2026-09-18,DATAPEGA,PC_ASM_FW_GCNMFW_WORK,TABLE,PYCONTACTCHANNEL,23,VARCHAR2,64,,,Y,,,,PC_ASM_FW_GCNMFW_WORK_PK;PC_WORK_IDX1_2AED8;PC_WORK_IDX2_2AED8,kolom bawaan Pega
DDL_SQL,DDL-WORK-2026-09-18,DATAPEGA,PC_ASM_FW_GCNMFW_WORK,TABLE,PYCONTACTTYPE,24,VARCHAR2,64,,,Y,,,,PC_ASM_FW_GCNMFW_WORK_PK;PC_WORK_IDX1_2AED8;PC_WORK_IDX2_2AED8,kolom bawaan Pega
DDL_SQL,DDL-WORK-2026-09-18,DATAPEGA,PC_ASM_FW_GCNMFW_WORK,TABLE,PYCUSLEVEL,25,VARCHAR2,32,,,Y,,,,PC_ASM_FW_GCNMFW_WORK_PK;PC_WORK_IDX1_2AED8;PC_WORK_IDX2_2AED8,kolom bawaan Pega
DDL_SQL,DDL-WORK-2026-09-18,DATAPEGA,PC_ASM_FW_GCNMFW_WORK,TABLE,PYCUSTOMER,26,VARCHAR2,128,,,Y,,,,PC_ASM_FW_GCNMFW_WORK_PK;PC_WORK_IDX1_2AED8;PC_WORK_IDX2_2AED8,kolom bawaan Pega
DDL_SQL,DDL-WORK-2026-09-18,DATAPEGA,PC_ASM_FW_GCNMFW_WORK,TABLE,PYCUSTOMERENTERPRISE,27,VARCHAR2,32,,,Y,,,,PC_ASM_FW_GCNMFW_WORK_PK;PC_WORK_IDX1_2AED8;PC_WORK_IDX2_2AED8,kolom bawaan Pega
DDL_SQL,DDL-WORK-2026-09-18,DATAPEGA,PC_ASM_FW_GCNMFW_WORK,TABLE,PYCUSTOMERNAME,28,VARCHAR2,64,,,Y,,,,PC_ASM_FW_GCNMFW_WORK_PK;PC_WORK_IDX1_2AED8;PC_WORK_IDX2_2AED8,kolom bawaan Pega
DDL_SQL,DDL-WORK-2026-09-18,DATAPEGA,PC_ASM_FW_GCNMFW_WORK,TABLE,PYCUSTOMERORG,29,VARCHAR2,32,,,Y,,,,PC_ASM_FW_GCNMFW_WORK_PK;PC_WORK_IDX1_2AED8;PC_WORK_IDX2_2AED8,kolom bawaan Pega
DDL_SQL,DDL-WORK-2026-09-18,DATAPEGA,PC_ASM_FW_GCNMFW_WORK,TABLE,PYCUSTOMERSATISFIEDTIMESTAMP,30,TIMESTAMP,6,,,Y,,,,PC_ASM_FW_GCNMFW_WORK_PK;PC_WORK_IDX1_2AED8;PC_WORK_IDX2_2AED8,kolom bawaan Pega
DDL_SQL,DDL-WORK-2026-09-18,DATAPEGA,PC_ASM_FW_GCNMFW_WORK,TABLE,PYDESCRIPTION,31,VARCHAR2,255,,,Y,,,,PC_ASM_FW_GCNMFW_WORK_PK;PC_WORK_IDX1_2AED8;PC_WORK_IDX2_2AED8,kolom bawaan Pega
DDL_SQL,DDL-WORK-2026-09-18,DATAPEGA,PC_ASM_FW_GCNMFW_WORK,TABLE,PYEFFORTACTUAL,32,NUMBER,,18,0,Y,,,,PC_ASM_FW_GCNMFW_WORK_PK;PC_WORK_IDX1_2AED8;PC_WORK_IDX2_2AED8,kolom bawaan Pega
DDL_SQL,DDL-WORK-2026-09-18,DATAPEGA,PC_ASM_FW_GCNMFW_WORK,TABLE,PYEFFORTESTIMATE,33,NUMBER,,18,0,Y,,,,PC_ASM_FW_GCNMFW_WORK_PK;PC_WORK_IDX1_2AED8;PC_WORK_IDX2_2AED8,kolom bawaan Pega
DDL_SQL,DDL-WORK-2026-09-18,DATAPEGA,PC_ASM_FW_GCNMFW_WORK,TABLE,PYEFFORTESTIMATETIMESTAMP,34,TIMESTAMP,6,,,Y,,,,PC_ASM_FW_GCNMFW_WORK_PK;PC_WORK_IDX1_2AED8;PC_WORK_IDX2_2AED8,kolom bawaan Pega
DDL_SQL,DDL-WORK-2026-09-18,DATAPEGA,PC_ASM_FW_GCNMFW_WORK,TABLE,PYELAPSEDCUSTOMERACK,35,NUMBER,,18,0,Y,,,,PC_ASM_FW_GCNMFW_WORK_PK;PC_WORK_IDX1_2AED8;PC_WORK_IDX2_2AED8,kolom bawaan Pega
DDL_SQL,DDL-WORK-2026-09-18,DATAPEGA,PC_ASM_FW_GCNMFW_WORK,TABLE,PYELAPSEDCUSTOMERUNSATISFIED,36,NUMBER,,18,0,Y,,,,PC_ASM_FW_GCNMFW_WORK_PK;PC_WORK_IDX1_2AED8;PC_WORK_IDX2_2AED8,kolom bawaan Pega
DDL_SQL,DDL-WORK-2026-09-18,DATAPEGA,PC_ASM_FW_GCNMFW_WORK,TABLE,PYELAPSEDPASTDEADLINE,37,NUMBER,,18,0,Y,,,,PC_ASM_FW_GCNMFW_WORK_PK;PC_WORK_IDX1_2AED8;PC_WORK_IDX2_2AED8,kolom bawaan Pega
DDL_SQL,DDL-WORK-2026-09-18,DATAPEGA,PC_ASM_FW_GCNMFW_WORK,TABLE,PYELAPSEDPASTGOAL,38,NUMBER,,18,0,Y,,,,PC_ASM_FW_GCNMFW_WORK_PK;PC_WORK_IDX1_2AED8;PC_WORK_IDX2_2AED8,kolom bawaan Pega
DDL_SQL,DDL-WORK-2026-09-18,DATAPEGA,PC_ASM_FW_GCNMFW_WORK,TABLE,PYELAPSEDSTATUSNEW,39,NUMBER,,18,0,Y,,,,PC_ASM_FW_GCNMFW_WORK_PK;PC_WORK_IDX1_2AED8;PC_WORK_IDX2_2AED8,kolom bawaan Pega
DDL_SQL,DDL-WORK-2026-09-18,DATAPEGA,PC_ASM_FW_GCNMFW_WORK,TABLE,PYELAPSEDSTATUSOPEN,40,NUMBER,,18,0,Y,,,,PC_ASM_FW_GCNMFW_WORK_PK;PC_WORK_IDX1_2AED8;PC_WORK_IDX2_2AED8,kolom bawaan Pega
DDL_SQL,DDL-WORK-2026-09-18,DATAPEGA,PC_ASM_FW_GCNMFW_WORK,TABLE,PYELAPSEDSTATUSPENDING,41,NUMBER,,18,0,Y,,,,PC_ASM_FW_GCNMFW_WORK_PK;PC_WORK_IDX1_2AED8;PC_WORK_IDX2_2AED8,kolom bawaan Pega
DDL_SQL,DDL-WORK-2026-09-18,DATAPEGA,PC_ASM_FW_GCNMFW_WORK,TABLE,PYEVENTID,42,VARCHAR2,32,,,Y,,,,PC_ASM_FW_GCNMFW_WORK_PK;PC_WORK_IDX1_2AED8;PC_WORK_IDX2_2AED8,kolom bawaan Pega
DDL_SQL,DDL-WORK-2026-09-18,DATAPEGA,PC_ASM_FW_GCNMFW_WORK,TABLE,PYFOLDERTYPE,43,VARCHAR2,32,,,Y,,,,PC_ASM_FW_GCNMFW_WORK_PK;PC_WORK_IDX1_2AED8;PC_WORK_IDX2_2AED8,kolom bawaan Pega
DDL_SQL,DDL-WORK-2026-09-18,DATAPEGA,PC_ASM_FW_GCNMFW_WORK,TABLE,PYID,44,VARCHAR2,32,,,Y,,,,PC_ASM_FW_GCNMFW_WORK_PK;PC_WORK_IDX1_2AED8;PC_WORK_IDX2_2AED8,kolom bawaan Pega
DDL_SQL,DDL-WORK-2026-09-18,DATAPEGA,PC_ASM_FW_GCNMFW_WORK,TABLE,PYLABEL,45,VARCHAR2,64,,,Y,,,,PC_ASM_FW_GCNMFW_WORK_PK;PC_WORK_IDX1_2AED8;PC_WORK_IDX2_2AED8,kolom bawaan Pega
DDL_SQL,DDL-WORK-2026-09-18,DATAPEGA,PC_ASM_FW_GCNMFW_WORK,TABLE,PYORIGDIVISION,46,VARCHAR2,32,,,Y,,,,PC_ASM_FW_GCNMFW_WORK_PK;PC_WORK_IDX1_2AED8;PC_WORK_IDX2_2AED8,kolom bawaan Pega
DDL_SQL,DDL-WORK-2026-09-18,DATAPEGA,PC_ASM_FW_GCNMFW_WORK,TABLE,PYORIGORG,47,VARCHAR2,32,,,Y,,,,PC_ASM_FW_GCNMFW_WORK_PK;PC_WORK_IDX1_2AED8;PC_WORK_IDX2_2AED8,kolom bawaan Pega
DDL_SQL,DDL-WORK-2026-09-18,DATAPEGA,PC_ASM_FW_GCNMFW_WORK,TABLE,PYORIGORGUNIT,48,VARCHAR2,32,,,Y,,,,PC_ASM_FW_GCNMFW_WORK_PK;PC_WORK_IDX1_2AED8;PC_WORK_IDX2_2AED8,kolom bawaan Pega
DDL_SQL,DDL-WORK-2026-09-18,DATAPEGA,PC_ASM_FW_GCNMFW_WORK,TABLE,PYORIGUSERDIVISION,49,VARCHAR2,32,,,Y,,,,PC_ASM_FW_GCNMFW_WORK_PK;PC_WORK_IDX1_2AED8;PC_WORK_IDX2_2AED8,kolom bawaan Pega
DDL_SQL,DDL-WORK-2026-09-18,DATAPEGA,PC_ASM_FW_GCNMFW_WORK,TABLE,PYORIGUSERID,50,VARCHAR2,128,,,Y,,,,PC_ASM_FW_GCNMFW_WORK_PK;PC_WORK_IDX1_2AED8;PC_WORK_IDX2_2AED8,kolom bawaan Pega
DDL_SQL,DDL-WORK-2026-09-18,DATAPEGA,PC_ASM_FW_GCNMFW_WORK,TABLE,PYORIGUSERWORKGROUP,51,VARCHAR2,64,,,Y,,,,PC_ASM_FW_GCNMFW_WORK_PK;PC_WORK_IDX1_2AED8;PC_WORK_IDX2_2AED8,kolom bawaan Pega
DDL_SQL,DDL-WORK-2026-09-18,DATAPEGA,PC_ASM_FW_GCNMFW_WORK,TABLE,PYOWNERDIVISION,52,VARCHAR2,32,,,Y,,,,PC_ASM_FW_GCNMFW_WORK_PK;PC_WORK_IDX1_2AED8;PC_WORK_IDX2_2AED8,kolom bawaan Pega
DDL_SQL,DDL-WORK-2026-09-18,DATAPEGA,PC_ASM_FW_GCNMFW_WORK,TABLE,PYOWNERORG,53,VARCHAR2,32,,,Y,,,,PC_ASM_FW_GCNMFW_WORK_PK;PC_WORK_IDX1_2AED8;PC_WORK_IDX2_2AED8,kolom bawaan Pega
DDL_SQL,DDL-WORK-2026-09-18,DATAPEGA,PC_ASM_FW_GCNMFW_WORK,TABLE,PYOWNERORGUNIT,54,VARCHAR2,32,,,Y,,,,PC_ASM_FW_GCNMFW_WORK_PK;PC_WORK_IDX1_2AED8;PC_WORK_IDX2_2AED8,kolom bawaan Pega
DDL_SQL,DDL-WORK-2026-09-18,DATAPEGA,PC_ASM_FW_GCNMFW_WORK,TABLE,PYPRIMARYCONTACT,55,VARCHAR2,64,,,Y,,,,PC_ASM_FW_GCNMFW_WORK_PK;PC_WORK_IDX1_2AED8;PC_WORK_IDX2_2AED8,kolom bawaan Pega
DDL_SQL,DDL-WORK-2026-09-18,DATAPEGA,PC_ASM_FW_GCNMFW_WORK,TABLE,PYPROBLEMREASON,56,VARCHAR2,64,,,Y,,,,PC_ASM_FW_GCNMFW_WORK_PK;PC_WORK_IDX1_2AED8;PC_WORK_IDX2_2AED8,kolom bawaan Pega
DDL_SQL,DDL-WORK-2026-09-18,DATAPEGA,PC_ASM_FW_GCNMFW_WORK,TABLE,PYPROBLEMSOURCE,57,VARCHAR2,64,,,Y,,,,PC_ASM_FW_GCNMFW_WORK_PK;PC_WORK_IDX1_2AED8;PC_WORK_IDX2_2AED8,kolom bawaan Pega
DDL_SQL,DDL-WORK-2026-09-18,DATAPEGA,PC_ASM_FW_GCNMFW_WORK,TABLE,PYPROBLEMTYPE,58,VARCHAR2,64,,,Y,,,,PC_ASM_FW_GCNMFW_WORK_PK;PC_WORK_IDX1_2AED8;PC_WORK_IDX2_2AED8,kolom bawaan Pega
DDL_SQL,DDL-WORK-2026-09-18,DATAPEGA,PC_ASM_FW_GCNMFW_WORK,TABLE,PYREOPENCOUNT,59,NUMBER,,18,0,Y,,,,PC_ASM_FW_GCNMFW_WORK_PK;PC_WORK_IDX1_2AED8;PC_WORK_IDX2_2AED8,kolom bawaan Pega
DDL_SQL,DDL-WORK-2026-09-18,DATAPEGA,PC_ASM_FW_GCNMFW_WORK,TABLE,PYREOPENTIMESTAMP,60,TIMESTAMP,6,,,Y,,,,PC_ASM_FW_GCNMFW_WORK_PK;PC_WORK_IDX1_2AED8;PC_WORK_IDX2_2AED8,kolom bawaan Pega
DDL_SQL,DDL-WORK-2026-09-18,DATAPEGA,PC_ASM_FW_GCNMFW_WORK,TABLE,PYRESOLUTIONCOMPLEXITY,61,VARCHAR2,8,,,Y,,,,PC_ASM_FW_GCNMFW_WORK_PK;PC_WORK_IDX1_2AED8;PC_WORK_IDX2_2AED8,kolom bawaan Pega
DDL_SQL,DDL-WORK-2026-09-18,DATAPEGA,PC_ASM_FW_GCNMFW_WORK,TABLE,PYRESOLUTIONCOST,62,NUMBER,,18,0,Y,,,,PC_ASM_FW_GCNMFW_WORK_PK;PC_WORK_IDX1_2AED8;PC_WORK_IDX2_2AED8,kolom bawaan Pega
DDL_SQL,DDL-WORK-2026-09-18,DATAPEGA,PC_ASM_FW_GCNMFW_WORK,TABLE,PYRESOLVEDDIVISION,63,VARCHAR2,32,,,Y,,,,PC_ASM_FW_GCNMFW_WORK_PK;PC_WORK_IDX1_2AED8;PC_WORK_IDX2_2AED8,kolom bawaan Pega
DDL_SQL,DDL-WORK-2026-09-18,DATAPEGA,PC_ASM_FW_GCNMFW_WORK,TABLE,PYRESOLVEDORG,64,VARCHAR2,32,,,Y,,,,PC_ASM_FW_GCNMFW_WORK_PK;PC_WORK_IDX1_2AED8;PC_WORK_IDX2_2AED8,kolom bawaan Pega
DDL_SQL,DDL-WORK-2026-09-18,DATAPEGA,PC_ASM_FW_GCNMFW_WORK,TABLE,PYRESOLVEDORGUNIT,65,VARCHAR2,32,,,Y,,,,PC_ASM_FW_GCNMFW_WORK_PK;PC_WORK_IDX1_2AED8;PC_WORK_IDX2_2AED8,kolom bawaan Pega
DDL_SQL,DDL-WORK-2026-09-18,DATAPEGA,PC_ASM_FW_GCNMFW_WORK,TABLE,PYRESOLVEDTIME,66,VARCHAR2,32,,,Y,,,,PC_ASM_FW_GCNMFW_WORK_PK;PC_WORK_IDX1_2AED8;PC_WORK_IDX2_2AED8,kolom bawaan Pega
DDL_SQL,DDL-WORK-2026-09-18,DATAPEGA,PC_ASM_FW_GCNMFW_WORK,TABLE,PYRESOLVEDTIMESTAMP,67,TIMESTAMP,6,,,Y,,,,PC_ASM_FW_GCNMFW_WORK_PK;PC_WORK_IDX1_2AED8;PC_WORK_IDX2_2AED8,kolom bawaan Pega
DDL_SQL,DDL-WORK-2026-09-18,DATAPEGA,PC_ASM_FW_GCNMFW_WORK,TABLE,PYRESOLVEDUSERID,68,VARCHAR2,128,,,Y,,,,PC_ASM_FW_GCNMFW_WORK_PK;PC_WORK_IDX1_2AED8;PC_WORK_IDX2_2AED8,kolom bawaan Pega
DDL_SQL,DDL-WORK-2026-09-18,DATAPEGA,PC_ASM_FW_GCNMFW_WORK,TABLE,PYRESOLVEDUSERWORKGROUP,69,VARCHAR2,64,,,Y,,,,PC_ASM_FW_GCNMFW_WORK_PK;PC_WORK_IDX1_2AED8;PC_WORK_IDX2_2AED8,kolom bawaan Pega
DDL_SQL,DDL-WORK-2026-09-18,DATAPEGA,PC_ASM_FW_GCNMFW_WORK,TABLE,PYROOTCAUSE,70,VARCHAR2,64,,,Y,,,,PC_ASM_FW_GCNMFW_WORK_PK;PC_WORK_IDX1_2AED8;PC_WORK_IDX2_2AED8,kolom bawaan Pega
DDL_SQL,DDL-WORK-2026-09-18,DATAPEGA,PC_ASM_FW_GCNMFW_WORK,TABLE,PYSLADEADLINE,71,TIMESTAMP,6,,,Y,,,,PC_ASM_FW_GCNMFW_WORK_PK;PC_WORK_IDX1_2AED8;PC_WORK_IDX2_2AED8,kolom bawaan Pega
DDL_SQL,DDL-WORK-2026-09-18,DATAPEGA,PC_ASM_FW_GCNMFW_WORK,TABLE,PYSLAGOAL,72,TIMESTAMP,6,,,Y,,,,PC_ASM_FW_GCNMFW_WORK_PK;PC_WORK_IDX1_2AED8;PC_WORK_IDX2_2AED8,kolom bawaan Pega
DDL_SQL,DDL-WORK-2026-09-18,DATAPEGA,PC_ASM_FW_GCNMFW_WORK,TABLE,PYSLANAME,73,VARCHAR2,32,,,Y,,,,PC_ASM_FW_GCNMFW_WORK_PK;PC_WORK_IDX1_2AED8;PC_WORK_IDX2_2AED8,kolom bawaan Pega
DDL_SQL,DDL-WORK-2026-09-18,DATAPEGA,PC_ASM_FW_GCNMFW_WORK,TABLE,PYSTATUSCUSTOMERSAT,74,VARCHAR2,32,,,Y,,,,PC_ASM_FW_GCNMFW_WORK_PK;PC_WORK_IDX1_2AED8;PC_WORK_IDX2_2AED8,kolom bawaan Pega
DDL_SQL,DDL-WORK-2026-09-18,DATAPEGA,PC_ASM_FW_GCNMFW_WORK,TABLE,PYSTATUSWORK,75,VARCHAR2,32,,,Y,,,,PC_ASM_FW_GCNMFW_WORK_PK;PC_WORK_IDX1_2AED8;PC_WORK_IDX2_2AED8,kolom bawaan Pega
DDL_SQL,DDL-WORK-2026-09-18,DATAPEGA,PC_ASM_FW_GCNMFW_WORK,TABLE,PXCURRENTSTAGELABEL,76,VARCHAR2,128,,,Y,,,,PC_ASM_FW_GCNMFW_WORK_PK;PC_WORK_IDX1_2AED8;PC_WORK_IDX2_2AED8,kolom bawaan Pega
DDL_SQL,DDL-WORK-2026-09-18,DATAPEGA,PC_ASM_FW_GCNMFW_WORK,TABLE,PXCURRENTSTAGE,77,VARCHAR2,32,,,Y,,,,PC_ASM_FW_GCNMFW_WORK_PK;PC_WORK_IDX1_2AED8;PC_WORK_IDX2_2AED8,kolom bawaan Pega
DDL_SQL,DDL-WORK-2026-09-18,DATAPEGA,PC_ASM_FW_GCNMFW_WORK,TABLE,PZINSKEY,78,VARCHAR2,255,,,N,,Y,Y,PC_ASM_FW_GCNMFW_WORK_PK;PC_WORK_IDX1_2AED8;PC_WORK_IDX2_2AED8,kolom bawaan Pega
DDL_SQL,DDL-WORK-2026-09-18,DATAPEGA,PC_ASM_FW_GCNMFW_WORK,TABLE,PXAPPLICATION,79,VARCHAR2,64,,,Y,,,,PC_ASM_FW_GCNMFW_WORK_PK;PC_WORK_IDX1_2AED8;PC_WORK_IDX2_2AED8,kolom bawaan Pega
DDL_SQL,DDL-WORK-2026-09-18,DATAPEGA,PC_ASM_FW_GCNMFW_WORK,TABLE,PXAPPLICATIONVERSION,80,VARCHAR2,32,,,Y,,,,PC_ASM_FW_GCNMFW_WORK_PK;PC_WORK_IDX1_2AED8;PC_WORK_IDX2_2AED8,kolom bawaan Pega
DDL_SQL,DDL-WORK-2026-09-18,DATAPEGA,PC_ASM_FW_GCNMFW_WORK,TABLE,PZPVSTREAM,81,BLOB,,,,Y,,,,PC_ASM_FW_GCNMFW_WORK_PK;PC_WORK_IDX1_2AED8;PC_WORK_IDX2_2AED8,BLOB isi properti — .ClaimData.* IN-BLOB CONFIRMED
DDL_SQL,DDL-WORK-2026-09-18,DATAPEGA,PC_ASM_FW_GCNMFW_WORK,TABLE,SOBNAME,82,VARCHAR2,128,,,Y,,,,PC_ASM_FW_GCNMFW_WORK_PK;PC_WORK_IDX1_2AED8;PC_WORK_IDX2_2AED8,DI-EXPOSE (BYTE)
DDL_SQL,DDL-WORK-2026-09-18,DATAPEGA,PC_ASM_FW_GCNMFW_WORK,TABLE,BUSINESSNAME,83,VARCHAR2,128,,,Y,,,,PC_ASM_FW_GCNMFW_WORK_PK;PC_WORK_IDX1_2AED8;PC_WORK_IDX2_2AED8,DI-EXPOSE (BYTE)
DDL_SQL,DDL-WORK-2026-09-18,DATAPEGA,PC_ASM_FW_GCNMFW_WORK,TABLE,CEDINGCONAME,84,VARCHAR2,128,,,Y,,,,PC_ASM_FW_GCNMFW_WORK_PK;PC_WORK_IDX1_2AED8;PC_WORK_IDX2_2AED8,DI-EXPOSE (BYTE)
DDL_SQL,DDL-WORK-2026-09-18,DATAPEGA,PC_ASM_FW_GCNMFW_WORK,TABLE,INSUREDNAME,85,VARCHAR2,255,,,Y,,,,PC_ASM_FW_GCNMFW_WORK_PK;PC_WORK_IDX1_2AED8;PC_WORK_IDX2_2AED8,DI-EXPOSE (BYTE)
DDL_SQL,DDL-WORK-2026-09-18,DATAPEGA,PC_ASM_FW_GCNMFW_WORK,TABLE,NOPOLIS,86,VARCHAR2,128,,,Y,,,,PC_ASM_FW_GCNMFW_WORK_PK;PC_WORK_IDX1_2AED8;PC_WORK_IDX2_2AED8,DI-EXPOSE (BYTE)
DDL_SQL,DDL-WORK-2026-09-18,DATAPEGA,PC_ASM_FW_GCNMFW_WORK,TABLE,MASTERID,87,VARCHAR2,128,,,Y,,,,PC_ASM_FW_GCNMFW_WORK_PK;PC_WORK_IDX1_2AED8;PC_WORK_IDX2_2AED8,DI-EXPOSE (BYTE)
DDL_SQL,DDL-WORK-2026-09-18,DATAPEGA,PC_ASM_FW_GCNMFW_WORK,TABLE,KOMITECOUNT,88,NUMBER,,18,0,Y,,,,PC_ASM_FW_GCNMFW_WORK_PK;PC_WORK_IDX1_2AED8;PC_WORK_IDX2_2AED8,DI-EXPOSE ()
DDL_SQL,DDL-WORK-2026-09-18,DATAPEGA,PC_ASM_FW_GCNMFW_WORK,TABLE,DATEOFLOSS,89,VARCHAR2,8,,,Y,,,,PC_ASM_FW_GCNMFW_WORK_PK;PC_WORK_IDX1_2AED8;PC_WORK_IDX2_2AED8,DI-EXPOSE (BYTE)
DDL_SQL,DDL-WORK-2026-09-18,DATAPEGA,PC_ASM_FW_GCNMFW_WORK,TABLE,ISSUBJECTIVITY,90,VARCHAR2,5,,,Y,,,,PC_ASM_FW_GCNMFW_WORK_PK;PC_WORK_IDX1_2AED8;PC_WORK_IDX2_2AED8,DI-EXPOSE (BYTE)
DDL_SQL,DDL-WORK-2026-09-18,DATAPEGA,PC_ASM_FW_GCNMFW_WORK,TABLE,NOCLAIM,91,VARCHAR2,32,,,Y,,,,PC_ASM_FW_GCNMFW_WORK_PK;PC_WORK_IDX1_2AED8;PC_WORK_IDX2_2AED8,DI-EXPOSE (CHAR)
DDL_SQL,DDL-WORK-2026-09-18,DATAPEGA,PC_ASM_FW_GCNMFW_WORK,TABLE,FLAGONGOINGCOMMITTE,92,VARCHAR2,32,,,Y,,,,PC_ASM_FW_GCNMFW_WORK_PK;PC_WORK_IDX1_2AED8;PC_WORK_IDX2_2AED8,DI-EXPOSE (CHAR)
DDL_SQL,DDL-WORK-2026-09-18,DATAPEGA,PC_ASM_FW_GCNMFW_WORK,TABLE,CLMNO,93,VARCHAR2,32,,,Y,,,,PC_ASM_FW_GCNMFW_WORK_PK;PC_WORK_IDX1_2AED8;PC_WORK_IDX2_2AED8,DI-EXPOSE (CHAR)
DDL_SQL,DDL-WORK-2026-09-18,DATAPEGA,PC_ASM_FW_GCNMFW_WORK,TABLE,DATERECEIVED,94,DATE,,,,Y,,,,PC_ASM_FW_GCNMFW_WORK_PK;PC_WORK_IDX1_2AED8;PC_WORK_IDX2_2AED8,DI-EXPOSE ()
DDL_SQL,DDL-WORK-2026-09-18,DATAPEGA,PC_ASM_FW_GCNMFW_WORK,TABLE,PLA_CEDING,95,VARCHAR2,500,,,Y,,,,PC_ASM_FW_GCNMFW_WORK_PK;PC_WORK_IDX1_2AED8;PC_WORK_IDX2_2AED8,DI-EXPOSE (BYTE)
DDL_SQL,DDL-WORK-2026-09-18,DATAPEGA,PC_ASM_FW_GCNMFW_WORK,TABLE,PLA_SOB,96,VARCHAR2,500,,,Y,,,,PC_ASM_FW_GCNMFW_WORK_PK;PC_WORK_IDX1_2AED8;PC_WORK_IDX2_2AED8,DI-EXPOSE (BYTE)
DDL_SQL,DDL-WORK-2026-09-18,DATAPEGA,PC_ASM_FW_GCNMFW_WORK,TABLE,DLA_CEDING,97,VARCHAR2,500,,,Y,,,,PC_ASM_FW_GCNMFW_WORK_PK;PC_WORK_IDX1_2AED8;PC_WORK_IDX2_2AED8,DI-EXPOSE (BYTE)
DDL_SQL,DDL-WORK-2026-09-18,DATAPEGA,PC_ASM_FW_GCNMFW_WORK,TABLE,DLA_SOB,98,VARCHAR2,500,,,Y,,,,PC_ASM_FW_GCNMFW_WORK_PK;PC_WORK_IDX1_2AED8;PC_WORK_IDX2_2AED8,DI-EXPOSE (BYTE)
DDL_SQL,DDL-WORK-2026-09-18,DATAPEGA,PC_ASM_FW_GCNMFW_WORK,TABLE,POLICY_CEDING,99,VARCHAR2,500,,,Y,,,,PC_ASM_FW_GCNMFW_WORK_PK;PC_WORK_IDX1_2AED8;PC_WORK_IDX2_2AED8,DI-EXPOSE (BYTE)
DDL_SQL,DDL-WORK-2026-09-18,DATAPEGA,PC_ASM_FW_GCNMFW_WORK,TABLE,CAUSEOFLOSS,100,VARCHAR2,500,,,Y,,,,PC_ASM_FW_GCNMFW_WORK_PK;PC_WORK_IDX1_2AED8;PC_WORK_IDX2_2AED8,DI-EXPOSE (BYTE)
