NAMA_T	PADANAN_DDL	KELOMPOK	INDUK	KUNCI	ASAL_PEGA
T_WORK_CLAIM	—	akar			pyWorkPage — satu baris per work object
T_GENERAL_CLAIM	KLAIM	bersama	T_WORK_CLAIM	—  SHARED PK (ID = ID)	ClaimData{} · 91 properti skalar
T_CLAIM_CLAIM_AMOUNT	NILAI_KLAIM_MATA_UANG	np	T_GENERAL_CLAIM	CLAIM_ID	ClaimData.ListClaimAmount[] · 15 field · nilai kerugian per mata uang
T_CLAIM_SPREADING_RISK	ALOKASI_LAYER	np	T_GENERAL_CLAIM	CLAIM_ID	ClaimData.SpreadingRisk[] · 29 field · ★ inti alokasi XOL, n=215
T_CLAIM_RETENTION_CEDANT	RETENSI_CEDANT	np	T_GENERAL_CLAIM	CLAIM_ID	baris "UR" di dalam ClaimData.SpreadingRisk[] — DIPISAH jadi tabel sendiri
T_CLAIM_SPREAD_LOSS	PEMBAGIAN_KERUGIAN	np	T_GENERAL_CLAIM	CLAIM_ID	ClaimData.CNPSpreadLoss[] · 8 field · pembagian kerugian per COB
T_CLAIM_SPREADING	PENYEBARAN	np	T_GENERAL_CLAIM	CLAIM_ID	ClaimData.SpreadingClaim[] · penyebaran ke retrosesi
T_CLAIM_BREAK_QS	PENYEBARAN · bagian QS	np	T_GENERAL_CLAIM	CLAIM_ID	ClaimData.SpreadingBreakQS[] · n=28 · penyebaran quota share
T_CLAIM_REINSTATEMENT	PREMI_PEMULIHAN	np	T_GENERAL_CLAIM	CLAIM_ID	ClaimData.ReinstatementList[] · 12 field · premi pemulihan
T_CLAIM_ESTIMATION	ESTIMASI_AWAL	np	T_GENERAL_CLAIM	CLAIM_ID	ClaimData.EstimationList[] · 7 field · estimasi awal
T_CLAIM_INTEREST	OBJEK_PERTANGGUNGAN · bagian interest	np	T_GENERAL_CLAIM	CLAIM_ID	ClaimData.InterestList[] · n=39 · kepentingan yang dipertanggungkan
T_CLAIM_OBJECT	OBJEK_PERTANGGUNGAN	np	T_GENERAL_CLAIM	CLAIM_ID	ClaimData.ObjectList[] · objek pertanggungan
T_CLAIM_OBJECT_ITEM	OBJEK_PERTANGGUNGAN · bagian item	np	T_CLAIM_OBJECT	OBJECT_ID	ClaimData.ObjectList[].ObjectItemList[] · rincian tiap objek
T_CLAIM_RECEIVER	REKENING_PENERIMA	np	T_GENERAL_CLAIM	CLAIM_ID	ClaimData.ReceiverClaim[] · 13 field · sepasang rekening (utama + varian …2)
T_VIEW_SUGGEST	KRONOLOGI_KLAIM	bersama	T_GENERAL_CLAIM	CLAIM_ID	ClaimData.SuggestList[] · kronologi / audit trail
DOCUMENT_CLAIM	DOKUMEN_KLAIM	bersama	T_GENERAL_CLAIM	CLAIM_ID	ClaimData.Attachment[] + AttachmentPaid{} · dokumen klaim
T_CLAIM_ADJUSTMENT	AKSEPTASI + ADJUSTMENT	np	T_GENERAL_CLAIM	CLAIM_ID	ClaimData.AdjustmentList[] · 47 field skalar · ★ unit transaksi pembayaran
T_CLAIM_ADJ_SPREADING	PENYEBARAN (baris beku)	np	T_CLAIM_ADJUSTMENT	ADJUSTMENT_ID	AdjustmentList[].SpreadingAdjustment[] ═ salinan beku dari ClaimData.SpreadingClaim
T_CLAIM_ADJ_QUOTA_SHARE	PENYEBARAN (baris beku)	np	T_CLAIM_ADJUSTMENT	ADJUSTMENT_ID	AdjustmentList[].SpreadingQuotaShare[] ═ salinan beku dari ClaimData.SpreadingBreakQS
T_CLAIM_ADJ_LOSS_ALLOCATION	ALOKASI_LAYER (baris beku)	np	T_CLAIM_ADJUSTMENT	ADJUSTMENT_ID	AdjustmentList[].LossAllocation[] + SpreadingRisk[] ═ salinan beku dari ClaimData.SpreadingRisk
T_CLAIM_ADJ_LAYER	⚠ TIDAK ADA di KLAIMNP	np	T_CLAIM_ADJUSTMENT	ADJUSTMENT_ID	AdjustmentList[].CNPLayerList[] · XOL · XOLID   [bukti: identitas-kelas]
T_CLAIM_ADJ_LAYER_CURRENCY	⚠ TIDAK ADA di KLAIMNP	np	T_CLAIM_ADJ_LAYER	LAYER_ID	AdjustmentList[].CNPLayerList[].CNPCurrencyList[] · 21 field · KEDALAMAN 4
T_CLAIM_RETRO	⚠ TIDAK ADA di KLAIMNP	np	T_CLAIM_SPREAD_LOSS	SPREAD_LOSS_ID	ClaimData.CNPSpreadLoss[].RetroList[] · TREATYTYPENAME · COMMISION · OVR_COMM …
T_GENERAL_KOMITE	— (di luar 22 tabel)	komite	T_WORK_CLAIM	—  SHARED PK (ID = ID)	AdjustmentList[].ComiteeClaim[] + ClaimData.ClaimComitee[]
T_KOMITE_KOMITELIST	— (di luar 22 tabel)	komite	T_GENERAL_KOMITE	DATA_KOMITE_ID	KomiteList · satu baris = satu penyetuju · sembilan kolom
T_CLAIM_CLOSING_DATE	TUTUP_BUKU	np			TIDAK DITEMUKAN di pohon — angka 25 di sistem lama punya dua sumber
T_CLAIM_RATE	TARIF_BERLAKU	np			TIDAK DITEMUKAN di pohon — brokerage dan pajak dari konstanta di rule
T_CLAIM_CORRECTION	KOREKSI_NILAI	np			TIDAK DITEMUKAN di pohon — pengganti 29 langkah tambalan di dalam activity
T_CLAIM_DATE_GUARD	KLAIM_PENJAGA_TANGGAL	np	T_GENERAL_CLAIM	CLAIM_ID	TIDAK DITEMUKAN di pohon — penjaga batas tanggal
T_CLAIM_OUTBOUND_ARCHIVE	ARSIP_MUATAN_KELUAR	np	T_GENERAL_CLAIM	CLAIM_ID	InputParamOs / InputParamOsCNP → OS_AKSEPTASI_KLAIM (bagian 7.1)
T_CLAIM_MIG_CORRELATION	MIGRASI_KORELASI	migrasi			jembatan ke sistem lama — pzInsKey · pyID · CASEID · IndexObject
T_CLAIM_MIG_LANDING	MIGRASI_PENDARATAN	migrasi			tempat bentuk lama mendarat utuh — DATA_JSON apa adanya
T_CLAIM_MIG_REJECTED	MIGRASI_NILAI_DITOLAK	migrasi	T_CLAIM_MIG_LANDING	LANDING_ID	nilai yang tidak dapat diurai — tercatat, tidak dibulatkan, tidak dibuang
