REQ_ID,BLOK,OWNER,NAMA_OBJEK,JENIS,TARIKAN,ALASAN,PRIORITAS,KEYAKINAN,SUMBER_NAMA,PREFLIGHT,RECON_BAGIAN
REQ-002/005/009,TABEL,POOLDATA,OS_AKSEPTASI_KLAIM,TABLE,COLUMNS+CONSTRAINTS+INDEXES+PROFIL,tempat nilai akseptasi mendarat,BLOCKER,CONFIRMED,DDL_XLS 2026-09-18 10:36,"T3a,T7a","3,4,6,9"
REQ-002/005,TABEL,?,TREATY_OUT,TABLE,COLUMNS+PROFIL,sumber Limit Layer & Retensi Cedant,BLOCKER,CONFIRMED,terbaca literal di SQL XML | TIDAK ADA DI DDL,"T3a,T7a","3,6"
REQ-002/009,TABEL,POOLDATA,JSON_KLAIM,TABLE,COLUMNS+CONSTRAINTS+PROFIL,"dokumen klaim, presisi riil",BLOCKER,CONFIRMED,DDL_XLS 2026-09-18 10:36,"T2a,T3a,T7a","3,6,9"
REQ-002/005,TABEL,POOLDATA,CLAIMXOL2,TABLE,COLUMNS+PROFIL,riwayat alokasi XOL,BLOCKER,CONFIRMED,DDL_XLS 2026-09-18 10:36,"T3e,T7a","3,6"
REQ-004,TABEL,POOLDATA,EMAILKOMITE,TABLE,COLUMNS+DATA,penentu jenjang Komite; menguji FINDING-001 lebih awal,BLOCKER,CONFIRMED,DDL_XLS 2026-09-18 10:36,T3b,"3,7B"
REQ-002,TABEL,POOLDATA,TREATYINPRODUCTION,TABLE,COLUMNS,polis treaty-in produksi,PENTING,CONFIRMED,DDL_XLS 2026-09-18 10:36,"T3a,T7a",3
REQ-002,TABEL,POOLDATA,JSON_POLIS,TABLE,COLUMNS,dokumen polis,PENTING,CONFIRMED,DDL_XLS 2026-09-18 10:36,"T3a,T7a",3
REQ-002,TABEL,POOLDATA,M_TREATY_IN,TABLE,COLUMNS,master treaty-in (JSONDATA),PENTING,CONFIRMED,DDL_XLS 2026-09-18 10:36,"T3a,T7a",3
REQ-002,TABEL,POOLDATA,M_TREATY_IN_EDM,TABLE,COLUMNS,varian EDM,PENTING,CONFIRMED,DDL_XLS 2026-09-18 10:36,"T3a,T7a",3
REQ-002,TABEL,POOLDATA,M_TREATY_OUT,TABLE,COLUMNS,master treaty-out,PENTING,CONFIRMED,DDL_XLS 2026-09-18 10:36,"T3a,T7a",3
REQ-002,TABEL,POOLDATA,M_TREATY_OUT_DETAIL,TABLE,COLUMNS,detail treaty-out,PENTING,CONFIRMED,DDL_XLS 2026-09-18 10:36,"T3a,T7a",3
REQ-002,TABEL,POOLDATA,BANKACCOUNT,TABLE,COLUMNS,rekening penerima,PENTING,CONFIRMED,DDL_XLS 2026-09-18 10:36,"T3a,T7a",3
REQ-002,TABEL,POOLDATA,PROPORTIONALARRG,TABLE,COLUMNS,susunan layer treaty,PENTING,CONFIRMED,DDL_XLS 2026-09-18 10:36,"T3a,T7a",3
REQ-002,TABEL,POOLDATA,TREATYBUSINESS,TABLE,COLUMNS,kelas bisnis treaty,PENTING,CONFIRMED,DDL_XLS 2026-09-18 10:36,"T3a,T7a",3
REQ-002,TABEL,POOLDATA,TREATYCONTRACT,TABLE,COLUMNS,masa berlaku kontrak,PENTING,CONFIRMED,DDL_XLS 2026-09-18 10:36,"T3a,T7a",3
REQ-002,TABEL,POOLDATA,CLAIMREJECTED,TABLE,COLUMNS,klaim pernah ditolak,PENTING,CONFIRMED,DDL_XLS 2026-09-18 10:36,"T3a,T7a",3
REQ-002,TABEL,POOLDATA,T_STORAGE_IMAGE,TABLE,COLUMNS,metadata dokumen,PENTING,CONFIRMED,DDL_XLS 2026-09-18 10:36,"T3a,T7a",3
REQ-002,TABEL,POOLDATA,CURRENCY,VIEW,COLUMNS+DATA,daftar mata uang; pasangan FINDING-001,PENTING,CONFIRMED,DDL_XLS 2026-09-18 10:36,T3a,"3,10"
REQ-002,TABEL,POOLDATA,TREATYINDETAIL,TABLE,COLUMNS,detail treaty-in,PENTING,CONFIRMED,DDL_XLS 2026-09-18 10:36,"T3e,T7a",3
REQ-002,TABEL,POOLDATA,TREATYINDETAILEDM,TABLE,COLUMNS,varian EDM,PENTING,CONFIRMED,DDL_XLS 2026-09-18 10:36,"T3e,T7a",3
REQ-002,TABEL,POOLDATA,REINSURANCETYPE,TABLE,COLUMNS,nama layer / tipe reasuransi,PENTING,CONFIRMED,DDL_XLS 2026-09-18 10:36,"T3e,T7a",3
REQ-002,TABEL,POOLDATA,CLAIMXOL,VIEW,COLUMNS,pendamping CLAIMXOL2,PENTING,CONFIRMED,DDL_XLS 2026-09-18 10:36,"T3e,T7a",3
REQ-002,TABEL,POOLDATA,M_CLIENT,TABLE,COLUMNS,data cedant,PELENGKAP,CONFIRMED,DDL_XLS 2026-09-18 10:36,T3a,3
REQ-002,TABEL,POOLDATA,AGENT,TABLE,COLUMNS,leader / broker,PELENGKAP,CONFIRMED,DDL_XLS 2026-09-18 10:36,T3a,3
REQ-002,TABEL,POOLDATA,MARKETINGOFFICER,TABLE,COLUMNS,MO per polis,PELENGKAP,CONFIRMED,DDL_XLS 2026-09-18 10:36,T3a,3
REQ-002,TABEL,POOLDATA,BUSINESS,TABLE,COLUMNS,kelas bisnis,PELENGKAP,CONFIRMED,DDL_XLS 2026-09-18 10:36,T3a,3
REQ-002,TABEL,POOLDATA,RW,TABLE,COLUMNS,wilayah,PELENGKAP,CONFIRMED,DDL_XLS 2026-09-18 10:36,T3a,3
REQ-002,TABEL,POOLDATA,CITY,VIEW,COLUMNS,wilayah,PELENGKAP,CONFIRMED,DDL_XLS 2026-09-18 10:36,T3a,3
REQ-002,TABEL,POOLDATA,KODE_PRODUKSI,TABLE,COLUMNS,kode produksi nomor akseptasi,PELENGKAP,CONFIRMED,DDL_XLS 2026-09-18 10:36,T3e,3
REQ-002,TABEL,POOLDATA,T_FOLDER_IMAGE,TABLE,COLUMNS,folder penyimpanan,PELENGKAP,CONFIRMED,DDL_XLS 2026-09-18 10:36,T3e,3
REQ-002,TABEL,POOLDATA,DIRECTTOKASIR_LOG,TABLE,COLUMNS,log integrasi kasir,PELENGKAP,CONFIRMED,DDL_XLS 2026-09-18 10:36,T3e,3
REQ-002,TABEL,REINSURANCE,TRLOSS_DETAIL_T,TABLE,COLUMNS,cek status konversi,PELENGKAP,CONFIRMED,terbaca literal di SQL XML | TIDAK ADA DI DDL,T3e,3
REQ-007,VIEW,POOLDATA,V_D_CAUSE_OF_LOSS_BUSINESS,VIEW,DEFINISI+COLUMNS,satu-satunya view yang benar-benar muncul di FROM,PENTING,CONFIRMED,DDL_XLS 2026-09-18 10:36,T3a,5C
REQ-007,VIEW,POOLDATA,V_MST_USER_TEKNIS,VIEW,DEFINISI+COLUMNS,daftar user teknis,PELENGKAP,CONFIRMED,DDL_XLS 2026-09-18 10:36,T3b,5C
REQ-007,VIEW,POOLDATA,V_M_CAUSE_OF_LOSS,VIEW,CEK ADA/TIDAK,hanya nama class; tidak pernah di FROM,PELENGKAP,CONFIRMED,DDL_XLS 2026-09-18 10:36,T3b,2A
REQ-007,VIEW,POOLDATA,V_D_CAUSE_OF_LOSS,VIEW,CEK ADA/TIDAK,hanya nama class; tidak pernah di FROM,PELENGKAP,CONFIRMED,DDL_XLS 2026-09-18 10:36,T3b,2A
REQ-007,VIEW,POOLDATA,V_POLIS,VIEW,CEK ADA/TIDAK,nama class 14 RDB List; diduga TIDAK ADA sbg objek,PENTING,CONFIRMED,DDL_XLS 2026-09-18 10:36,T3b,2A
REQ-003,PROCEDURE,POOLDATA,PEGA_JSON_OS_AKSEP_KLAIMTNP,PROCEDURE,SOURCE+ARGUMENTS,pemetaan 11 parameter CARIn ke kolom,BLOCKER,CONFIRMED,DDL_XLS 2026-09-18 10:36,-,"5A,5B"
REQ-003,PROCEDURE,POOLDATA,GETCURRENCYSTANDARD,FUNCTION,SOURCE+ARGUMENTS,sumber kurs; perilaku bila kurs kosong (eks-T6),BLOCKER,CONFIRMED,DDL_XLS 2026-09-18 10:36,-,"5A,5B"
REQ-003,PROCEDURE,POOLDATA,PROC_GENERATE_SEQUENCE_NUMBER,PROCEDURE,SOURCE+ARGUMENTS,pembentukan Nomor Akseptasi,BLOCKER,CONFIRMED,DDL_XLS 2026-09-18 10:36,-,"5A,5B"
REQ-003,PROCEDURE,POOLDATA,PEGA_JSON_KLAIM_PNC,PROCEDURE,SOURCE+ARGUMENTS,pemetaan 6 parameter ke json_klaim,PENTING,CONFIRMED,DDL_XLS 2026-09-18 10:36,-,"5A,5B"
REQ-003,PROCEDURE,POOLDATA,GET_TOKEN_STORAGE,PROCEDURE,SOURCE+ARGUMENTS,token penyimpanan dokumen,PENTING,CONFIRMED,DDL_XLS 2026-09-18 10:36,-,"5A,5B"
REQ-003,PROCEDURE,POOLDATA,PEGA_M_CAUSE_OF_LOSS,PROCEDURE,SOURCE+ARGUMENTS,upsert penyebab kerugian induk,PENTING,CONFIRMED,DDL_XLS 2026-09-18 10:36,-,"5A,5B"
REQ-003,PROCEDURE,POOLDATA,PEGA_D_CAUSE_OF_LOSS,PROCEDURE,SOURCE+ARGUMENTS,upsert penyebab kerugian detail,PENTING,CONFIRMED,DDL_XLS 2026-09-18 10:36,-,"5A,5B"
REQ-003,PROCEDURE,GL,F_GET_EMAIL,FUNCTION,SOURCE+ARGUMENTS,email cedant,PELENGKAP,CONFIRMED,terbaca literal di SQL XML | TIDAK ADA DI DDL,-,"5A,5B"
REQ-003,PROCEDURE,?,PLATNP_SEQ,SEQUENCE,DDL,nomor nota; PLATNP_SEQ.nextval di GenerateNoPLATNP,PELENGKAP,CONFIRMED,terbaca literal di SQL XML | TIDAK ADA DI DDL,T3a,5
REQ-012,CLASS PEGA,DATAPEGA,Data-Admin-DB-Table (ASM-FW-%),PEGA,CLASS_TABLE_MAP,menjawab pemetaan 18 class Report Definition sekaligus,BLOCKER,DERIVED,"diturunkan, belum terlihat literal | TIDAK ADA DI DDL | owner DATAPEGA disampaikan pengguna, belum diverifikasi",T5a,11
REQ-001,CLASS PEGA,DATAPEGA,PR4_* / PR_* (PegaRULES),TABLE,COLUMNS+DATA,definisi tipe & presisi Rule-Obj-Property,BLOCKER,DERIVED,"diturunkan, belum terlihat literal | TIDAK ADA DI DDL | owner DATAPEGA disampaikan pengguna, belum diverifikasi","T5a,T5b","1A,1B,1C,1D"
REQ-008,CLASS PEGA,DATAPEGA,tabel work ASM-FW-GCNMFW-Work,TABLE,COLUMNS,memisahkan properti EXPOSED vs IN-BLOB,PENTING,DERIVED,"diturunkan, belum terlihat literal | TIDAK ADA DI DDL | owner DATAPEGA disampaikan pengguna, belum diverifikasi",T5a,2C
REQ-007,CLASS PEGA,POOLDATA,ADJUSTERCONSULTANT,TABLE,CEK ADA/TIDAK,hanya dipakai Report Definition; nama belum terbukti,PELENGKAP,CONFIRMED,DDL_XLS 2026-09-18 10:36,T3b,2A
REQ-007,CLASS PEGA,POOLDATA,LST_BANK_GROUP,TABLE,CEK ADA/TIDAK,hanya dipakai Report Definition; nama belum terbukti,PELENGKAP,CONFIRMED,DDL_XLS 2026-09-18 10:36,T3b,2A
REQ-007,CLASS PEGA,POOLDATA,CATASTROPHE,TABLE,CEK ADA/TIDAK,hanya dipakai Report Definition; nama belum terbukti,PELENGKAP,CONFIRMED,DDL_XLS 2026-09-18 10:36,T3b,2A
REQ-007,CLASS PEGA,POOLDATA,PROVINCE,VIEW,CEK ADA/TIDAK,hanya dipakai Report Definition; nama belum terbukti,PELENGKAP,CONFIRMED,DDL_XLS 2026-09-18 10:36,T3b,2A
REQ-007,CLASS PEGA,POOLDATA,TREATYGROUP,TABLE,CEK ADA/TIDAK,hanya dipakai Report Definition; nama belum terbukti,PELENGKAP,CONFIRMED,DDL_XLS 2026-09-18 10:36,T3b,2A
REQ-007,CLASS PEGA,POOLDATA,CURRENCYSTANDARD,VIEW,CEK ADA/TIDAK,hanya dipakai Report Definition; nama belum terbukti,PELENGKAP,CONFIRMED,DDL_XLS 2026-09-18 10:36,T3b,2A
REQ-013,TABEL,?,(profil .CommentSuggest pada tabel riwayat),DATA_PROFILE,CACAH POLA TEKS,berapa riwayat persetujuan tak dapat direkonstruksi,PENTING,DERIVED,diturunkan dari FINDING-002 bagian 7,-,12
REQ-014,TABEL,?,(cacah baris TreatyType=UR per klaim),DATA_PROFILE,CACAH DUPLIKAT,mengukur kerusakan baseline shadow-run (ADR-0011),PENTING,DERIVED,diturunkan dari ADR-0011,-,13
REQ-015,TABEL,?,(status buka/tutup 8 klaim bertambalan),DATA_PROFILE,STATUS 8 BARIS,memangkas ruang lingkup tambalan yang perlu dibahas,PENTING,DERIVED,diturunkan dari BLUEPRINT bagian 7,-,14
REQ-017,TABEL,?,M_CURRENCYSTANDARD,TABLE/VIEW,DDL+COLUMNS,tabel dasar kurs; dibaca GETCURRENCYSTANDARD dan view CURRENCYSTANDARD,BLOCKER,CONFIRMED,"dirujuk di dalam DDL_XLS, DDL-nya sendiri tidak disertakan",T3a,3
REQ-017,TABEL,?,M_CAUSE_OF_LOSS,TABLE/VIEW,DDL+COLUMNS,tabel dasar di balik V_M_CAUSE_OF_LOSS,PELENGKAP,CONFIRMED,"dirujuk di dalam DDL_XLS, DDL-nya sendiri tidak disertakan",T3a,3
REQ-017,TABEL,?,D_CAUSE_OF_LOSS,TABLE/VIEW,DDL+COLUMNS,tabel dasar di balik V_D_CAUSE_OF_LOSS,PELENGKAP,CONFIRMED,"dirujuk di dalam DDL_XLS, DDL-nya sendiri tidak disertakan",T3a,3
REQ-017,TABEL,?,M_CURRENCY,TABLE/VIEW,DDL+COLUMNS,tabel dasar di balik view CURRENCY,PELENGKAP,CONFIRMED,"dirujuk di dalam DDL_XLS, DDL-nya sendiri tidak disertakan",T3a,3
REQ-017,TABEL,?,M_PROVINCE,TABLE/VIEW,DDL+COLUMNS,tabel dasar di balik view PROVINCE,PELENGKAP,CONFIRMED,"dirujuk di dalam DDL_XLS, DDL-nya sendiri tidak disertakan",T3a,3
REQ-017,TABEL,?,M_NATION,TABLE/VIEW,DDL+COLUMNS,dibaca GET_TOKEN_STORAGE,PELENGKAP,CONFIRMED,"dirujuk di dalam DDL_XLS, DDL-nya sendiri tidak disertakan",T3a,3
REQ-017,TABEL,?,BRANCH,TABLE/VIEW,DDL+COLUMNS,"dirujuk di dalam DDL, belum terbaca perannya",PELENGKAP,CONFIRMED,"dirujuk di dalam DDL_XLS, DDL-nya sendiri tidak disertakan",T3a,3
REQ-016,TABEL,POOLDATA,(profil case buatan VINCENTVERNANDO_1),DATA_PROFILE,CACAH + RENTANG TANGGAL,menentukan jalur lolos-penjenjangan itu hidup atau mati,BLOCKER,DERIVED,diturunkan dari FINDING-002 bagian 8,-,15
REQ-017,TABEL,?,TANGGAL_CLOSING,TABLE/VIEW,DDL+COLUMNS,tanggal tutup buku; menentukan periode nomor produksi,PENTING,CONFIRMED,"dirujuk di dalam DDL_XLS, DDL-nya sendiri tidak disertakan",T3a,3
REQ-017,TABEL,?,CITYINPUT,TABLE/VIEW,DDL+COLUMNS,dirujuk GET_TOKEN_STORAGE; verifikasi objek atau alias,PELENGKAP,CONFIRMED,"dirujuk di dalam DDL_XLS, DDL-nya sendiri tidak disertakan",T3a,3
REQ-017,TABEL,?,DISTRICTINPUT,TABLE/VIEW,DDL+COLUMNS,dirujuk GET_TOKEN_STORAGE; verifikasi objek atau alias,PELENGKAP,CONFIRMED,"dirujuk di dalam DDL_XLS, DDL-nya sendiri tidak disertakan",T3a,3
REQ-017,TABEL,?,RWINPUT,TABLE/VIEW,DDL+COLUMNS,dirujuk GET_TOKEN_STORAGE; verifikasi objek atau alias,PELENGKAP,CONFIRMED,"dirujuk di dalam DDL_XLS, DDL-nya sendiri tidak disertakan",T3a,3
REQ-017,TABEL,?,OS_AKSEPTASI_SUBJECTIVITY,TABLE/VIEW/DBLINK,DDL+COLUMNS,"tabel akseptasi kedua, cabang UNION di view CLAIMXOL",PENTING,CONFIRMED,dirujuk di dalam DDL_XLS 2026-09-18 10:36,"T3a,T5b",3
REQ-017,TABEL,?,MST_USER_TEKNIS,TABLE/VIEW/DBLINK,DDL+COLUMNS,tabel dasar di balik V_MST_USER_TEKNIS,PELENGKAP,CONFIRMED,dirujuk di dalam DDL_XLS 2026-09-18 10:36,"T3a,T5b",3
REQ-017,TABEL,?,hrdasm.v_hrd_mst@asmd.sinarmas.co.id,TABLE/VIEW/DBLINK,DDL+COLUMNS,database link ke sistem HRD; dibaca V_MST_USER_TEKNIS,PENTING,CONFIRMED,dirujuk di dalam DDL_XLS 2026-09-18 10:36,"T3a,T5b",3
REQ-021,CLASS PEGA,DATAPEGA,PC_ASM_FW_GCNMFW_WORK,TABLE,DDL+COLUMNS+GRANT,"tabel work Pega — TIDAK DIMIGRASI, hanya dibaca",BLOCKER,CONFIRMED,DDL ditempel pengguna 2026-09-18,T5a,2C
