status	nama	dipakai_di_xml	tabel_ddl
BERPASANGAN	ADJUSTERFEE	87	OS_AKSEPTASI_KLAIM
BERPASANGAN	ADJUSTERFEERNM	11	OS_AKSEPTASI_KLAIM
BERPASANGAN	ADJUSTERFEEVALUE	11	OS_AKSEPTASI_KLAIM
BERPASANGAN	APPFOLDER	2	T_STORAGE_IMAGE
BERPASANGAN	BEGINDATE	2	TREATYINPRODUCTION
BERPASANGAN	BRANCHDETAILID	1	MARKETINGOFFICER
BERPASANGAN	BRANCHDETAILNAME	1	MARKETINGOFFICER
BERPASANGAN	BRANCHOFBANK	12	BANKACCOUNT
BERPASANGAN	BUSINESSNAME	3	V_POLIS
BERPASANGAN	CASEID	1	CLAIMXOL2;OS_AKSEPTASI_KLAIM;V_POLIS
BERPASANGAN	CAUSEOFLOSS	6	OS_AKSEPTASI_KLAIM
BERPASANGAN	CAUSEOFLOSSID	6	OS_AKSEPTASI_KLAIM
BERPASANGAN	CEDING	1	TREATYINDETAIL;TREATYINDETAILEDM
BERPASANGAN	CEDINGCONAME	2	V_POLIS
BERPASANGAN	CITYID	1	RW
BERPASANGAN	CLAIM	8	TREATYINPRODUCTION
BERPASANGAN	CLASSOFBUSINESS	3	TREATYINDETAIL;TREATYINDETAILEDM
BERPASANGAN	CLASSOFBUSINESSID	1	TREATYINDETAIL;TREATYINDETAILEDM
BERPASANGAN	CLIENTID	1	AGENT;BANKACCOUNT;MARKETINGOFFICER
BERPASANGAN	CLIENTNAME	1	AGENT;BANKACCOUNT;MARKETINGOFFICER
BERPASANGAN	CNPLIMIT	11	OS_AKSEPTASI_KLAIM
BERPASANGAN	CNPMINDEP	9	OS_AKSEPTASI_KLAIM
BERPASANGAN	CNPOTHERSFEE	69	OS_AKSEPTASI_KLAIM
BERPASANGAN	CNPOTHERSFEERNM	11	OS_AKSEPTASI_KLAIM
BERPASANGAN	CNPPCTREINSTATE	10	OS_AKSEPTASI_KLAIM
BERPASANGAN	CNPREINSTATEMENT	15	OS_AKSEPTASI_KLAIM
BERPASANGAN	CNPREINSTATEMENTRNM	12	OS_AKSEPTASI_KLAIM
BERPASANGAN	COL_DESC	2	V_M_CAUSE_OF_LOSS
BERPASANGAN	CURRENCY	132	BANKACCOUNT;CURRENCY;OS_AKSEPTASI_KLAIM
BERPASANGAN	CURRENCYID	52	BANKACCOUNT;OS_AKSEPTASI_KLAIM
BERPASANGAN	DEDUCTIBLE	7	TREATYINDETAIL
BERPASANGAN	DEDUCTIBLEVALUE	1	OS_AKSEPTASI_KLAIM
BERPASANGAN	DESCRIPTION	1	V_D_CAUSE_OF_LOSS;V_D_CAUSE_OF_LOSS_BUSINESS
BERPASANGAN	DISTRICTID	1	RW
BERPASANGAN	D_COL_ID	4	V_D_CAUSE_OF_LOSS;V_D_CAUSE_OF_LOSS_BUSINESS
BERPASANGAN	ENDDATE	7	TREATYINPRODUCTION
BERPASANGAN	ENDDATETIME	1	V_POLIS
BERPASANGAN	ESTIMATIONDATE	3	OS_AKSEPTASI_KLAIM
BERPASANGAN	FILENAME	1	T_STORAGE_IMAGE
BERPASANGAN	FLAG	3	REINSURANCETYPE
BERPASANGAN	GROSSADJUSTMENT	12	OS_AKSEPTASI_KLAIM
BERPASANGAN	GROSSVALUE	22	OS_AKSEPTASI_KLAIM
BERPASANGAN	ID	18	ADJUSTERCONSULTANT;AGENT;BANKACCOUNT;BUSINESS;CATASTROPHE;CITY;CLAIMREJECTED;CURRENCY;CURRENCYSTANDARD;EMAILKOMITE;MARKETINGOFFICER;M_CLIENT;M_TREATY_IN;M_TREATY_IN_EDM;M_TREATY_OUT;M_TREATY_OUT_DETAIL;PROPORTIONALARRG;PROVINCE;REINSURANCETYPE;RW;TREATYBUSINESS;TREATYCONTRACT;TREATYGROUP;TREATYINDETAIL;TREATYINDETAILEDM
BERPASANGAN	IDOFBANK	20	BANKACCOUNT
BERPASANGAN	IDPEGA	2	DIRECTTOKASIR_LOG;JSON_KLAIM;JSON_POLIS;TREATYINPRODUCTION
BERPASANGAN	IMAGEID	5	T_STORAGE_IMAGE
BERPASANGAN	INSKEY	2	CLAIMREJECTED
BERPASANGAN	INSTALLMENTNO	8	TREATYINDETAIL;TREATYINDETAILEDM
BERPASANGAN	INSUREDNAME	4	TREATYINPRODUCTION
BERPASANGAN	KLAIMTYPE	1	CATASTROPHE
BERPASANGAN	KURS	23	PROPORTIONALARRG
BERPASANGAN	KURSIDR	8	OS_AKSEPTASI_KLAIM
BERPASANGAN	KURSVALUE	8	OS_AKSEPTASI_KLAIM
BERPASANGAN	LAYER	10	PROPORTIONALARRG;TREATYINDETAIL;TREATYINDETAILEDM;TREATYINPRODUCTION
BERPASANGAN	LAYERPART	2	PROPORTIONALARRG;TREATYINDETAIL;TREATYINDETAILEDM;TREATYINPRODUCTION
BERPASANGAN	LAYERPARTTYPE	1	PROPORTIONALARRG;TREATYINDETAIL;TREATYINDETAILEDM;TREATYINPRODUCTION
BERPASANGAN	LAYERTYPE	3	PROPORTIONALARRG;TREATYINDETAIL;TREATYINDETAILEDM;TREATYINPRODUCTION
BERPASANGAN	LIMIT_BOTTOM	3	EMAILKOMITE
BERPASANGAN	LOSS_CODE	1	V_D_CAUSE_OF_LOSS;V_D_CAUSE_OF_LOSS_BUSINESS
BERPASANGAN	MDP	8	TREATYINDETAIL
BERPASANGAN	M_COL_ID	5	V_D_CAUSE_OF_LOSS;V_D_CAUSE_OF_LOSS_BUSINESS;V_M_CAUSE_OF_LOSS
BERPASANGAN	NAME	1	ADJUSTERCONSULTANT;EMAILKOMITE
BERPASANGAN	NAMEOFBANK	14	BANKACCOUNT
BERPASANGAN	NOCLAIM	9	OS_AKSEPTASI_KLAIM
BERPASANGAN	NONKATASTROFETYPE	3	CATASTROPHE
BERPASANGAN	NOPOLIS	2	JSON_KLAIM;JSON_POLIS;OS_AKSEPTASI_KLAIM;TREATYINPRODUCTION
BERPASANGAN	NOTE	4	BANKACCOUNT;BUSINESS;CATASTROPHE;CITY;CURRENCY;PROVINCE;REINSURANCETYPE;RW
BERPASANGAN	OCCUPATION	2	PROPORTIONALARRG
BERPASANGAN	OLD_D_COL_ID	2	V_D_CAUSE_OF_LOSS;V_D_CAUSE_OF_LOSS_BUSINESS
BERPASANGAN	PAYMENTTYPE	3	OS_AKSEPTASI_KLAIM
BERPASANGAN	PCT	1	PROPORTIONALARRG
BERPASANGAN	PERSENRNM	15	OS_AKSEPTASI_KLAIM
BERPASANGAN	POLICYNO	4	V_POLIS
BERPASANGAN	PPHVALUE	2	TREATYINPRODUCTION
BERPASANGAN	PPNVALUE	2	TREATYINPRODUCTION
BERPASANGAN	PREMI	1	V_POLIS
BERPASANGAN	PROPORTIONTYPE	1	TREATYINDETAIL;TREATYINDETAILEDM
BERPASANGAN	PROVINCEID	1	CITY;RW
BERPASANGAN	REMARKS	2	AGENT
BERPASANGAN	SALVAGE	87	OS_AKSEPTASI_KLAIM
BERPASANGAN	SALVAGERNM	11	OS_AKSEPTASI_KLAIM
BERPASANGAN	SALVAGEVALUE	11	OS_AKSEPTASI_KLAIM
BERPASANGAN	SOURCEOFBUSINESS	2	V_POLIS
BERPASANGAN	STSKATASTROFE	1	CATASTROPHE
BERPASANGAN	STS_AKTIF	1	BANKACCOUNT;EMAILKOMITE;RW;V_D_CAUSE_OF_LOSS;V_D_CAUSE_OF_LOSS_BUSINESS
BERPASANGAN	STS_KLAIM	4	EMAILKOMITE
BERPASANGAN	STS_KONVERSI	2	JSON_KLAIM;JSON_POLIS;OS_AKSEPTASI_KLAIM
BERPASANGAN	STS_REJECT	1	EMAILKOMITE;OS_AKSEPTASI_KLAIM
BERPASANGAN	SWIFTCODE	7	BANKACCOUNT
BERPASANGAN	TANGGAL	1	CLAIMXOL2;MARKETINGOFFICER;OS_AKSEPTASI_KLAIM
BERPASANGAN	TEAMGROUP	1	MARKETINGOFFICER
BERPASANGAN	TGL_INPUT	1	CATASTROPHE;DIRECTTOKASIR_LOG;JSON_KLAIM;JSON_POLIS
BERPASANGAN	TOTALXOL	11	OS_AKSEPTASI_KLAIM
BERPASANGAN	TOTALXOLGROSS	11	OS_AKSEPTASI_KLAIM
BERPASANGAN	TOTALXOLLAYERRNM	11	OS_AKSEPTASI_KLAIM
BERPASANGAN	TOTALXOLRNM	13	OS_AKSEPTASI_KLAIM
BERPASANGAN	TREATYGROUP	3	TREATYINDETAIL;TREATYINDETAILEDM;TREATYINPRODUCTION
BERPASANGAN	TREATYGROUPID	1	PROPORTIONALARRG;TREATYBUSINESS;TREATYINDETAIL;TREATYINDETAILEDM;TREATYINPRODUCTION
BERPASANGAN	TREATYTYPE	13	TREATYINDETAIL;TREATYINDETAILEDM;TREATYINPRODUCTION
BERPASANGAN	TREATYYEAR	1	PROPORTIONALARRG;TREATYBUSINESS;TREATYINDETAIL;TREATYINDETAILEDM
BERPASANGAN	TSI	1	V_POLIS
BERPASANGAN	TYPE	8	KODE_PRODUKSI;OS_AKSEPTASI_KLAIM;REINSURANCETYPE;V_POLIS
BERPASANGAN	TYPELOSSID	5	OS_AKSEPTASI_KLAIM
BERPASANGAN	URLPUBLIC	1	T_STORAGE_IMAGE
BERPASANGAN	USD	10	PROPORTIONALARRG
BERPASANGAN	USERNAME	2	ADJUSTERCONSULTANT;BANKACCOUNT;JSON_POLIS
BERPASANGAN	USER_INPUT	1	CATASTROPHE
BERPASANGAN	VALUE	87	OS_AKSEPTASI_KLAIM
BERPASANGAN	XOL	19	CLAIMXOL2;OS_AKSEPTASI_KLAIM
BERPASANGAN	XOLID	5	OS_AKSEPTASI_KLAIM
KOLOM_TANPA_PROPERTI	ACCEPTEDNO	0	OS_AKSEPTASI_KLAIM
KOLOM_TANPA_PROPERTI	ACCOUNTNO	0	BANKACCOUNT
KOLOM_TANPA_PROPERTI	ADDRESS	0	ADJUSTERCONSULTANT
KOLOM_TANPA_PROPERTI	ADJ_RATE	0	TREATYINDETAIL
KOLOM_TANPA_PROPERTI	AGENTTPYE	0	AGENT
KOLOM_TANPA_PROPERTI	AGENTTPYE2	0	AGENT
KOLOM_TANPA_PROPERTI	AKSES_LOGIN	0	MARKETINGOFFICER
KOLOM_TANPA_PROPERTI	APPNAME	0	T_FOLDER_IMAGE;T_STORAGE_IMAGE
KOLOM_TANPA_PROPERTI	APPROVEDATE	0	BANKACCOUNT
KOLOM_TANPA_PROPERTI	ASSESMENT_ZONE	0	RW
KOLOM_TANPA_PROPERTI	BALANCE_BEFORE_PPH	0	TREATYINPRODUCTION
KOLOM_TANPA_PROPERTI	BALANCE_BEFORE_TAX	0	TREATYINPRODUCTION
KOLOM_TANPA_PROPERTI	BALANCE_DUE_TO	0	TREATYINPRODUCTION
KOLOM_TANPA_PROPERTI	BISNISID	0	V_D_CAUSE_OF_LOSS;V_D_CAUSE_OF_LOSS_BUSINESS
KOLOM_TANPA_PROPERTI	BISNISNAME	0	V_D_CAUSE_OF_LOSS
KOLOM_TANPA_PROPERTI	BIZCODE	0	TREATYBUSINESS
KOLOM_TANPA_PROPERTI	BIZNAME	0	TREATYBUSINESS
KOLOM_TANPA_PROPERTI	BRANCHID	0	CITY
KOLOM_TANPA_PROPERTI	BRANCHNAME	0	CITY
KOLOM_TANPA_PROPERTI	BRANCHPARENT	0	MARKETINGOFFICER
KOLOM_TANPA_PROPERTI	BRANCHSTATUS	0	MARKETINGOFFICER
KOLOM_TANPA_PROPERTI	BRANDNAME	0	OS_AKSEPTASI_KLAIM
KOLOM_TANPA_PROPERTI	BROKERAGE	0	TREATYINDETAIL;TREATYINDETAILEDM
KOLOM_TANPA_PROPERTI	BUSINESSCODE	0	TREATYINPRODUCTION;V_POLIS
KOLOM_TANPA_PROPERTI	BUSINESSGROUPID	0	BUSINESS
KOLOM_TANPA_PROPERTI	BUSINESSGROUPNAME	0	BUSINESS
KOLOM_TANPA_PROPERTI	BUSINESSTYPE	0	V_POLIS
KOLOM_TANPA_PROPERTI	BU_ID	0	AGENT
KOLOM_TANPA_PROPERTI	CAUSE	0	AGENT
KOLOM_TANPA_PROPERTI	CEDINGCO	0	TREATYINPRODUCTION;V_POLIS
KOLOM_TANPA_PROPERTI	CEDINGCOID	0	TREATYINPRODUCTION
KOLOM_TANPA_PROPERTI	CEDINGID	0	TREATYINDETAIL;TREATYINDETAILEDM
KOLOM_TANPA_PROPERTI	CESSIONCURRENCY	0	TREATYINDETAIL;TREATYINDETAILEDM
KOLOM_TANPA_PROPERTI	CESSIONVALUE	0	TREATYINDETAIL;TREATYINDETAILEDM
KOLOM_TANPA_PROPERTI	CHILDCOUNT	0	AGENT
KOLOM_TANPA_PROPERTI	CITYNAME	0	RW
KOLOM_TANPA_PROPERTI	CLAIMOLD	0	OS_AKSEPTASI_KLAIM
KOLOM_TANPA_PROPERTI	CLAIMPAYMENTTYPE	0	TREATYINPRODUCTION
KOLOM_TANPA_PROPERTI	CLAIMTYPE	0	TREATYINPRODUCTION
KOLOM_TANPA_PROPERTI	CLAUSE	0	PROPORTIONALARRG
KOLOM_TANPA_PROPERTI	CLIENTID2	0	MARKETINGOFFICER
KOLOM_TANPA_PROPERTI	CLIENTIDCON	0	V_POLIS
KOLOM_TANPA_PROPERTI	CLIENTIDORG	0	V_POLIS
KOLOM_TANPA_PROPERTI	COAID	0	TREATYGROUP
KOLOM_TANPA_PROPERTI	CODE	0	REINSURANCETYPE
KOLOM_TANPA_PROPERTI	COINS_MAX	0	PROPORTIONALARRG
KOLOM_TANPA_PROPERTI	COINS_MIN	0	PROPORTIONALARRG
KOLOM_TANPA_PROPERTI	COMMENCEMENT	0	TREATYINDETAIL;TREATYINDETAILEDM
KOLOM_TANPA_PROPERTI	CONTENTNOTE	0	BUSINESS
KOLOM_TANPA_PROPERTI	CONVEYANCENAME	0	OS_AKSEPTASI_KLAIM
KOLOM_TANPA_PROPERTI	COUNTRYID	0	AGENT;CURRENCY
KOLOM_TANPA_PROPERTI	COUNTRYNAME	0	AGENT;CURRENCY
KOLOM_TANPA_PROPERTI	COVERAGEID	0	OS_AKSEPTASI_KLAIM
KOLOM_TANPA_PROPERTI	COVERAGENAME	0	OS_AKSEPTASI_KLAIM
KOLOM_TANPA_PROPERTI	CREATEDATE	0	BANKACCOUNT
KOLOM_TANPA_PROPERTI	CREATEOPERATOR	0	CLAIMREJECTED
KOLOM_TANPA_PROPERTI	CREATEOPNAME	0	CLAIMREJECTED
KOLOM_TANPA_PROPERTI	CURRENCYDATE	0	CURRENCYSTANDARD
KOLOM_TANPA_PROPERTI	CURRENCYSYMBOL	0	CURRENCY
KOLOM_TANPA_PROPERTI	CURRENCYVALUE	0	CURRENCYSTANDARD
KOLOM_TANPA_PROPERTI	CURRENCY_EQ	0	TREATYINDETAIL;TREATYINDETAILEDM
KOLOM_TANPA_PROPERTI	CURRENCY_FLOOD_JABO	0	TREATYINDETAIL;TREATYINDETAILEDM
KOLOM_TANPA_PROPERTI	CURRENCY_FLOOD_NATION	0	TREATYINDETAIL;TREATYINDETAILEDM
KOLOM_TANPA_PROPERTI	CURRENCY_RSMD	0	TREATYINDETAIL;TREATYINDETAILEDM
KOLOM_TANPA_PROPERTI	CURR_ID	0	TREATYINPRODUCTION
KOLOM_TANPA_PROPERTI	CUSTOMERNAME	0	V_POLIS
KOLOM_TANPA_PROPERTI	CZONE	0	RW
KOLOM_TANPA_PROPERTI	DATA_JSON	0	DIRECTTOKASIR_LOG;JSON_KLAIM;JSON_POLIS;OS_AKSEPTASI_KLAIM
KOLOM_TANPA_PROPERTI	DEDUCTABLECOST	0	BUSINESS
KOLOM_TANPA_PROPERTI	DEDUCTIBLE2	0	TREATYINDETAIL
KOLOM_TANPA_PROPERTI	DEDUCTION1	0	TREATYINDETAIL;TREATYINDETAILEDM;TREATYINPRODUCTION
KOLOM_TANPA_PROPERTI	DEDUCTION2	0	TREATYINDETAIL;TREATYINDETAILEDM;TREATYINPRODUCTION
KOLOM_TANPA_PROPERTI	DEGREE	0	EMAILKOMITE
KOLOM_TANPA_PROPERTI	DISCOUNT	0	V_POLIS
KOLOM_TANPA_PROPERTI	DISTRICTNAME	0	RW
KOLOM_TANPA_PROPERTI	DLANO_CEDING	0	OS_AKSEPTASI_KLAIM
KOLOM_TANPA_PROPERTI	DLANO_SOB	0	OS_AKSEPTASI_KLAIM
KOLOM_TANPA_PROPERTI	DLA_DATE	0	OS_AKSEPTASI_KLAIM
KOLOM_TANPA_PROPERTI	DLA_NO	0	OS_AKSEPTASI_KLAIM
KOLOM_TANPA_PROPERTI	DLA_OP	0	OS_AKSEPTASI_KLAIM
KOLOM_TANPA_PROPERTI	DUE_TO	0	TREATYINPRODUCTION
KOLOM_TANPA_PROPERTI	EDITDATE	0	ADJUSTERCONSULTANT
KOLOM_TANPA_PROPERTI	EDMDATE	0	M_TREATY_IN_EDM
KOLOM_TANPA_PROPERTI	EMAIL	0	CITY;EMAILKOMITE
KOLOM_TANPA_PROPERTI	EMAIL_CC	0	BANKACCOUNT
KOLOM_TANPA_PROPERTI	EMAIL_CEDING	0	BANKACCOUNT
KOLOM_TANPA_PROPERTI	EMAIL_TO	0	BANKACCOUNT
KOLOM_TANPA_PROPERTI	ENDCONTRACT	0	AGENT
KOLOM_TANPA_PROPERTI	ENDORSECOST	0	BUSINESS
KOLOM_TANPA_PROPERTI	EPICURRENCY	0	TREATYINDETAIL;TREATYINDETAILEDM
KOLOM_TANPA_PROPERTI	EPIVALUE	0	TREATYINDETAIL;TREATYINDETAILEDM
KOLOM_TANPA_PROPERTI	ERR_NOTE	0	JSON_POLIS;OS_AKSEPTASI_KLAIM
KOLOM_TANPA_PROPERTI	EXCESS_LOSS	0	TREATYINPRODUCTION
KOLOM_TANPA_PROPERTI	EXPDATE	0	T_STORAGE_IMAGE
KOLOM_TANPA_PROPERTI	GOODSNAME	0	OS_AKSEPTASI_KLAIM
KOLOM_TANPA_PROPERTI	GROUPPANEL	0	BUSINESS
KOLOM_TANPA_PROPERTI	GROUPTYPE	0	REINSURANCETYPE
KOLOM_TANPA_PROPERTI	GUARANTEE_FUND	0	TREATYINPRODUCTION
KOLOM_TANPA_PROPERTI	IDPROD	0	JSON_KLAIM
KOLOM_TANPA_PROPERTI	IDTREATYYEAR	0	TREATYCONTRACT
KOLOM_TANPA_PROPERTI	ID_CLAUSE	0	PROPORTIONALARRG
KOLOM_TANPA_PROPERTI	ID_LVL1	0	AGENT
KOLOM_TANPA_PROPERTI	ID_OCCUPATION	0	PROPORTIONALARRG
KOLOM_TANPA_PROPERTI	INPUTDATE	0	CURRENCYSTANDARD
KOLOM_TANPA_PROPERTI	INSERTDATE	0	AGENT
KOLOM_TANPA_PROPERTI	INSERT_OP	0	OS_AKSEPTASI_KLAIM
KOLOM_TANPA_PROPERTI	INSNAME	0	CLAIMREJECTED
KOLOM_TANPA_PROPERTI	INSUREDID	0	TREATYINPRODUCTION
KOLOM_TANPA_PROPERTI	ISACTIVE	0	TREATYBUSINESS
KOLOM_TANPA_PROPERTI	ISEQAREA	0	RW
KOLOM_TANPA_PROPERTI	ISFLOODAREA	0	RW
KOLOM_TANPA_PROPERTI	ISOSYMBOL	0	CURRENCY
KOLOM_TANPA_PROPERTI	JABATAN	0	EMAILKOMITE
KOLOM_TANPA_PROPERTI	JABODETABEKSTATUS	0	CITY
KOLOM_TANPA_PROPERTI	JENIS_TREATY	0	TREATYINPRODUCTION
KOLOM_TANPA_PROPERTI	JN_REAS	0	TREATYINPRODUCTION
KOLOM_TANPA_PROPERTI	JSONDATA	0	LST_BANK_GROUP;M_CLIENT;M_TREATY_IN;M_TREATY_IN_EDM;M_TREATY_OUT;M_TREATY_OUT_DETAIL
KOLOM_TANPA_PROPERTI	JSON_CALLBACK	0	BANKACCOUNT
KOLOM_TANPA_PROPERTI	JSON_KASIR	0	BANKACCOUNT
KOLOM_TANPA_PROPERTI	JSON_RESPON	0	BANKACCOUNT
KOLOM_TANPA_PROPERTI	KET	0	DIRECTTOKASIR_LOG
KOLOM_TANPA_PROPERTI	KODE	0	KODE_PRODUKSI
KOLOM_TANPA_PROPERTI	LABEL	0	CLAIMREJECTED
KOLOM_TANPA_PROPERTI	LBG_ID	0	LST_BANK_GROUP
KOLOM_TANPA_PROPERTI	LBG_ID_OLD	0	LST_BANK_GROUP
KOLOM_TANPA_PROPERTI	LEADER0	0	AGENT
KOLOM_TANPA_PROPERTI	LIMITCURRENCY	0	TREATYINDETAIL;TREATYINDETAILEDM
KOLOM_TANPA_PROPERTI	LIMITVALUE	0	TREATYINDETAIL;TREATYINDETAILEDM
KOLOM_TANPA_PROPERTI	LIMIT_EQ	0	TREATYINDETAIL;TREATYINDETAILEDM
KOLOM_TANPA_PROPERTI	LIMIT_FLOOD_JABO	0	TREATYINDETAIL;TREATYINDETAILEDM
KOLOM_TANPA_PROPERTI	LIMIT_FLOOD_NATION	0	TREATYINDETAIL;TREATYINDETAILEDM
KOLOM_TANPA_PROPERTI	LIMIT_RSMD	0	TREATYINDETAIL;TREATYINDETAILEDM
KOLOM_TANPA_PROPERTI	LIMIT_TOP	0	EMAILKOMITE
KOLOM_TANPA_PROPERTI	LINE	0	PROPORTIONALARRG
KOLOM_TANPA_PROPERTI	LVL_1	0	AGENT
KOLOM_TANPA_PROPERTI	MARKETINGCODE	0	V_POLIS
KOLOM_TANPA_PROPERTI	MARKETINGOFFICERCODE	0	TREATYINPRODUCTION
KOLOM_TANPA_PROPERTI	MARKETING_NAME	0	TREATYINPRODUCTION
KOLOM_TANPA_PROPERTI	MASTERID	0	OS_AKSEPTASI_KLAIM
KOLOM_TANPA_PROPERTI	MAXDISC	0	BUSINESS
KOLOM_TANPA_PROPERTI	MDPCURRENCY	0	TREATYINDETAIL;TREATYINDETAILEDM
KOLOM_TANPA_PROPERTI	MDPVALUE	0	TREATYINDETAIL;TREATYINDETAILEDM
KOLOM_TANPA_PROPERTI	MDP_PCT	0	TREATYINDETAIL
KOLOM_TANPA_PROPERTI	METHOD	0	PROPORTIONALARRG
KOLOM_TANPA_PROPERTI	MINPREMI	0	BUSINESS
KOLOM_TANPA_PROPERTI	MKT_LEADER	0	AGENT
KOLOM_TANPA_PROPERTI	MNK_NO_KLAIM	0	JSON_KLAIM
KOLOM_TANPA_PROPERTI	MODELNAME	0	OS_AKSEPTASI_KLAIM
KOLOM_TANPA_PROPERTI	MOID	0	CITY
KOLOM_TANPA_PROPERTI	MOLEADER	0	MARKETINGOFFICER
KOLOM_TANPA_PROPERTI	MORERP	0	PROPORTIONALARRG
KOLOM_TANPA_PROPERTI	MOREUSD	0	PROPORTIONALARRG
KOLOM_TANPA_PROPERTI	MOSTATUS	0	MARKETINGOFFICER
KOLOM_TANPA_PROPERTI	NATION	0	RW
KOLOM_TANPA_PROPERTI	NATIONID	0	PROVINCE
KOLOM_TANPA_PROPERTI	NATIONNAME	0	PROVINCE
KOLOM_TANPA_PROPERTI	NETFORCOLLECTION	0	OS_AKSEPTASI_KLAIM
KOLOM_TANPA_PROPERTI	NETPREMICURRENCY	0	TREATYINDETAIL;TREATYINDETAILEDM
KOLOM_TANPA_PROPERTI	NETPREMIVALUE	0	TREATYINDETAIL;TREATYINDETAILEDM
KOLOM_TANPA_PROPERTI	NET_PREMIUM	0	TREATYINPRODUCTION
KOLOM_TANPA_PROPERTI	NOAKSEPTASI	0	DIRECTTOKASIR_LOG
KOLOM_TANPA_PROPERTI	NOENDORS	0	JSON_POLIS;TREATYINPRODUCTION
KOLOM_TANPA_PROPERTI	NOOFFER	0	TREATYINPRODUCTION
KOLOM_TANPA_PROPERTI	NOTEINA	0	BUSINESS
KOLOM_TANPA_PROPERTI	NOTEING	0	BUSINESS
KOLOM_TANPA_PROPERTI	NOTE_APPROVE	0	BANKACCOUNT
KOLOM_TANPA_PROPERTI	NOURUT	0	REINSURANCETYPE
KOLOM_TANPA_PROPERTI	NO_HP_CEDING	0	BANKACCOUNT
KOLOM_TANPA_PROPERTI	OBJCLASS	0	CLAIMREJECTED
KOLOM_TANPA_PROPERTI	OBJECTID	0	OS_AKSEPTASI_KLAIM
KOLOM_TANPA_PROPERTI	OBJECTITEMNAME	0	OS_AKSEPTASI_KLAIM
KOLOM_TANPA_PROPERTI	OBJECTNAME	0	OS_AKSEPTASI_KLAIM
KOLOM_TANPA_PROPERTI	OJKBUSINESSID	0	TREATYGROUP
KOLOM_TANPA_PROPERTI	OJKBUSINESSNAME	0	TREATYGROUP
KOLOM_TANPA_PROPERTI	OJKBUSINESSNAMEIDN	0	TREATYGROUP
KOLOM_TANPA_PROPERTI	OLDID	0	AGENT;BUSINESS;CURRENCY;M_CLIENT;M_TREATY_IN_EDM;TREATYGROUP
KOLOM_TANPA_PROPERTI	OLDNOPOLIS	0	JSON_POLIS
KOLOM_TANPA_PROPERTI	OLD_M_COL_ID	0	V_M_CAUSE_OF_LOSS
KOLOM_TANPA_PROPERTI	OPERATOR_ID	0	EMAILKOMITE
KOLOM_TANPA_PROPERTI	ORDERNO	0	TREATYGROUP
KOLOM_TANPA_PROPERTI	OTHERCAUSE	0	AGENT
KOLOM_TANPA_PROPERTI	OUTSTANDING_CLAIM	0	TREATYINPRODUCTION
KOLOM_TANPA_PROPERTI	OVERRIDING_COMM_OGP	0	TREATYINPRODUCTION
KOLOM_TANPA_PROPERTI	OVERRIDING_COMM_ONP	0	TREATYINPRODUCTION
KOLOM_TANPA_PROPERTI	PACKINGNAME	0	OS_AKSEPTASI_KLAIM
KOLOM_TANPA_PROPERTI	PARENTREINSTYPEID	0	PROPORTIONALARRG
KOLOM_TANPA_PROPERTI	PCTME	0	PROPORTIONALARRG
KOLOM_TANPA_PROPERTI	PCT_SHARE	0	RW
KOLOM_TANPA_PROPERTI	PCT_SHARE_CLAIM	0	TREATYINPRODUCTION
KOLOM_TANPA_PROPERTI	PCT_SHARE_PREMI	0	TREATYINPRODUCTION
KOLOM_TANPA_PROPERTI	PERCENT_OVERRIDING_COMM_OGP	0	TREATYINPRODUCTION
KOLOM_TANPA_PROPERTI	PERCENT_OVERRIDING_COMM_ONP	0	TREATYINPRODUCTION
KOLOM_TANPA_PROPERTI	PERCENT_RI_COMM_OGP	0	TREATYINPRODUCTION
KOLOM_TANPA_PROPERTI	PERCENT_RI_COMM_ONP	0	TREATYINPRODUCTION
KOLOM_TANPA_PROPERTI	POLICYCOST	0	BUSINESS
KOLOM_TANPA_PROPERTI	PREMIUM_EARNED	0	TREATYINDETAIL
KOLOM_TANPA_PROPERTI	PREMI_OGP	0	TREATYINPRODUCTION
KOLOM_TANPA_PROPERTI	PREMI_ONP	0	TREATYINPRODUCTION
KOLOM_TANPA_PROPERTI	PRODKE	0	JSON_POLIS;V_POLIS
KOLOM_TANPA_PROPERTI	PRODUCTIONDATE	0	V_POLIS
KOLOM_TANPA_PROPERTI	PROD_DATE	0	TREATYINPRODUCTION
KOLOM_TANPA_PROPERTI	PROPORTIONALLIST	0	PROPORTIONALARRG
KOLOM_TANPA_PROPERTI	PROPORTIONALTYPE	0	TREATYINPRODUCTION
KOLOM_TANPA_PROPERTI	PROVINCENAME	0	CITY;RW
KOLOM_TANPA_PROPERTI	PXCREATEOPERATOR	0	RW
KOLOM_TANPA_PROPERTI	QQ	0	V_POLIS
KOLOM_TANPA_PROPERTI	QS_OR	0	TREATYINDETAIL;TREATYINDETAILEDM
KOLOM_TANPA_PROPERTI	QS_PCT	0	TREATYINDETAIL;TREATYINDETAILEDM
KOLOM_TANPA_PROPERTI	QS_RI	0	TREATYINDETAIL;TREATYINDETAILEDM
KOLOM_TANPA_PROPERTI	QUARTER	0	TREATYINPRODUCTION
KOLOM_TANPA_PROPERTI	QUARTER_YEAR	0	TREATYINPRODUCTION
KOLOM_TANPA_PROPERTI	REINSTYPEID	0	PROPORTIONALARRG;TREATYBUSINESS;TREATYCONTRACT
KOLOM_TANPA_PROPERTI	REINSTYPENAME	0	PROPORTIONALARRG;TREATYBUSINESS;TREATYCONTRACT
KOLOM_TANPA_PROPERTI	REMARK	0	CLAIMREJECTED
KOLOM_TANPA_PROPERTI	REMARKSTATUS	0	AGENT
KOLOM_TANPA_PROPERTI	RETENTIONCURRENCY	0	TREATYINDETAIL;TREATYINDETAILEDM
KOLOM_TANPA_PROPERTI	RETENTIONVALUE	0	TREATYINDETAIL;TREATYINDETAILEDM
KOLOM_TANPA_PROPERTI	RIOGR	0	TREATYINDETAIL;TREATYINDETAILEDM
KOLOM_TANPA_PROPERTI	RIONR	0	TREATYINDETAIL;TREATYINDETAILEDM
KOLOM_TANPA_PROPERTI	RI_COMM_OGP	0	TREATYINPRODUCTION
KOLOM_TANPA_PROPERTI	RI_COMM_ONP	0	TREATYINPRODUCTION
KOLOM_TANPA_PROPERTI	RN	0	V_POLIS
KOLOM_TANPA_PROPERTI	RNM_SHARE	0	OS_AKSEPTASI_KLAIM;TREATYINDETAIL;TREATYINDETAILEDM
KOLOM_TANPA_PROPERTI	RNWSTATUS	0	V_POLIS
KOLOM_TANPA_PROPERTI	ROL_PCT	0	TREATYINDETAIL
KOLOM_TANPA_PROPERTI	RP	0	PROPORTIONALARRG
KOLOM_TANPA_PROPERTI	SELECTRENEWAL	0	V_POLIS
KOLOM_TANPA_PROPERTI	SHARECURRENCY	0	TREATYINDETAIL;TREATYINDETAILEDM
KOLOM_TANPA_PROPERTI	SHAREVALUE	0	TREATYINDETAIL;TREATYINDETAILEDM
KOLOM_TANPA_PROPERTI	SHARE_VALUE	0	TREATYINPRODUCTION
KOLOM_TANPA_PROPERTI	SOANOTE	0	REINSURANCETYPE
KOLOM_TANPA_PROPERTI	SOB	0	TREATYINDETAIL;TREATYINDETAILEDM;TREATYINPRODUCTION
KOLOM_TANPA_PROPERTI	SOBID	0	TREATYINDETAIL;TREATYINDETAILEDM;TREATYINPRODUCTION
KOLOM_TANPA_PROPERTI	SOB_TYPE	0	AGENT
KOLOM_TANPA_PROPERTI	SOURCEOFBUSINESSNAME	0	V_POLIS
KOLOM_TANPA_PROPERTI	SOURCEOFBUSINESSROOT	0	V_POLIS
KOLOM_TANPA_PROPERTI	SPL_LINE	0	TREATYINDETAIL;TREATYINDETAILEDM
KOLOM_TANPA_PROPERTI	SPREADINGORDER	0	PROPORTIONALARRG
KOLOM_TANPA_PROPERTI	SPREADINGTYPE	0	TREATYINDETAIL;TREATYINDETAILEDM
KOLOM_TANPA_PROPERTI	SPREADINGTYPEID	0	TREATYINDETAIL;TREATYINDETAILEDM
KOLOM_TANPA_PROPERTI	SPREAD_RNM_SHARE_PCT	0	TREATYINDETAIL
KOLOM_TANPA_PROPERTI	SPREAD_RNM_SHARE_VALUE	0	TREATYINDETAIL
KOLOM_TANPA_PROPERTI	STAMPENDORSE	0	BUSINESS
KOLOM_TANPA_PROPERTI	STAMPPOLICY	0	BUSINESS
KOLOM_TANPA_PROPERTI	STARTCONTRACT	0	AGENT
KOLOM_TANPA_PROPERTI	STARTDATETIME	0	V_POLIS
KOLOM_TANPA_PROPERTI	STATEMENT_DATE	0	TREATYINPRODUCTION
KOLOM_TANPA_PROPERTI	STATEMENT_TYPE	0	TREATYINPRODUCTION
KOLOM_TANPA_PROPERTI	STATUSACTIVE	0	AGENT
KOLOM_TANPA_PROPERTI	STATUSRANDOMTF	0	BUSINESS
KOLOM_TANPA_PROPERTI	STATUSSYARIAH	0	BUSINESS
KOLOM_TANPA_PROPERTI	STATUSWORK	0	CLAIMREJECTED
KOLOM_TANPA_PROPERTI	STORAGE	0	T_STORAGE_IMAGE
KOLOM_TANPA_PROPERTI	STS_ADJ	0	EMAILKOMITE
KOLOM_TANPA_PROPERTI	STS_ADJUSTER	0	EMAILKOMITE
KOLOM_TANPA_PROPERTI	STS_CODE	0	BANKACCOUNT
KOLOM_TANPA_PROPERTI	STS_COMMERCIAL	0	AGENT
KOLOM_TANPA_PROPERTI	STS_DLA	0	OS_AKSEPTASI_KLAIM
KOLOM_TANPA_PROPERTI	STS_KONVERSI_RETRO	0	JSON_POLIS
KOLOM_TANPA_PROPERTI	STS_PKP	0	AGENT
KOLOM_TANPA_PROPERTI	STS_REG	0	EMAILKOMITE
KOLOM_TANPA_PROPERTI	STS_SALVAGE	0	EMAILKOMITE
KOLOM_TANPA_PROPERTI	STS_SURVEY	0	EMAILKOMITE
KOLOM_TANPA_PROPERTI	STS_VA	0	BANKACCOUNT
KOLOM_TANPA_PROPERTI	TANGGAL_UPDATE	0	RW
KOLOM_TANPA_PROPERTI	TANGGAL_UPLOAD	0	T_STORAGE_IMAGE
KOLOM_TANPA_PROPERTI	TELPNO	0	ADJUSTERCONSULTANT
KOLOM_TANPA_PROPERTI	TERMINATION	0	TREATYINDETAIL;TREATYINDETAILEDM
KOLOM_TANPA_PROPERTI	TERRITORIALLIMIT	0	PROPORTIONALARRG
KOLOM_TANPA_PROPERTI	TGLUPDATE	0	PROPORTIONALARRG;REINSURANCETYPE;TREATYBUSINESS;TREATYCONTRACT;TREATYGROUP
KOLOM_TANPA_PROPERTI	TGL_KONVERSI	0	JSON_KLAIM;JSON_POLIS;OS_AKSEPTASI_KLAIM
KOLOM_TANPA_PROPERTI	TGL_KONVERSI_RETRO	0	JSON_POLIS
KOLOM_TANPA_PROPERTI	TGL_PROD	0	JSON_POLIS;OS_AKSEPTASI_KLAIM
KOLOM_TANPA_PROPERTI	TREATYCONTRACTNAME	0	TREATYINDETAIL;TREATYINDETAILEDM
KOLOM_TANPA_PROPERTI	TREATYDESCID	0	PROPORTIONALARRG
KOLOM_TANPA_PROPERTI	TREATYDESCNAME	0	PROPORTIONALARRG
KOLOM_TANPA_PROPERTI	TREATYENDDATE	0	TREATYCONTRACT
KOLOM_TANPA_PROPERTI	TREATYGROUPNAME	0	PROPORTIONALARRG;TREATYBUSINESS;TREATYGROUP
KOLOM_TANPA_PROPERTI	TREATYGROUPSOANAME	0	TREATYGROUP
KOLOM_TANPA_PROPERTI	TREATYID	0	TREATYINDETAIL;TREATYINDETAILEDM
KOLOM_TANPA_PROPERTI	TREATYLIMIT	0	PROPORTIONALARRG
KOLOM_TANPA_PROPERTI	TREATYSTARTDATE	0	TREATYCONTRACT
KOLOM_TANPA_PROPERTI	TREATYYEARID	0	PROPORTIONALARRG;TREATYBUSINESS
KOLOM_TANPA_PROPERTI	TYPELOSSNAME	0	OS_AKSEPTASI_KLAIM
KOLOM_TANPA_PROPERTI	TYPE_BUSINESS	0	EMAILKOMITE
KOLOM_TANPA_PROPERTI	TYPE_KOMITE	0	EMAILKOMITE
KOLOM_TANPA_PROPERTI	UPDATEDATETIME	0	CLAIMREJECTED
KOLOM_TANPA_PROPERTI	UPDATEOPERATOR	0	CLAIMREJECTED
KOLOM_TANPA_PROPERTI	UPDATEOPNAME	0	CLAIMREJECTED
KOLOM_TANPA_PROPERTI	UPDATETIME	0	AGENT
KOLOM_TANPA_PROPERTI	UPDATEUSER	0	AGENT
KOLOM_TANPA_PROPERTI	USERID	0	CURRENCYSTANDARD;PROPORTIONALARRG;REINSURANCETYPE;TREATYBUSINESS;TREATYCONTRACT;TREATYGROUP
KOLOM_TANPA_PROPERTI	USERUPDATE	0	MARKETINGOFFICER
KOLOM_TANPA_PROPERTI	UW_YEAR	0	TREATYINPRODUCTION
KOLOM_TANPA_PROPERTI	VA_CONTRACT_NO	0	AGENT
KOLOM_TANPA_PROPERTI	YDCF	0	PROPORTIONALARRG
KOLOM_TANPA_PROPERTI	ZIPCODE	0	CITY;RW
KOLOM_TANPA_PROPERTI	ZONA	0	RW
PROPERTI_TANPA_KOLOM	ACCEPTANCESTATUS	1	-
PROPERTI_TANPA_KOLOM	ACCOUNTINGMODE	1	-
PROPERTI_TANPA_KOLOM	ACTUALPREMI	1	-
PROPERTI_TANPA_KOLOM	ADJCLAIMVALUE	13	-
PROPERTI_TANPA_KOLOM	ADJRATE	1	-
PROPERTI_TANPA_KOLOM	ADJUSTMENT	2	-
PROPERTI_TANPA_KOLOM	ADJUSTMENTLIST	1	-
PROPERTI_TANPA_KOLOM	ADJVALUE	1	-
PROPERTI_TANPA_KOLOM	AKTIFBUTTON	2	-
PROPERTI_TANPA_KOLOM	ALOKASIIDR	1	-
PROPERTI_TANPA_KOLOM	ALTVALUE	7	-
PROPERTI_TANPA_KOLOM	AMOUNT	4	-
PROPERTI_TANPA_KOLOM	AMOUNTIDR	2	-
PROPERTI_TANPA_KOLOM	APP	2	-
PROPERTI_TANPA_KOLOM	APPEND	3	-
PROPERTI_TANPA_KOLOM	APPENDFLAG	6	-
PROPERTI_TANPA_KOLOM	APPOINTEDADJ	1	-
PROPERTI_TANPA_KOLOM	ATTACHMENTCATEGORY	3	-
PROPERTI_TANPA_KOLOM	ATTACHMENTNOTE	3	-
PROPERTI_TANPA_KOLOM	ATTACHMENTPNOTE	3	-
PROPERTI_TANPA_KOLOM	ATTACHMENTSTREAM	2	-
PROPERTI_TANPA_KOLOM	ATTACHSTREAM	2	-
PROPERTI_TANPA_KOLOM	BALANCEBEFOREPPH	1	-
PROPERTI_TANPA_KOLOM	BALANCEBEFORETAX	1	-
PROPERTI_TANPA_KOLOM	BALANCEDUETO	2	-
PROPERTI_TANPA_KOLOM	BCC	4	-
PROPERTI_TANPA_KOLOM	BORDEAUX	1	-
PROPERTI_TANPA_KOLOM	BORDEREAUXNOTE	1	-
PROPERTI_TANPA_KOLOM	BRANCHOFBANK2	10	-
PROPERTI_TANPA_KOLOM	BROKERAGEFEE	1	-
PROPERTI_TANPA_KOLOM	BROKERAGEFEESEBENARNYA	1	-
PROPERTI_TANPA_KOLOM	BUSINESSNOTE	1	-
PROPERTI_TANPA_KOLOM	BUSINESSOLDID	1	-
PROPERTI_TANPA_KOLOM	BUSINESS_CODE	2	-
PROPERTI_TANPA_KOLOM	CARI1	81	-
PROPERTI_TANPA_KOLOM	CARI10	19	-
PROPERTI_TANPA_KOLOM	CARI11	7	-
PROPERTI_TANPA_KOLOM	CARI12	9	-
PROPERTI_TANPA_KOLOM	CARI13	11	-
PROPERTI_TANPA_KOLOM	CARI14	6	-
PROPERTI_TANPA_KOLOM	CARI15	15	-
PROPERTI_TANPA_KOLOM	CARI16	6	-
PROPERTI_TANPA_KOLOM	CARI17	4	-
PROPERTI_TANPA_KOLOM	CARI18	7	-
PROPERTI_TANPA_KOLOM	CARI19	10	-
PROPERTI_TANPA_KOLOM	CARI2	37	-
PROPERTI_TANPA_KOLOM	CARI20	16	-
PROPERTI_TANPA_KOLOM	CARI21	14	-
PROPERTI_TANPA_KOLOM	CARI22	19	-
PROPERTI_TANPA_KOLOM	CARI23	12	-
PROPERTI_TANPA_KOLOM	CARI24	15	-
PROPERTI_TANPA_KOLOM	CARI25	6	-
PROPERTI_TANPA_KOLOM	CARI26	6	-
PROPERTI_TANPA_KOLOM	CARI27	6	-
PROPERTI_TANPA_KOLOM	CARI28	7	-
PROPERTI_TANPA_KOLOM	CARI29	4	-
PROPERTI_TANPA_KOLOM	CARI3	21	-
PROPERTI_TANPA_KOLOM	CARI31	1	-
PROPERTI_TANPA_KOLOM	CARI33	1	-
PROPERTI_TANPA_KOLOM	CARI4	17	-
PROPERTI_TANPA_KOLOM	CARI40	2	-
PROPERTI_TANPA_KOLOM	CARI42	1	-
PROPERTI_TANPA_KOLOM	CARI43	1	-
PROPERTI_TANPA_KOLOM	CARI44	1	-
PROPERTI_TANPA_KOLOM	CARI45	1	-
PROPERTI_TANPA_KOLOM	CARI5	11	-
PROPERTI_TANPA_KOLOM	CARI6	8	-
PROPERTI_TANPA_KOLOM	CARI7	7	-
PROPERTI_TANPA_KOLOM	CARI8	8	-
PROPERTI_TANPA_KOLOM	CARI9	8	-
PROPERTI_TANPA_KOLOM	CARID1	3	-
PROPERTI_TANPA_KOLOM	CARID2	3	-
PROPERTI_TANPA_KOLOM	CARIDATETIME	3	-
PROPERTI_TANPA_KOLOM	CASEDB	1	-
PROPERTI_TANPA_KOLOM	CC	3	-
PROPERTI_TANPA_KOLOM	CEKBISNIS	3	-
PROPERTI_TANPA_KOLOM	CEKCOB	1	-
PROPERTI_TANPA_KOLOM	CEKDOL	2	-
PROPERTI_TANPA_KOLOM	CEKLIMITPERSEN	1	-
PROPERTI_TANPA_KOLOM	CEKMASTER	2	-
PROPERTI_TANPA_KOLOM	CEKSPREADINGBREAKQS	1	-
PROPERTI_TANPA_KOLOM	CHECK	76	-
PROPERTI_TANPA_KOLOM	CHECKALOKASI	2	-
PROPERTI_TANPA_KOLOM	CHECKCURR	12	-
PROPERTI_TANPA_KOLOM	CHECKOLD	1	-
PROPERTI_TANPA_KOLOM	CHECKREINS	4	-
PROPERTI_TANPA_KOLOM	CHECKSPREAD	1	-
PROPERTI_TANPA_KOLOM	CIRCUMCAUSEOFLOSS	1	-
PROPERTI_TANPA_KOLOM	CIRCUMTANSESCOUSEOFLOSS	1	-
PROPERTI_TANPA_KOLOM	CITY	1	-
PROPERTI_TANPA_KOLOM	CLAIMADJUST	1	-
PROPERTI_TANPA_KOLOM	CLAIMAMOUNT	24	-
PROPERTI_TANPA_KOLOM	CLAIMAMOUNTADJUST	18	-
PROPERTI_TANPA_KOLOM	CLAIMAMOUNTCEDANT	14	-
PROPERTI_TANPA_KOLOM	CLAIMAMOUNTIDR	5	-
PROPERTI_TANPA_KOLOM	CLAIMAMOUNTRNM	3	-
PROPERTI_TANPA_KOLOM	CLAIMCEDANT	4	-
PROPERTI_TANPA_KOLOM	CLAIMCOMITEE	1	-
PROPERTI_TANPA_KOLOM	CLAIMESTIMATION	12	-
PROPERTI_TANPA_KOLOM	CLAIMIDR	1	-
PROPERTI_TANPA_KOLOM	CLAIMPERCENTAGE	3	-
PROPERTI_TANPA_KOLOM	CLAIMSPREADED	40	-
PROPERTI_TANPA_KOLOM	CLAIMVALUE	5	-
PROPERTI_TANPA_KOLOM	CLMNO	3	-
PROPERTI_TANPA_KOLOM	CNPDEDUCTIBLE	6	-
PROPERTI_TANPA_KOLOM	CNPFLAGOUTS	13	-
PROPERTI_TANPA_KOLOM	CNPFLAGREINSTATE	1	-
PROPERTI_TANPA_KOLOM	CNPINDEXINTERIM	2	-
PROPERTI_TANPA_KOLOM	CNPLAYERLIST	1	-
PROPERTI_TANPA_KOLOM	CNPLIMITFULL	1	-
PROPERTI_TANPA_KOLOM	CNPMDP	3	-
PROPERTI_TANPA_KOLOM	CNPMINMAX	1	-
PROPERTI_TANPA_KOLOM	CNPPRORATECLAIM	1	-
PROPERTI_TANPA_KOLOM	CNPREINSPREMIRNM	1	-
PROPERTI_TANPA_KOLOM	CNPREINSTATEPREMIUM	1	-
PROPERTI_TANPA_KOLOM	CNPSHARERNM	1	-
PROPERTI_TANPA_KOLOM	CNPSPREADLOSS	1	-
PROPERTI_TANPA_KOLOM	CNPSTATUSCASE	3	-
PROPERTI_TANPA_KOLOM	CNPTOTALCLAIM	9	-
PROPERTI_TANPA_KOLOM	CNPTSI	1	-
PROPERTI_TANPA_KOLOM	CNPUR	1	-
PROPERTI_TANPA_KOLOM	COB	2	-
PROPERTI_TANPA_KOLOM	COBEGNPI	2	-
PROPERTI_TANPA_KOLOM	COMITEECLAIM	1	-
PROPERTI_TANPA_KOLOM	COMMENT	1	-
PROPERTI_TANPA_KOLOM	COMMENTLOD	1	-
PROPERTI_TANPA_KOLOM	COMMENTSUGGEST	6	-
PROPERTI_TANPA_KOLOM	COMMISION	5	-
PROPERTI_TANPA_KOLOM	COMMISION_AMOUNT	5	-
PROPERTI_TANPA_KOLOM	COMPAREDATE	4	-
PROPERTI_TANPA_KOLOM	COMPAREWITHEND	1	-
PROPERTI_TANPA_KOLOM	CONSULTANTNAME	1	-
PROPERTI_TANPA_KOLOM	CONVERSION	1	-
PROPERTI_TANPA_KOLOM	CONVERTGROSSESTIMASI	2	-
PROPERTI_TANPA_KOLOM	CONVERTVALUE	2	-
PROPERTI_TANPA_KOLOM	COUNT	2	-
PROPERTI_TANPA_KOLOM	COVER	1	-
PROPERTI_TANPA_KOLOM	CURENCY	6	-
PROPERTI_TANPA_KOLOM	CURENCYADJUSTMENT	1	-
PROPERTI_TANPA_KOLOM	CURENCYID	8	-
PROPERTI_TANPA_KOLOM	CURENCYLAYER	2	-
PROPERTI_TANPA_KOLOM	CURENCYPARENT	1	-
PROPERTI_TANPA_KOLOM	CURR	3	-
PROPERTI_TANPA_KOLOM	CURR1	1	-
PROPERTI_TANPA_KOLOM	CURR2	1	-
PROPERTI_TANPA_KOLOM	CURRADJ	1	-
PROPERTI_TANPA_KOLOM	CURRADJ2	1	-
PROPERTI_TANPA_KOLOM	CURRDEDUCT	2	-
PROPERTI_TANPA_KOLOM	CURRENCY2	8	-
PROPERTI_TANPA_KOLOM	CURRENCYAL	2	-
PROPERTI_TANPA_KOLOM	CURRENCYDEDUCTIBLE	2	-
PROPERTI_TANPA_KOLOM	CURRENCYEGNPIAMOUNT	1	-
PROPERTI_TANPA_KOLOM	CURRENCYIDNEW	3	-
PROPERTI_TANPA_KOLOM	CURRENCYIDOLD	3	-
PROPERTI_TANPA_KOLOM	CURRENCYMDP	4	-
PROPERTI_TANPA_KOLOM	CURRENCYNEW	3	-
PROPERTI_TANPA_KOLOM	CURRENCYXOL	1	-
PROPERTI_TANPA_KOLOM	CURRENTDATE	2	-
PROPERTI_TANPA_KOLOM	CURRENTMONTH	2	-
PROPERTI_TANPA_KOLOM	CURRID	9	-
PROPERTI_TANPA_KOLOM	CURRLAYERORI	1	-
PROPERTI_TANPA_KOLOM	CURRLAYERTO	2	-
PROPERTI_TANPA_KOLOM	CURRTPL	1	-
PROPERTI_TANPA_KOLOM	DATASHOW	1	-
PROPERTI_TANPA_KOLOM	DATASHOW3	1	-
PROPERTI_TANPA_KOLOM	DATE	2	-
PROPERTI_TANPA_KOLOM	DATEINPUT	19	-
PROPERTI_TANPA_KOLOM	DATEOFCOMITEE	3	-
PROPERTI_TANPA_KOLOM	DATERECEIVED	1	-
PROPERTI_TANPA_KOLOM	DATETIME	1	-
PROPERTI_TANPA_KOLOM	DEDUCT	2	-
PROPERTI_TANPA_KOLOM	DEDUCTAMOUNT	1	-
PROPERTI_TANPA_KOLOM	DEDUCTFIN	2	-
PROPERTI_TANPA_KOLOM	DEDUCTFORMAT	1	-
PROPERTI_TANPA_KOLOM	DEDUCTMINMAX	2	-
PROPERTI_TANPA_KOLOM	DEDUCTPCT	3	-
PROPERTI_TANPA_KOLOM	DEDUCTPCTVALUE	2	-
PROPERTI_TANPA_KOLOM	DEDUCTVALUE	1	-
PROPERTI_TANPA_KOLOM	DESCENDANTSPAGE	1	-
PROPERTI_TANPA_KOLOM	DIRECTTOKASIR	3	-
PROPERTI_TANPA_KOLOM	DISTRICT	1	-
PROPERTI_TANPA_KOLOM	DOL	3	-
PROPERTI_TANPA_KOLOM	DUEDATE	2	-
PROPERTI_TANPA_KOLOM	DUETO	2	-
PROPERTI_TANPA_KOLOM	DURASI	2	-
PROPERTI_TANPA_KOLOM	EDITCATASTROPE	2	-
PROPERTI_TANPA_KOLOM	EGNPI	1	-
PROPERTI_TANPA_KOLOM	EGNPICURR	5	-
PROPERTI_TANPA_KOLOM	EGNPIIDR	2	-
PROPERTI_TANPA_KOLOM	EGNPIVAL	9	-
PROPERTI_TANPA_KOLOM	EMAILCC	5	-
PROPERTI_TANPA_KOLOM	EMAILTO	2	-
PROPERTI_TANPA_KOLOM	EMSG	1	-
PROPERTI_TANPA_KOLOM	END	1	-
PROPERTI_TANPA_KOLOM	ENDDATETREATY	2	-
PROPERTI_TANPA_KOLOM	ENDFOR	1	-
PROPERTI_TANPA_KOLOM	EQUAL	4	-
PROPERTI_TANPA_KOLOM	EQUALDATE	2	-
PROPERTI_TANPA_KOLOM	ERR	7	-
PROPERTI_TANPA_KOLOM	ERRMSG	16	-
PROPERTI_TANPA_KOLOM	ERRMSG1	4	-
PROPERTI_TANPA_KOLOM	ERRMSG2	5	-
PROPERTI_TANPA_KOLOM	ERRMSG3	4	-
PROPERTI_TANPA_KOLOM	ERRMSG4	3	-
PROPERTI_TANPA_KOLOM	ERRMSG5	3	-
PROPERTI_TANPA_KOLOM	ERRMSG6	2	-
PROPERTI_TANPA_KOLOM	ERRMSG7	2	-
PROPERTI_TANPA_KOLOM	ERRMSG8	2	-
PROPERTI_TANPA_KOLOM	ERRMSGADJ	1	-
PROPERTI_TANPA_KOLOM	ERRMSGCOB	3	-
PROPERTI_TANPA_KOLOM	ERRMSGCON	1	-
PROPERTI_TANPA_KOLOM	ERRMSGPROVINCE	1	-
PROPERTI_TANPA_KOLOM	ERRNOPOLIS	1	-
PROPERTI_TANPA_KOLOM	ERRORMESSAGE	2	-
PROPERTI_TANPA_KOLOM	ERRPENDACC	1	-
PROPERTI_TANPA_KOLOM	ERRSPREADINGBREAKQS	1	-
PROPERTI_TANPA_KOLOM	ESTIMASTIONRESERVE	3	-
PROPERTI_TANPA_KOLOM	ESTIMATION	1	-
PROPERTI_TANPA_KOLOM	ESTIMATIONVALUE	3	-
PROPERTI_TANPA_KOLOM	EXP	4	-
PROPERTI_TANPA_KOLOM	EXT	1	-
PROPERTI_TANPA_KOLOM	FILEURL	1	-
PROPERTI_TANPA_KOLOM	FLAGCURRENCY	2	-
PROPERTI_TANPA_KOLOM	FLAGERR	6	-
PROPERTI_TANPA_KOLOM	FLAGERROR	1	-
PROPERTI_TANPA_KOLOM	FLAGERRORKASIR	2	-
PROPERTI_TANPA_KOLOM	FLAGFULLLIMIT	1	-
PROPERTI_TANPA_KOLOM	FLAGKOMITE	4	-
PROPERTI_TANPA_KOLOM	FLAGOUTSTANDING	1	-
PROPERTI_TANPA_KOLOM	FOLDER	4	-
PROPERTI_TANPA_KOLOM	FORMTYPE	1	-
PROPERTI_TANPA_KOLOM	FROMAPI	3	-
PROPERTI_TANPA_KOLOM	GETNESTEDDESCENDANTS	1	-
PROPERTI_TANPA_KOLOM	GROSSCLAIM	2	-
PROPERTI_TANPA_KOLOM	GROSSESTIMATIONPCT	2	-
PROPERTI_TANPA_KOLOM	GROSSPREMIUM	2	-
PROPERTI_TANPA_KOLOM	GROSSVALUEIDR	4	-
PROPERTI_TANPA_KOLOM	HASILD1	1	-
PROPERTI_TANPA_KOLOM	HASILD21	1	-
PROPERTI_TANPA_KOLOM	HASILD3	1	-
PROPERTI_TANPA_KOLOM	HASILEND	1	-
PROPERTI_TANPA_KOLOM	HTMLMESSAGE	3	-
PROPERTI_TANPA_KOLOM	IDBANK	1	-
PROPERTI_TANPA_KOLOM	IDBANK2	1	-
PROPERTI_TANPA_KOLOM	IDCURR	1	-
PROPERTI_TANPA_KOLOM	IDKOMITE	10	-
PROPERTI_TANPA_KOLOM	IDMASTER	1	-
PROPERTI_TANPA_KOLOM	IDMASTERTONP	1	-
PROPERTI_TANPA_KOLOM	IDMASTERTREATY	4	-
PROPERTI_TANPA_KOLOM	IDOFBANK2	9	-
PROPERTI_TANPA_KOLOM	IDR	13	-
PROPERTI_TANPA_KOLOM	IDX	11	-
PROPERTI_TANPA_KOLOM	IDX2	5	-
PROPERTI_TANPA_KOLOM	IDXADJ	3	-
PROPERTI_TANPA_KOLOM	IDXADJOLD	1	-
PROPERTI_TANPA_KOLOM	IDXADJUST	1	-
PROPERTI_TANPA_KOLOM	IDXADJUSTMENT	5	-
PROPERTI_TANPA_KOLOM	IDXCNP	2	-
PROPERTI_TANPA_KOLOM	IDXCOB	1	-
PROPERTI_TANPA_KOLOM	IDXINTERIM	1	-
PROPERTI_TANPA_KOLOM	IDXLASTLAYER	4	-
PROPERTI_TANPA_KOLOM	IDXLAYER	4	-
PROPERTI_TANPA_KOLOM	IDXLIMIT	1	-
PROPERTI_TANPA_KOLOM	IDXLISTAMOUNT	1	-
PROPERTI_TANPA_KOLOM	IDXLOOP	4	-
PROPERTI_TANPA_KOLOM	IDXLOSSOLD	6	-
PROPERTI_TANPA_KOLOM	IDXPREV	2	-
PROPERTI_TANPA_KOLOM	IDXQS	1	-
PROPERTI_TANPA_KOLOM	IDXRESULT	6	-
PROPERTI_TANPA_KOLOM	IDXRISK	1	-
PROPERTI_TANPA_KOLOM	IDXSPREADING	2	-
PROPERTI_TANPA_KOLOM	IDXTEMADJ	1	-
PROPERTI_TANPA_KOLOM	IDXTOTAL	3	-
PROPERTI_TANPA_KOLOM	IMAGE	1	-
PROPERTI_TANPA_KOLOM	INDEX	4	-
PROPERTI_TANPA_KOLOM	INDEXEST	3	-
PROPERTI_TANPA_KOLOM	INDEXINTERIM	2	-
PROPERTI_TANPA_KOLOM	INDEXOBJECT	2	-
PROPERTI_TANPA_KOLOM	INDIVIDUALRISKPERCENTAGE	1	-
PROPERTI_TANPA_KOLOM	INDIVIDUALRISKTYPE	1	-
PROPERTI_TANPA_KOLOM	INDIVIDUALRISKVALUE	1	-
PROPERTI_TANPA_KOLOM	INITIAL	9	-
PROPERTI_TANPA_KOLOM	INSHANDLE	4	-
PROPERTI_TANPA_KOLOM	INSTALLMENT	1	-
PROPERTI_TANPA_KOLOM	INSTALLMENTPERCENTAGE	11	-
PROPERTI_TANPA_KOLOM	INSUREDRELATIONSHIPOTHERS	2	-
PROPERTI_TANPA_KOLOM	INTERESTLIST	1	-
PROPERTI_TANPA_KOLOM	IOOLIMIT	2	-
PROPERTI_TANPA_KOLOM	ISACCEPTATION	2	-
PROPERTI_TANPA_KOLOM	ISCEDINGCONFIRM	4	-
PROPERTI_TANPA_KOLOM	ISCFS	1	-
PROPERTI_TANPA_KOLOM	ISCLOSEFILE	2	-
PROPERTI_TANPA_KOLOM	ISCOMBINEMDP	1	-
PROPERTI_TANPA_KOLOM	ISEDITCLAIM	3	-
PROPERTI_TANPA_KOLOM	ISERROR	3	-
PROPERTI_TANPA_KOLOM	ISFLAGERROR	1	-
PROPERTI_TANPA_KOLOM	ISKOMITE	2	-
PROPERTI_TANPA_KOLOM	ISOUTSTANDING	1	-
PROPERTI_TANPA_KOLOM	ISPAYMENT	1	-
PROPERTI_TANPA_KOLOM	ISPLA	2	-
PROPERTI_TANPA_KOLOM	ISPRIMARYPAGEUSED	1	-
PROPERTI_TANPA_KOLOM	ISPRINTACCEPT	1	-
PROPERTI_TANPA_KOLOM	ISREALISATION	1	-
PROPERTI_TANPA_KOLOM	ISREJECT	2	-
PROPERTI_TANPA_KOLOM	ISSAVETOOS	3	-
PROPERTI_TANPA_KOLOM	ISTPL	3	-
PROPERTI_TANPA_KOLOM	ISUW	1	-
PROPERTI_TANPA_KOLOM	JSON	4	-
PROPERTI_TANPA_KOLOM	KASIR	1	-
PROPERTI_TANPA_KOLOM	KATASTROFEID	2	-
PROPERTI_TANPA_KOLOM	KATASTROFENOTE	2	-
PROPERTI_TANPA_KOLOM	KATEGORI_1	1	-
PROPERTI_TANPA_KOLOM	KATEGORI_2	1	-
PROPERTI_TANPA_KOLOM	KEY	1	-
PROPERTI_TANPA_KOLOM	KODESTRING	1	-
PROPERTI_TANPA_KOLOM	KOMITEAPROVAL	5	-
PROPERTI_TANPA_KOLOM	KOMITECOUNT	2	-
PROPERTI_TANPA_KOLOM	KOMITEEMAIL	6	-
PROPERTI_TANPA_KOLOM	KOMITEID	7	-
PROPERTI_TANPA_KOLOM	KOMITELIST	1	-
PROPERTI_TANPA_KOLOM	KOMITELOOP	6	-
PROPERTI_TANPA_KOLOM	KOMITENO	3	-
PROPERTI_TANPA_KOLOM	KOMITEPOST	8	-
PROPERTI_TANPA_KOLOM	KURSEXC	6	-
PROPERTI_TANPA_KOLOM	KURSMASTER	1	-
PROPERTI_TANPA_KOLOM	KURSMDP	1	-
PROPERTI_TANPA_KOLOM	KURSOBJECTITEM	3	-
PROPERTI_TANPA_KOLOM	KURSOBJNEW	3	-
PROPERTI_TANPA_KOLOM	KURSROE	2	-
PROPERTI_TANPA_KOLOM	KURSVALUEMDP	2	-
PROPERTI_TANPA_KOLOM	LASTREVISI	1	-
PROPERTI_TANPA_KOLOM	LAYERLIMIT	2	-
PROPERTI_TANPA_KOLOM	LBU_ID	1	-
PROPERTI_TANPA_KOLOM	LEADINGREINSSOURCE	1	-
PROPERTI_TANPA_KOLOM	LENGTHLAYER	1	-
PROPERTI_TANPA_KOLOM	LENGTHPAGE	4	-
PROPERTI_TANPA_KOLOM	LIMIT	3	-
PROPERTI_TANPA_KOLOM	LIMITLAYER	2	-
PROPERTI_TANPA_KOLOM	LIMITMAX	1	-
PROPERTI_TANPA_KOLOM	LIMITMAXDIVHEAD	1	-
PROPERTI_TANPA_KOLOM	LIMITPERSENMAX	1	-
PROPERTI_TANPA_KOLOM	LIMITPERSENMAXDIVHEAD	1	-
PROPERTI_TANPA_KOLOM	LIMITSPREAD	2	-
PROPERTI_TANPA_KOLOM	LISTCLAIMACCEPTATION	1	-
PROPERTI_TANPA_KOLOM	LISTCOUNT	1	-
PROPERTI_TANPA_KOLOM	LISTTOTALESTIMATION	2	-
PROPERTI_TANPA_KOLOM	LOCATION	2	-
PROPERTI_TANPA_KOLOM	LOOPLAYER	2	-
PROPERTI_TANPA_KOLOM	LOOPLIMIT	1	-
PROPERTI_TANPA_KOLOM	LOSSALLOCATION	2	-
PROPERTI_TANPA_KOLOM	LOSSCLAIM	2	-
PROPERTI_TANPA_KOLOM	MARKUP	3	-
PROPERTI_TANPA_KOLOM	MDPRATE	1	-
PROPERTI_TANPA_KOLOM	MESSAGE	4	-
PROPERTI_TANPA_KOLOM	MIME	1	-
PROPERTI_TANPA_KOLOM	NAMAFILE	4	-
PROPERTI_TANPA_KOLOM	NAMEOFBANK2	9	-
PROPERTI_TANPA_KOLOM	NAMEPIC	2	-
PROPERTI_TANPA_KOLOM	NETCLAIM	2	-
PROPERTI_TANPA_KOLOM	NETPREMIUM	1	-
PROPERTI_TANPA_KOLOM	NEXTMONTH	5	-
PROPERTI_TANPA_KOLOM	NOACC	5	-
PROPERTI_TANPA_KOLOM	NOACCOUNT	20	-
PROPERTI_TANPA_KOLOM	NOACCOUNT2	11	-
PROPERTI_TANPA_KOLOM	NOAKSEP	2	-
PROPERTI_TANPA_KOLOM	NOKOMITE	2	-
PROPERTI_TANPA_KOLOM	NOKOMITE2	2	-
PROPERTI_TANPA_KOLOM	NOOFFERSLIP	2	-
PROPERTI_TANPA_KOLOM	NOPLA	2	-
PROPERTI_TANPA_KOLOM	NOPREKAS	1	-
PROPERTI_TANPA_KOLOM	NORIPCALCULATION	2	-
PROPERTI_TANPA_KOLOM	NO_KLAIM	1	-
PROPERTI_TANPA_KOLOM	OTHERFEE	15	-
PROPERTI_TANPA_KOLOM	OTHERSFEE	8	-
PROPERTI_TANPA_KOLOM	OVERIDDINGCOMMOGP	2	-
PROPERTI_TANPA_KOLOM	OVERIDDINGCOMMONP	2	-
PROPERTI_TANPA_KOLOM	OVR_COMM	10	-
PROPERTI_TANPA_KOLOM	OVR_COMM_AMOUNT	2	-
PROPERTI_TANPA_KOLOM	PARAMNOACC	1	-
PROPERTI_TANPA_KOLOM	PARAMNOACC2	1	-
PROPERTI_TANPA_KOLOM	PAYABLE	4	-
PROPERTI_TANPA_KOLOM	PAYABLETO	16	-
PROPERTI_TANPA_KOLOM	PAYMENTDATE	1	-
PROPERTI_TANPA_KOLOM	PAYMENTTOTAL	4	-
PROPERTI_TANPA_KOLOM	PCTPRORATE	1	-
PROPERTI_TANPA_KOLOM	PCTPRORATECLAIM	9	-
PROPERTI_TANPA_KOLOM	PCTREINS	1	-
PROPERTI_TANPA_KOLOM	PCTRI	2	-
PROPERTI_TANPA_KOLOM	PCTSHARERNM	3	-
PROPERTI_TANPA_KOLOM	PCTTOTAL	1	-
PROPERTI_TANPA_KOLOM	PCTTPL	1	-
PROPERTI_TANPA_KOLOM	PDFNAME	3	-
PROPERTI_TANPA_KOLOM	PERCENTSHARE	5	-
PROPERTI_TANPA_KOLOM	PNOTE	1	-
PROPERTI_TANPA_KOLOM	POLICYNOSINARMAS	2	-
PROPERTI_TANPA_KOLOM	POLICY_NO	1	-
PROPERTI_TANPA_KOLOM	PREMIEARNED	6	-
PROPERTI_TANPA_KOLOM	PREMIUM	4	-
PROPERTI_TANPA_KOLOM	PREMIUMSPREADED	9	-
PROPERTI_TANPA_KOLOM	PREMIUM_SPREADED_NET	3	-
PROPERTI_TANPA_KOLOM	PROPCOUNT	2	-
PROPERTI_TANPA_KOLOM	PROPORTION	1	-
PROPERTI_TANPA_KOLOM	PRORATECLAIM	6	-
PROPERTI_TANPA_KOLOM	PROVINCE	1	-
PROPERTI_TANPA_KOLOM	QUATER	1	-
PROPERTI_TANPA_KOLOM	RECEIVEDDATE	1	-
PROPERTI_TANPA_KOLOM	REINSTATEMENT	15	-
PROPERTI_TANPA_KOLOM	REMARK_CLOSE	1	-
PROPERTI_TANPA_KOLOM	REPORTADDRESS	2	-
PROPERTI_TANPA_KOLOM	REPORTDATE	2	-
PROPERTI_TANPA_KOLOM	REPORTDESCRIPTION	1	-
PROPERTI_TANPA_KOLOM	RESULTOGP1	2	-
PROPERTI_TANPA_KOLOM	RESULTOGP2	2	-
PROPERTI_TANPA_KOLOM	RESULTONP1	2	-
PROPERTI_TANPA_KOLOM	RESULTONP2	2	-
PROPERTI_TANPA_KOLOM	RICOMMOGP	2	-
PROPERTI_TANPA_KOLOM	RICOMMONP	2	-
PROPERTI_TANPA_KOLOM	RISLIPDATA	1	-
PROPERTI_TANPA_KOLOM	RNMSHARE	1	-
PROPERTI_TANPA_KOLOM	ROE	1	-
PROPERTI_TANPA_KOLOM	ROL	2	-
PROPERTI_TANPA_KOLOM	RW	1	-
PROPERTI_TANPA_KOLOM	RWID	1	-
PROPERTI_TANPA_KOLOM	SHARECEDANT	4	-
PROPERTI_TANPA_KOLOM	SHAREPERCENTAGE	4	-
PROPERTI_TANPA_KOLOM	SHAREPERSENNUSARE	1	-
PROPERTI_TANPA_KOLOM	SHARERNM	2	-
PROPERTI_TANPA_KOLOM	SIZEBREAK	1	-
PROPERTI_TANPA_KOLOM	SIZEEST	2	-
PROPERTI_TANPA_KOLOM	SIZELIST	1	-
PROPERTI_TANPA_KOLOM	SIZELOSS	1	-
PROPERTI_TANPA_KOLOM	SIZESPREAD	1	-
PROPERTI_TANPA_KOLOM	SKIPCOMMIT	3	-
PROPERTI_TANPA_KOLOM	SPREADINGADJUSTMENT	4	-
PROPERTI_TANPA_KOLOM	SPREADINGAMOUNT	2	-
PROPERTI_TANPA_KOLOM	SPREADINGBREAKQS	1	-
PROPERTI_TANPA_KOLOM	SPREADINGCLAIM	1	-
PROPERTI_TANPA_KOLOM	SPREADINGQUOTASHARE	4	-
PROPERTI_TANPA_KOLOM	SPREADINGRISK	3	-
PROPERTI_TANPA_KOLOM	STARTDATE	7	-
PROPERTI_TANPA_KOLOM	STARTDATETREATY	2	-
PROPERTI_TANPA_KOLOM	STATUSKASIR	2	-
PROPERTI_TANPA_KOLOM	STREAM	1	-
PROPERTI_TANPA_KOLOM	STREAMNAME	3	-
PROPERTI_TANPA_KOLOM	SUBJECT	3	-
PROPERTI_TANPA_KOLOM	SUBJECTIVITY	1	-
PROPERTI_TANPA_KOLOM	SUBJEK	2	-
PROPERTI_TANPA_KOLOM	SUBSUBJECT	2	-
PROPERTI_TANPA_KOLOM	SUMTOTALPAYMENT	1	-
PROPERTI_TANPA_KOLOM	SWIFTCODE2	7	-
PROPERTI_TANPA_KOLOM	TEMPCURRENCY	4	-
PROPERTI_TANPA_KOLOM	TEMPPAYMENT	6	-
PROPERTI_TANPA_KOLOM	TERITORIALSCOPE	1	-
PROPERTI_TANPA_KOLOM	TEST	2	-
PROPERTI_TANPA_KOLOM	TGLPROD	1	-
PROPERTI_TANPA_KOLOM	TO	3	-
PROPERTI_TANPA_KOLOM	TOIDR	1	-
PROPERTI_TANPA_KOLOM	TOTAL	5	-
PROPERTI_TANPA_KOLOM	TOTALADJFEE	12	-
PROPERTI_TANPA_KOLOM	TOTALADJUSTMENT	1	-
PROPERTI_TANPA_KOLOM	TOTALAL	4	-
PROPERTI_TANPA_KOLOM	TOTALALLOCATION	3	-
PROPERTI_TANPA_KOLOM	TOTALALOKASI	2	-
PROPERTI_TANPA_KOLOM	TOTALCLAIM	20	-
PROPERTI_TANPA_KOLOM	TOTALCLAIMALL	1	-
PROPERTI_TANPA_KOLOM	TOTALCLAIMAMOUNT	1	-
PROPERTI_TANPA_KOLOM	TOTALCLAIMKURS	1	-
PROPERTI_TANPA_KOLOM	TOTALCLAIMRNM	3	-
PROPERTI_TANPA_KOLOM	TOTALCLAIMS	5	-
PROPERTI_TANPA_KOLOM	TOTALEGNPIAMOUNT	1	-
PROPERTI_TANPA_KOLOM	TOTALEGNPIPROPORTION	1	-
PROPERTI_TANPA_KOLOM	TOTALESTIMASI	8	-
PROPERTI_TANPA_KOLOM	TOTALESTIMASIIDR	2	-
PROPERTI_TANPA_KOLOM	TOTALESTIMASIVALUE	1	-
PROPERTI_TANPA_KOLOM	TOTALFEE	1	-
PROPERTI_TANPA_KOLOM	TOTALGROSSESTIMASI	3	-
PROPERTI_TANPA_KOLOM	TOTALGROSSESTIMASIIDR	3	-
PROPERTI_TANPA_KOLOM	TOTALGROSSESTIMATEIDR	2	-
PROPERTI_TANPA_KOLOM	TOTALINIDR	2	-
PROPERTI_TANPA_KOLOM	TOTALINSTALLMENTAMOUNT	1	-
PROPERTI_TANPA_KOLOM	TOTALINSTALLMENTPCT	1	-
PROPERTI_TANPA_KOLOM	TOTALINTERESTINSURED	1	-
PROPERTI_TANPA_KOLOM	TOTALKOMITE	1	-
PROPERTI_TANPA_KOLOM	TOTALLIMITSADJPCT	1	-
PROPERTI_TANPA_KOLOM	TOTALLIMITSDEDUCTIBLE	1	-
PROPERTI_TANPA_KOLOM	TOTALLIMITSIOOLIMIT	1	-
PROPERTI_TANPA_KOLOM	TOTALLIMITSMDP	1	-
PROPERTI_TANPA_KOLOM	TOTALLIMITSPREMIUMEARNED	1	-
PROPERTI_TANPA_KOLOM	TOTALLIMITSROL	1	-
PROPERTI_TANPA_KOLOM	TOTALOTHERFEE	7	-
PROPERTI_TANPA_KOLOM	TOTALOTHERSFEE	2	-
PROPERTI_TANPA_KOLOM	TOTALPERSEN	2	-
PROPERTI_TANPA_KOLOM	TOTALRETENTIONAMOUNT	1	-
PROPERTI_TANPA_KOLOM	TOTALSALVAGE	12	-
PROPERTI_TANPA_KOLOM	TOTALSHAREGROSS	1	-
PROPERTI_TANPA_KOLOM	TOTALSHARENET	1	-
PROPERTI_TANPA_KOLOM	TOTALSHARERNMLIMIT	1	-
PROPERTI_TANPA_KOLOM	TOTALSPREAD	6	-
PROPERTI_TANPA_KOLOM	TOTALSUMINSUREDIDR	2	-
PROPERTI_TANPA_KOLOM	TOTALTPL	1	-
PROPERTI_TANPA_KOLOM	TOTALTSI	2	-
PROPERTI_TANPA_KOLOM	TOTALUR	2	-
PROPERTI_TANPA_KOLOM	TOTALVALUE	4	-
PROPERTI_TANPA_KOLOM	TOTALVALUEADJUST	3	-
PROPERTI_TANPA_KOLOM	TOTALVALUEMDP	2	-
PROPERTI_TANPA_KOLOM	TPL	11	-
PROPERTI_TANPA_KOLOM	TPL2	1	-
PROPERTI_TANPA_KOLOM	TPLAMOUNT	1	-
PROPERTI_TANPA_KOLOM	TPLAMTC	1	-
PROPERTI_TANPA_KOLOM	TPLCURRENCY	1	-
PROPERTI_TANPA_KOLOM	TPLFIN	1	-
PROPERTI_TANPA_KOLOM	TPLFORMAT	2	-
PROPERTI_TANPA_KOLOM	TPLMAX	1	-
PROPERTI_TANPA_KOLOM	TPLNOTE	1	-
PROPERTI_TANPA_KOLOM	TPLPCT	2	-
PROPERTI_TANPA_KOLOM	TPLPCTAMOUNT	2	-
PROPERTI_TANPA_KOLOM	TPLTYPE	3	-
PROPERTI_TANPA_KOLOM	TRACK	1	-
PROPERTI_TANPA_KOLOM	TRANSFERTYPE	1	-
PROPERTI_TANPA_KOLOM	TREATYNAME	20	-
PROPERTI_TANPA_KOLOM	TREATYTYPENAME	6	-
PROPERTI_TANPA_KOLOM	TRTNAME	1	-
PROPERTI_TANPA_KOLOM	TSIDEDUCTIBLE	2	-
PROPERTI_TANPA_KOLOM	TSIPEROBJECTIDR	1	-
PROPERTI_TANPA_KOLOM	TYPECOMENTANALYSIS	1	-
PROPERTI_TANPA_KOLOM	TYPEDEDUCTIBLE	2	-
PROPERTI_TANPA_KOLOM	TYPELOSS	5	-
PROPERTI_TANPA_KOLOM	TYPETREATE	1	-
PROPERTI_TANPA_KOLOM	UR	6	-
PROPERTI_TANPA_KOLOM	URL	3	-
PROPERTI_TANPA_KOLOM	URLIMAGE	4	-
PROPERTI_TANPA_KOLOM	URLIMIT	2	-
PROPERTI_TANPA_KOLOM	USECOMPACTSTYLESFORPDF	2	-
PROPERTI_TANPA_KOLOM	VALGROSS	2	-
PROPERTI_TANPA_KOLOM	VALL	2	-
PROPERTI_TANPA_KOLOM	VALUEADJUST	2	-
PROPERTI_TANPA_KOLOM	VALUEALL	4	-
PROPERTI_TANPA_KOLOM	VALUECLAIM	2	-
PROPERTI_TANPA_KOLOM	VALUEIDR	4	-
PROPERTI_TANPA_KOLOM	VALUEKONVERSI	1	-
PROPERTI_TANPA_KOLOM	VALUEOLD	2	-
PROPERTI_TANPA_KOLOM	VALUESPREAD	1	-
PROPERTI_TANPA_KOLOM	VIEWSTATE	1	-
PROPERTI_TANPA_KOLOM	WORKOBJECTID	2	-
PROPERTI_TANPA_KOLOM	WORKPAGE	2	-
PROPERTI_TANPA_KOLOM	XOLTYPE	3	-
PROPERTI_TANPA_KOLOM	YEAR	2	-
PROPERTI_TANPA_KOLOM	YEAROFACCOUNT	2	-
PROPERTI_TANPA_KOLOM	YEAROFQUARTAL	1	-
