sumber;req_id;owner;object_name;object_type;column_name;column_id;data_type;data_length;data_precision;data_scale;nullable;data_default;is_pk;is_unique;index_name;catatan
DDL_XLS;DDL-2026-09-18;POOLDATA;ADJUSTERCONSULTANT;TABLE;ID;1;VARCHAR2;100;;;N;;Y;;;
DDL_XLS;DDL-2026-09-18;POOLDATA;ADJUSTERCONSULTANT;TABLE;NAME;2;VARCHAR2;500;;;Y;;;;;
DDL_XLS;DDL-2026-09-18;POOLDATA;ADJUSTERCONSULTANT;TABLE;ADDRESS;3;VARCHAR2;1000;;;Y;;;;;
DDL_XLS;DDL-2026-09-18;POOLDATA;ADJUSTERCONSULTANT;TABLE;TELPNO;4;VARCHAR2;50;;;Y;;;;;
DDL_XLS;DDL-2026-09-18;POOLDATA;ADJUSTERCONSULTANT;TABLE;USERNAME;5;VARCHAR2;50;;;Y;;;;;
DDL_XLS;DDL-2026-09-18;POOLDATA;ADJUSTERCONSULTANT;TABLE;EDITDATE;6;DATE;;;;Y;;;;;
DDL_XLS;DDL-2026-09-18;POOLDATA;AGENT;TABLE;ID;1;VARCHAR2;1000;;;Y;;;;;
DDL_XLS;DDL-2026-09-18;POOLDATA;AGENT;TABLE;OLDID;2;VARCHAR2;1000;;;Y;;;;;
DDL_XLS;DDL-2026-09-18;POOLDATA;AGENT;TABLE;CLIENTID;3;VARCHAR2;1000;;;Y;;;;;
DDL_XLS;DDL-2026-09-18;POOLDATA;AGENT;TABLE;CLIENTNAME;4;VARCHAR2;1000;;;Y;;;;;
DDL_XLS;DDL-2026-09-18;POOLDATA;AGENT;TABLE;COUNTRYID;5;VARCHAR2;1000;;;Y;;;;;
DDL_XLS;DDL-2026-09-18;POOLDATA;AGENT;TABLE;COUNTRYNAME;6;VARCHAR2;1000;;;Y;;;;;
DDL_XLS;DDL-2026-09-18;POOLDATA;AGENT;TABLE;BU_ID;7;VARCHAR2;1000;;;Y;;;;;
DDL_XLS;DDL-2026-09-18;POOLDATA;AGENT;TABLE;STS_PKP;8;VARCHAR2;1000;;;Y;;;;;
DDL_XLS;DDL-2026-09-18;POOLDATA;AGENT;TABLE;AGENTTPYE2;9;VARCHAR2;1000;;;Y;;;;;
DDL_XLS;DDL-2026-09-18;POOLDATA;AGENT;TABLE;AGENTTPYE;10;VARCHAR2;1000;;;Y;;;;;
DDL_XLS;DDL-2026-09-18;POOLDATA;AGENT;TABLE;LEADER0;11;VARCHAR2;1000;;;Y;;;;;
DDL_XLS;DDL-2026-09-18;POOLDATA;AGENT;TABLE;STATUSACTIVE;12;VARCHAR2;1000;;;Y;;;;;
DDL_XLS;DDL-2026-09-18;POOLDATA;AGENT;TABLE;UPDATEUSER;13;VARCHAR2;1000;;;Y;;;;;
DDL_XLS;DDL-2026-09-18;POOLDATA;AGENT;TABLE;UPDATETIME;14;VARCHAR2;1000;;;Y;;;;;
DDL_XLS;DDL-2026-09-18;POOLDATA;AGENT;TABLE;CAUSE;15;VARCHAR2;1000;;;Y;;;;;
DDL_XLS;DDL-2026-09-18;POOLDATA;AGENT;TABLE;OTHERCAUSE;16;VARCHAR2;1000;;;Y;;;;;
DDL_XLS;DDL-2026-09-18;POOLDATA;AGENT;TABLE;REMARKS;17;VARCHAR2;1000;;;Y;;;;;
DDL_XLS;DDL-2026-09-18;POOLDATA;AGENT;TABLE;REMARKSTATUS;18;VARCHAR2;1000;;;Y;;;;;
DDL_XLS;DDL-2026-09-18;POOLDATA;AGENT;TABLE;CHILDCOUNT;19;VARCHAR2;1000;;;Y;;;;;
DDL_XLS;DDL-2026-09-18;POOLDATA;AGENT;TABLE;VA_CONTRACT_NO;20;VARCHAR2;50;;;Y;;;;;
DDL_XLS;DDL-2026-09-18;POOLDATA;AGENT;TABLE;LVL_1;21;VARCHAR2;1000;;;Y;;;;;
DDL_XLS;DDL-2026-09-18;POOLDATA;AGENT;TABLE;ID_LVL1;22;VARCHAR2;1000;;;Y;;;;;
DDL_XLS;DDL-2026-09-18;POOLDATA;AGENT;TABLE;STS_COMMERCIAL;23;VARCHAR2;1;;;Y;0;;;;
DDL_XLS;DDL-2026-09-18;POOLDATA;AGENT;TABLE;SOB_TYPE;24;VARCHAR2;1000;;;Y;;;;;
DDL_XLS;DDL-2026-09-18;POOLDATA;AGENT;TABLE;MKT_LEADER;25;VARCHAR2;50;;;Y;;;;;
DDL_XLS;DDL-2026-09-18;POOLDATA;AGENT;TABLE;STARTCONTRACT;26;VARCHAR2;50;;;Y;;;;;
DDL_XLS;DDL-2026-09-18;POOLDATA;AGENT;TABLE;ENDCONTRACT;27;VARCHAR2;50;;;Y;;;;;
DDL_XLS;DDL-2026-09-18;POOLDATA;AGENT;TABLE;INSERTDATE;28;DATE;;;;Y;;;;;
DDL_XLS;DDL-2026-09-18;POOLDATA;BANKACCOUNT;TABLE;ID;1;VARCHAR2;10;;;N;;Y;;;
DDL_XLS;DDL-2026-09-18;POOLDATA;BANKACCOUNT;TABLE;CLIENTID;2;VARCHAR2;4000;;;N;;;;;
DDL_XLS;DDL-2026-09-18;POOLDATA;BANKACCOUNT;TABLE;CLIENTNAME;3;VARCHAR2;4000;;;N;;;;;
DDL_XLS;DDL-2026-09-18;POOLDATA;BANKACCOUNT;TABLE;NAMEOFBANK;4;VARCHAR2;4000;;;N;;;;;
DDL_XLS;DDL-2026-09-18;POOLDATA;BANKACCOUNT;TABLE;IDOFBANK;5;VARCHAR2;4000;;;N;;;;;
DDL_XLS;DDL-2026-09-18;POOLDATA;BANKACCOUNT;TABLE;ACCOUNTNO;6;VARCHAR2;4000;;;N;;;;;
DDL_XLS;DDL-2026-09-18;POOLDATA;BANKACCOUNT;TABLE;BRANCHOFBANK;7;VARCHAR2;4000;;;Y;;;;;
DDL_XLS;DDL-2026-09-18;POOLDATA;BANKACCOUNT;TABLE;CURRENCYID;8;VARCHAR2;4000;;;N;;;;;
DDL_XLS;DDL-2026-09-18;POOLDATA;BANKACCOUNT;TABLE;CURRENCY;9;VARCHAR2;4000;;;N;;;;;
DDL_XLS;DDL-2026-09-18;POOLDATA;BANKACCOUNT;TABLE;USERNAME;10;VARCHAR2;4000;;;Y;;;;;
DDL_XLS;DDL-2026-09-18;POOLDATA;BANKACCOUNT;TABLE;SWIFTCODE;11;VARCHAR2;4000;;;Y;;;;;
DDL_XLS;DDL-2026-09-18;POOLDATA;BANKACCOUNT;TABLE;STS_AKTIF;12;VARCHAR2;4000;;;Y;;;;;
DDL_XLS;DDL-2026-09-18;POOLDATA;BANKACCOUNT;TABLE;CREATEDATE;13;DATE;;;;Y;;;;;
DDL_XLS;DDL-2026-09-18;POOLDATA;BANKACCOUNT;TABLE;STS_VA;14;VARCHAR2;5;;;Y;;;;;
DDL_XLS;DDL-2026-09-18;POOLDATA;BANKACCOUNT;TABLE;STS_CODE;15;VARCHAR2;5;;;Y;;;;;
DDL_XLS;DDL-2026-09-18;POOLDATA;BANKACCOUNT;TABLE;JSON_KASIR;16;CLOB;;;;Y;;;;;
DDL_XLS;DDL-2026-09-18;POOLDATA;BANKACCOUNT;TABLE;JSON_RESPON;17;CLOB;;;;Y;;;;;
DDL_XLS;DDL-2026-09-18;POOLDATA;BANKACCOUNT;TABLE;JSON_CALLBACK;18;CLOB;;;;Y;;;;;
DDL_XLS;DDL-2026-09-18;POOLDATA;BANKACCOUNT;TABLE;NOTE;19;VARCHAR2;2000;;;Y;;;;;
DDL_XLS;DDL-2026-09-18;POOLDATA;BANKACCOUNT;TABLE;NOTE_APPROVE;20;VARCHAR2;2000;;;Y;;;;;
DDL_XLS;DDL-2026-09-18;POOLDATA;BANKACCOUNT;TABLE;EMAIL_TO;21;VARCHAR2;200;;;Y;;;;;
DDL_XLS;DDL-2026-09-18;POOLDATA;BANKACCOUNT;TABLE;EMAIL_CC;22;VARCHAR2;500;;;Y;;;;;
DDL_XLS;DDL-2026-09-18;POOLDATA;BANKACCOUNT;TABLE;APPROVEDATE;23;DATE;;;;Y;;;;;
DDL_XLS;DDL-2026-09-18;POOLDATA;BANKACCOUNT;TABLE;EMAIL_CEDING;24;VARCHAR2;500;;;Y;;;;;
DDL_XLS;DDL-2026-09-18;POOLDATA;BANKACCOUNT;TABLE;NO_HP_CEDING;25;VARCHAR2;20;;;Y;;;;;
DDL_XLS;DDL-2026-09-18;POOLDATA;BUSINESS;TABLE;ID;1;VARCHAR2;4000;;;Y;;;;;
DDL_XLS;DDL-2026-09-18;POOLDATA;BUSINESS;TABLE;OLDID;2;VARCHAR2;5;;;Y;;;;;
DDL_XLS;DDL-2026-09-18;POOLDATA;BUSINESS;TABLE;GROUPPANEL;3;VARCHAR2;4000;;;Y;;;;;
DDL_XLS;DDL-2026-09-18;POOLDATA;BUSINESS;TABLE;NOTE;4;VARCHAR2;4000;;;Y;;;;;
DDL_XLS;DDL-2026-09-18;POOLDATA;BUSINESS;TABLE;BUSINESSGROUPID;5;VARCHAR2;4000;;;Y;;;;;
DDL_XLS;DDL-2026-09-18;POOLDATA;BUSINESS;TABLE;BUSINESSGROUPNAME;6;VARCHAR2;4000;;;Y;;;;;
DDL_XLS;DDL-2026-09-18;POOLDATA;BUSINESS;TABLE;POLICYCOST;7;VARCHAR2;4000;;;Y;;;;;
DDL_XLS;DDL-2026-09-18;POOLDATA;BUSINESS;TABLE;STAMPPOLICY;8;VARCHAR2;4000;;;Y;;;;;
DDL_XLS;DDL-2026-09-18;POOLDATA;BUSINESS;TABLE;ENDORSECOST;9;VARCHAR2;4000;;;Y;;;;;
DDL_XLS;DDL-2026-09-18;POOLDATA;BUSINESS;TABLE;MAXDISC;10;VARCHAR2;4000;;;Y;;;;;
DDL_XLS;DDL-2026-09-18;POOLDATA;BUSINESS;TABLE;DEDUCTABLECOST;11;VARCHAR2;4000;;;Y;;;;;
DDL_XLS;DDL-2026-09-18;POOLDATA;BUSINESS;TABLE;STAMPENDORSE;12;VARCHAR2;4000;;;Y;;;;;
DDL_XLS;DDL-2026-09-18;POOLDATA;BUSINESS;TABLE;NOTEINA;13;VARCHAR2;4000;;;Y;;;;;
DDL_XLS;DDL-2026-09-18;POOLDATA;BUSINESS;TABLE;STATUSSYARIAH;14;VARCHAR2;4000;;;Y;;;;;
DDL_XLS;DDL-2026-09-18;POOLDATA;BUSINESS;TABLE;NOTEING;15;VARCHAR2;4000;;;Y;;;;;
DDL_XLS;DDL-2026-09-18;POOLDATA;BUSINESS;TABLE;STATUSRANDOMTF;16;VARCHAR2;4000;;;Y;;;;;
DDL_XLS;DDL-2026-09-18;POOLDATA;BUSINESS;TABLE;MINPREMI;17;VARCHAR2;4000;;;Y;;;;;
DDL_XLS;DDL-2026-09-18;POOLDATA;BUSINESS;TABLE;CONTENTNOTE;18;VARCHAR2;4000;;;Y;;;;;
DDL_XLS;DDL-2026-09-18;POOLDATA;CATASTROPHE;TABLE;ID;1;VARCHAR2;100;;;Y;;Y;;;
DDL_XLS;DDL-2026-09-18;POOLDATA;CATASTROPHE;TABLE;NOTE;2;VARCHAR2;2000;;;Y;;;;;
DDL_XLS;DDL-2026-09-18;POOLDATA;CATASTROPHE;TABLE;KLAIMTYPE;3;VARCHAR2;100;;;Y;;;;;
DDL_XLS;DDL-2026-09-18;POOLDATA;CATASTROPHE;TABLE;TGL_INPUT;4;DATE;;;;Y;sysdate;;;;
DDL_XLS;DDL-2026-09-18;POOLDATA;CATASTROPHE;TABLE;USER_INPUT;5;VARCHAR2;200;;;Y;;;;;
DDL_XLS;DDL-2026-09-18;POOLDATA;CATASTROPHE;TABLE;STSKATASTROFE;6;VARCHAR2;50;;;Y;;;;;
DDL_XLS;DDL-2026-09-18;POOLDATA;CATASTROPHE;TABLE;NONKATASTROFETYPE;7;VARCHAR2;50;;;Y;;;;;
DDL_XLS;DDL-2026-09-18;POOLDATA;CLAIMREJECTED;TABLE;INSKEY;1;VARCHAR2(255 CHAR) NOT NULL ENABLE;;;;N;;Y;;;
DDL_XLS;DDL-2026-09-18;POOLDATA;CLAIMREJECTED;TABLE;ID;2;VARCHAR2(32 CHAR);;;;Y;;;;;
DDL_XLS;DDL-2026-09-18;POOLDATA;CLAIMREJECTED;TABLE;INSNAME;3;VARCHAR2(128 CHAR);;;;Y;;;;;
DDL_XLS;DDL-2026-09-18;POOLDATA;CLAIMREJECTED;TABLE;LABEL;4;VARCHAR2(64 CHAR);;;;Y;;;;;
DDL_XLS;DDL-2026-09-18;POOLDATA;CLAIMREJECTED;TABLE;STATUSWORK;5;VARCHAR2(32 CHAR);;;;Y;;;;;
DDL_XLS;DDL-2026-09-18;POOLDATA;CLAIMREJECTED;TABLE;CREATEOPNAME;6;VARCHAR2(128 CHAR);;;;Y;;;;;
DDL_XLS;DDL-2026-09-18;POOLDATA;CLAIMREJECTED;TABLE;CREATEOPERATOR;7;VARCHAR2(128 CHAR);;;;Y;;;;;
DDL_XLS;DDL-2026-09-18;POOLDATA;CLAIMREJECTED;TABLE;OBJCLASS;8;VARCHAR2(96 CHAR);;;;Y;;;;;
DDL_XLS;DDL-2026-09-18;POOLDATA;CLAIMREJECTED;TABLE;UPDATEDATETIME;9;DATE;;;;Y;;;;;
DDL_XLS;DDL-2026-09-18;POOLDATA;CLAIMREJECTED;TABLE;UPDATEOPNAME;10;VARCHAR2(128 CHAR);;;;Y;;;;;
DDL_XLS;DDL-2026-09-18;POOLDATA;CLAIMREJECTED;TABLE;UPDATEOPERATOR;11;VARCHAR2(128 CHAR);;;;Y;;;;;
DDL_XLS;DDL-2026-09-18;POOLDATA;CLAIMREJECTED;TABLE;REMARK;12;VARCHAR2;1000;;;Y;;;;;
DDL_XLS;DDL-2026-09-18;POOLDATA;CLAIMXOL2;TABLE;CASEID;1;VARCHAR2;100;;;Y;;;;;
DDL_XLS;DDL-2026-09-18;POOLDATA;CLAIMXOL2;TABLE;XOL;2;VARCHAR2;4000;;;Y;;;;;
DDL_XLS;DDL-2026-09-18;POOLDATA;CLAIMXOL2;TABLE;TANGGAL;3;DATE;;;;Y;;;;;
DDL_XLS;DDL-2026-09-18;POOLDATA;DIRECTTOKASIR_LOG;TABLE;TGL_INPUT;1;DATE;;;;Y;sysdate;;;;
DDL_XLS;DDL-2026-09-18;POOLDATA;DIRECTTOKASIR_LOG;TABLE;DATA_JSON;2;CLOB;;;;Y;;;;;
DDL_XLS;DDL-2026-09-18;POOLDATA;DIRECTTOKASIR_LOG;TABLE;IDPEGA;3;VARCHAR2;100;;;Y;;;;;
DDL_XLS;DDL-2026-09-18;POOLDATA;DIRECTTOKASIR_LOG;TABLE;NOAKSEPTASI;4;VARCHAR2;50;;;Y;;;;;
DDL_XLS;DDL-2026-09-18;POOLDATA;DIRECTTOKASIR_LOG;TABLE;KET;5;VARCHAR2;1000;;;Y;;;;;
DDL_XLS;DDL-2026-09-18;POOLDATA;EMAILKOMITE;TABLE;ID;1;NUMBER;;*;0;N;;Y;;;
DDL_XLS;DDL-2026-09-18;POOLDATA;EMAILKOMITE;TABLE;NAME;2;VARCHAR2;150;;;Y;;;;;
DDL_XLS;DDL-2026-09-18;POOLDATA;EMAILKOMITE;TABLE;EMAIL;3;VARCHAR2;150;;;Y;;;;;
DDL_XLS;DDL-2026-09-18;POOLDATA;EMAILKOMITE;TABLE;LIMIT_BOTTOM;4;NUMBER;;*;0;Y;;;;;
DDL_XLS;DDL-2026-09-18;POOLDATA;EMAILKOMITE;TABLE;LIMIT_TOP;5;NUMBER;;*;0;Y;;;;;
DDL_XLS;DDL-2026-09-18;POOLDATA;EMAILKOMITE;TABLE;DEGREE;6;VARCHAR2;150;;;Y;;;;;
DDL_XLS;DDL-2026-09-18;POOLDATA;EMAILKOMITE;TABLE;STS_AKTIF;7;VARCHAR2;150;;;Y;;;;;
DDL_XLS;DDL-2026-09-18;POOLDATA;EMAILKOMITE;TABLE;OPERATOR_ID;8;VARCHAR2;50;;;Y;;;;;
DDL_XLS;DDL-2026-09-18;POOLDATA;EMAILKOMITE;TABLE;STS_REJECT;9;VARCHAR2;15;;;Y;;;;;
DDL_XLS;DDL-2026-09-18;POOLDATA;EMAILKOMITE;TABLE;STS_ADJ;10;VARCHAR2;15;;;Y;;;;;
DDL_XLS;DDL-2026-09-18;POOLDATA;EMAILKOMITE;TABLE;TYPE_BUSINESS;11;VARCHAR2;20;;;Y;;;;;
DDL_XLS;DDL-2026-09-18;POOLDATA;EMAILKOMITE;TABLE;TYPE_KOMITE;12;NUMBER;;*;0;Y;;;;;
DDL_XLS;DDL-2026-09-18;POOLDATA;EMAILKOMITE;TABLE;STS_REG;13;NUMBER;;*;0;Y;;;;;
DDL_XLS;DDL-2026-09-18;POOLDATA;EMAILKOMITE;TABLE;STS_SURVEY;14;NUMBER;;*;0;Y;;;;;
DDL_XLS;DDL-2026-09-18;POOLDATA;EMAILKOMITE;TABLE;STS_SALVAGE;15;NUMBER;;;;Y;;;;;
DDL_XLS;DDL-2026-09-18;POOLDATA;EMAILKOMITE;TABLE;STS_ADJUSTER;16;NUMBER;;;;Y;;;;;
DDL_XLS;DDL-2026-09-18;POOLDATA;EMAILKOMITE;TABLE;STS_KLAIM;17;VARCHAR2;10;;;Y;;;;;
DDL_XLS;DDL-2026-09-18;POOLDATA;EMAILKOMITE;TABLE;JABATAN;18;VARCHAR2;20;;;Y;;;;;
DDL_XLS;DDL-2026-09-18;POOLDATA;JSON_KLAIM;TABLE;MNK_NO_KLAIM;1;VARCHAR2;100;;;N;;;;IDX_KLAIM_001;
DDL_XLS;DDL-2026-09-18;POOLDATA;JSON_KLAIM;TABLE;DATA_JSON;2;CLOB;;;;Y;;;;IDX_KLAIM_001;IS JSON
DDL_XLS;DDL-2026-09-18;POOLDATA;JSON_KLAIM;TABLE;IDPEGA;3;VARCHAR2;100;;;Y;;Y;;IDX_KLAIM_001;
DDL_XLS;DDL-2026-09-18;POOLDATA;JSON_KLAIM;TABLE;TGL_INPUT;4;DATE;;;;Y;sysdate;;;IDX_KLAIM_001;
DDL_XLS;DDL-2026-09-18;POOLDATA;JSON_KLAIM;TABLE;TGL_KONVERSI;5;DATE;;;;Y;;;;IDX_KLAIM_001;
DDL_XLS;DDL-2026-09-18;POOLDATA;JSON_KLAIM;TABLE;NOPOLIS;6;VARCHAR2;100;;;N;;;;IDX_KLAIM_001;
DDL_XLS;DDL-2026-09-18;POOLDATA;JSON_KLAIM;TABLE;IDPROD;7;NUMBER;;*;0;Y;;;;IDX_KLAIM_001;
DDL_XLS;DDL-2026-09-18;POOLDATA;JSON_KLAIM;TABLE;STS_KONVERSI;8;NUMBER;;1;0;Y;;;;IDX_KLAIM_001;
DDL_XLS;DDL-2026-09-18;POOLDATA;JSON_POLIS;TABLE;TGL_INPUT;1;DATE;;;;Y;sysdate;;;JSON_POLIS_IDX3;
DDL_XLS;DDL-2026-09-18;POOLDATA;JSON_POLIS;TABLE;DATA_JSON;2;CLOB;;;;Y;;;;JSON_POLIS_IDX3;IS JSON
DDL_XLS;DDL-2026-09-18;POOLDATA;JSON_POLIS;TABLE;NOPOLIS;3;VARCHAR2;100;;;N;;;Y;JSON_POLIS_IDX3;
DDL_XLS;DDL-2026-09-18;POOLDATA;JSON_POLIS;TABLE;NOENDORS;4;VARCHAR2;100;;;Y;;;;JSON_POLIS_IDX3;
DDL_XLS;DDL-2026-09-18;POOLDATA;JSON_POLIS;TABLE;PRODKE;5;VARCHAR2;5;;;Y;;;;JSON_POLIS_IDX3;
DDL_XLS;DDL-2026-09-18;POOLDATA;JSON_POLIS;TABLE;ERR_NOTE;6;VARCHAR2;1000;;;Y;;;;JSON_POLIS_IDX3;
DDL_XLS;DDL-2026-09-18;POOLDATA;JSON_POLIS;TABLE;TGL_KONVERSI;7;DATE;;;;Y;;;;JSON_POLIS_IDX3;
DDL_XLS;DDL-2026-09-18;POOLDATA;JSON_POLIS;TABLE;IDPEGA;8;VARCHAR2;50;;;Y;;Y;Y;JSON_POLIS_IDX3;
DDL_XLS;DDL-2026-09-18;POOLDATA;JSON_POLIS;TABLE;STS_KONVERSI;9;NUMBER;;;;Y;;;;JSON_POLIS_IDX3;
DDL_XLS;DDL-2026-09-18;POOLDATA;JSON_POLIS;TABLE;TGL_KONVERSI_RETRO;10;DATE;;;;Y;;;;JSON_POLIS_IDX3;
DDL_XLS;DDL-2026-09-18;POOLDATA;JSON_POLIS;TABLE;STS_KONVERSI_RETRO;11;NUMBER;;;;Y;;;;JSON_POLIS_IDX3;
DDL_XLS;DDL-2026-09-18;POOLDATA;JSON_POLIS;TABLE;OLDNOPOLIS;12;VARCHAR2;100;;;Y;;;;JSON_POLIS_IDX3;
DDL_XLS;DDL-2026-09-18;POOLDATA;JSON_POLIS;TABLE;TGL_PROD;13;DATE;;;;Y;;;;JSON_POLIS_IDX3;
DDL_XLS;DDL-2026-09-18;POOLDATA;JSON_POLIS;TABLE;USERNAME;14;VARCHAR2;200;;;Y;;;;JSON_POLIS_IDX3;
DDL_XLS;DDL-2026-09-18;POOLDATA;KODE_PRODUKSI;TABLE;KODE;1;VARCHAR2;5;;;Y;;;;;
DDL_XLS;DDL-2026-09-18;POOLDATA;KODE_PRODUKSI;TABLE;TYPE;2;VARCHAR2;10;;;Y;;;;;
DDL_XLS;DDL-2026-09-18;POOLDATA;LST_BANK_GROUP;TABLE;LBG_ID;1;VARCHAR2;5;;;N;;Y;;;
DDL_XLS;DDL-2026-09-18;POOLDATA;LST_BANK_GROUP;TABLE;LBG_ID_OLD;2;VARCHAR2;5;;;N;;Y;;;
DDL_XLS;DDL-2026-09-18;POOLDATA;LST_BANK_GROUP;TABLE;JSONDATA;3;CLOB;;;;Y;;;;;
DDL_XLS;DDL-2026-09-18;POOLDATA;MARKETINGOFFICER;TABLE;ID;1;VARCHAR2;100;;;Y;;;;;
DDL_XLS;DDL-2026-09-18;POOLDATA;MARKETINGOFFICER;TABLE;CLIENTID;2;VARCHAR2;100;;;Y;;;;;
DDL_XLS;DDL-2026-09-18;POOLDATA;MARKETINGOFFICER;TABLE;BRANCHDETAILID;3;VARCHAR2;100;;;Y;;;;;
DDL_XLS;DDL-2026-09-18;POOLDATA;MARKETINGOFFICER;TABLE;MOLEADER;4;VARCHAR2;100;;;Y;;;;;
DDL_XLS;DDL-2026-09-18;POOLDATA;MARKETINGOFFICER;TABLE;MOSTATUS;5;VARCHAR2;100;;;Y;;;;;
DDL_XLS;DDL-2026-09-18;POOLDATA;MARKETINGOFFICER;TABLE;CLIENTID2;6;VARCHAR2;100;;;Y;;;;;
DDL_XLS;DDL-2026-09-18;POOLDATA;MARKETINGOFFICER;TABLE;BRANCHSTATUS;7;VARCHAR2;100;;;Y;;;;;
DDL_XLS;DDL-2026-09-18;POOLDATA;MARKETINGOFFICER;TABLE;TEAMGROUP;8;VARCHAR2;100;;;Y;;;;;
DDL_XLS;DDL-2026-09-18;POOLDATA;MARKETINGOFFICER;TABLE;CLIENTNAME;9;VARCHAR2;100;;;Y;;;;;
DDL_XLS;DDL-2026-09-18;POOLDATA;MARKETINGOFFICER;TABLE;TANGGAL;10;DATE;;;;Y;;;;;
DDL_XLS;DDL-2026-09-18;POOLDATA;MARKETINGOFFICER;TABLE;USERUPDATE;11;VARCHAR2;100;;;Y;;;;;
DDL_XLS;DDL-2026-09-18;POOLDATA;MARKETINGOFFICER;TABLE;BRANCHPARENT;12;VARCHAR2;10;;;Y;;;;;
DDL_XLS;DDL-2026-09-18;POOLDATA;MARKETINGOFFICER;TABLE;BRANCHDETAILNAME;13;VARCHAR2;100;;;Y;;;;;
DDL_XLS;DDL-2026-09-18;POOLDATA;MARKETINGOFFICER;TABLE;AKSES_LOGIN;14;VARCHAR2;50;;;Y;;;;;
DDL_XLS;DDL-2026-09-18;POOLDATA;M_CLIENT;TABLE;ID;1;VARCHAR2;100;;;Y;;;;;
DDL_XLS;DDL-2026-09-18;POOLDATA;M_CLIENT;TABLE;OLDID;2;VARCHAR2;100;;;Y;;;;;
DDL_XLS;DDL-2026-09-18;POOLDATA;M_CLIENT;TABLE;JSONDATA;3;CLOB;;;;Y;;;;;
DDL_XLS;DDL-2026-09-18;POOLDATA;M_TREATY_IN;TABLE;ID;1;VARCHAR2;10;;;Y;;Y;;;
DDL_XLS;DDL-2026-09-18;POOLDATA;M_TREATY_IN;TABLE;JSONDATA;2;CLOB;;;;Y;;;;;
DDL_XLS;DDL-2026-09-18;POOLDATA;M_TREATY_IN_EDM;TABLE;ID;1;VARCHAR2;20;;;Y;;Y;;;
DDL_XLS;DDL-2026-09-18;POOLDATA;M_TREATY_IN_EDM;TABLE;OLDID;2;VARCHAR2;20;;;Y;;;;;
DDL_XLS;DDL-2026-09-18;POOLDATA;M_TREATY_IN_EDM;TABLE;EDMDATE;3;DATE;;;;Y;;;;;
DDL_XLS;DDL-2026-09-18;POOLDATA;M_TREATY_IN_EDM;TABLE;JSONDATA;4;CLOB;;;;Y;;;;;
DDL_XLS;DDL-2026-09-18;POOLDATA;M_TREATY_OUT;TABLE;ID;1;VARCHAR2;30;;;Y;;Y;;;
DDL_XLS;DDL-2026-09-18;POOLDATA;M_TREATY_OUT;TABLE;JSONDATA;2;CLOB;;;;Y;;;;;
DDL_XLS;DDL-2026-09-18;POOLDATA;M_TREATY_OUT_DETAIL;TABLE;ID;1;VARCHAR2;10;;;Y;;;;;
DDL_XLS;DDL-2026-09-18;POOLDATA;M_TREATY_OUT_DETAIL;TABLE;JSONDATA;2;CLOB;;;;Y;;;;;
DDL_XLS;DDL-2026-09-18;POOLDATA;OS_AKSEPTASI_KLAIM;TABLE;CASEID;1;VARCHAR2;100;;;Y;;;;;
DDL_XLS;DDL-2026-09-18;POOLDATA;OS_AKSEPTASI_KLAIM;TABLE;NOCLAIM;2;VARCHAR2;100;;;Y;;;;;
DDL_XLS;DDL-2026-09-18;POOLDATA;OS_AKSEPTASI_KLAIM;TABLE;DATA_JSON;3;CLOB;;;;Y;;;;;IS JSON
DDL_XLS;DDL-2026-09-18;POOLDATA;OS_AKSEPTASI_KLAIM;TABLE;TANGGAL;4;DATE;;;;Y;sysdate;;;;
DDL_XLS;DDL-2026-09-18;POOLDATA;OS_AKSEPTASI_KLAIM;TABLE;NOPOLIS;5;VARCHAR2;30;;;Y;;;;;
DDL_XLS;DDL-2026-09-18;POOLDATA;OS_AKSEPTASI_KLAIM;TABLE;STS_REJECT;6;NUMBER;;38;0;Y;;;;;
DDL_XLS;DDL-2026-09-18;POOLDATA;OS_AKSEPTASI_KLAIM;TABLE;STS_KONVERSI;7;CHAR;1;;;Y;0;;;;
DDL_XLS;DDL-2026-09-18;POOLDATA;OS_AKSEPTASI_KLAIM;TABLE;TGL_KONVERSI;8;DATE;;;;Y;;;;;
DDL_XLS;DDL-2026-09-18;POOLDATA;OS_AKSEPTASI_KLAIM;TABLE;STS_DLA;9;VARCHAR2;100;;;Y;;;;;
DDL_XLS;DDL-2026-09-18;POOLDATA;OS_AKSEPTASI_KLAIM;TABLE;ERR_NOTE;10;VARCHAR2;2000;;;Y;;;;;
DDL_XLS;DDL-2026-09-18;POOLDATA;OS_AKSEPTASI_KLAIM;TABLE;MASTERID;11;VARCHAR2;50;;;Y;;;;;
DDL_XLS;DDL-2026-09-18;POOLDATA;OS_AKSEPTASI_KLAIM;TABLE;DLA_NO;12;VARCHAR2;50;;;Y;;;;;
DDL_XLS;DDL-2026-09-18;POOLDATA;OS_AKSEPTASI_KLAIM;TABLE;CLAIMOLD;13;VARCHAR2;50;;;Y;;;;;
DDL_XLS;DDL-2026-09-18;POOLDATA;OS_AKSEPTASI_KLAIM;TABLE;DLA_DATE;14;DATE;;;;Y;;;;;
DDL_XLS;DDL-2026-09-18;POOLDATA;OS_AKSEPTASI_KLAIM;TABLE;TGL_PROD;15;DATE;;;;Y;;;;;
DDL_XLS;DDL-2026-09-18;POOLDATA;OS_AKSEPTASI_KLAIM;TABLE;OBJECTID;16;VARCHAR2;200;;;Y;;;;;
DDL_XLS;DDL-2026-09-18;POOLDATA;OS_AKSEPTASI_KLAIM;TABLE;OBJECTNAME;17;VARCHAR2;2000;;;Y;;;;;
DDL_XLS;DDL-2026-09-18;POOLDATA;OS_AKSEPTASI_KLAIM;TABLE;OBJECTITEMNAME;18;VARCHAR2;2000;;;Y;;;;;
DDL_XLS;DDL-2026-09-18;POOLDATA;OS_AKSEPTASI_KLAIM;TABLE;PACKINGNAME;19;VARCHAR2;500;;;Y;;;;;
DDL_XLS;DDL-2026-09-18;POOLDATA;OS_AKSEPTASI_KLAIM;TABLE;GOODSNAME;20;VARCHAR2;500;;;Y;;;;;
DDL_XLS;DDL-2026-09-18;POOLDATA;OS_AKSEPTASI_KLAIM;TABLE;CONVEYANCENAME;21;VARCHAR2;500;;;Y;;;;;
DDL_XLS;DDL-2026-09-18;POOLDATA;OS_AKSEPTASI_KLAIM;TABLE;BRANDNAME;22;VARCHAR2;200;;;Y;;;;;
DDL_XLS;DDL-2026-09-18;POOLDATA;OS_AKSEPTASI_KLAIM;TABLE;MODELNAME;23;VARCHAR2;200;;;Y;;;;;
DDL_XLS;DDL-2026-09-18;POOLDATA;OS_AKSEPTASI_KLAIM;TABLE;COVERAGEID;24;VARCHAR2;100;;;Y;;;;;
DDL_XLS;DDL-2026-09-18;POOLDATA;OS_AKSEPTASI_KLAIM;TABLE;COVERAGENAME;25;VARCHAR2;4000;;;Y;;;;;
DDL_XLS;DDL-2026-09-18;POOLDATA;OS_AKSEPTASI_KLAIM;TABLE;CURRENCYID;26;VARCHAR2;10;;;Y;;;;;
DDL_XLS;DDL-2026-09-18;POOLDATA;OS_AKSEPTASI_KLAIM;TABLE;CURRENCY;27;VARCHAR2;20;;;Y;;;;;
DDL_XLS;DDL-2026-09-18;POOLDATA;OS_AKSEPTASI_KLAIM;TABLE;VALUE;28;NUMBER;;;;Y;;;;;
DDL_XLS;DDL-2026-09-18;POOLDATA;OS_AKSEPTASI_KLAIM;TABLE;GROSSVALUE;29;NUMBER;;;;Y;;;;;
DDL_XLS;DDL-2026-09-18;POOLDATA;OS_AKSEPTASI_KLAIM;TABLE;DEDUCTIBLEVALUE;30;NUMBER;;;;Y;;;;;
DDL_XLS;DDL-2026-09-18;POOLDATA;OS_AKSEPTASI_KLAIM;TABLE;RNM_SHARE;31;NUMBER;;;;Y;;;;;
DDL_XLS;DDL-2026-09-18;POOLDATA;OS_AKSEPTASI_KLAIM;TABLE;CAUSEOFLOSSID;32;VARCHAR2;100;;;Y;;;;;
DDL_XLS;DDL-2026-09-18;POOLDATA;OS_AKSEPTASI_KLAIM;TABLE;CAUSEOFLOSS;33;VARCHAR2;1000;;;Y;;;;;
DDL_XLS;DDL-2026-09-18;POOLDATA;OS_AKSEPTASI_KLAIM;TABLE;DLA_OP;34;VARCHAR2;50;;;Y;;;;;
DDL_XLS;DDL-2026-09-18;POOLDATA;OS_AKSEPTASI_KLAIM;TABLE;INSERT_OP;35;VARCHAR2;50;;;Y;;;;;
DDL_XLS;DDL-2026-09-18;POOLDATA;OS_AKSEPTASI_KLAIM;TABLE;ACCEPTEDNO;36;VARCHAR2;50;;;Y;;;;;
DDL_XLS;DDL-2026-09-18;POOLDATA;OS_AKSEPTASI_KLAIM;TABLE;DLANO_CEDING;37;VARCHAR2;200;;;Y;;;;;
DDL_XLS;DDL-2026-09-18;POOLDATA;OS_AKSEPTASI_KLAIM;TABLE;DLANO_SOB;38;VARCHAR2;200;;;Y;;;;;
DDL_XLS;DDL-2026-09-18;POOLDATA;OS_AKSEPTASI_KLAIM;TABLE;PAYMENTTYPE;39;VARCHAR2;10;;;Y;;;;;
DDL_XLS;DDL-2026-09-18;POOLDATA;OS_AKSEPTASI_KLAIM;TABLE;NETFORCOLLECTION;40;VARCHAR2;10;;;Y;;;;;
DDL_XLS;DDL-2026-09-18;POOLDATA;OS_AKSEPTASI_KLAIM;TABLE;TYPELOSSID;41;VARCHAR2;50;;;Y;;;;;
DDL_XLS;DDL-2026-09-18;POOLDATA;OS_AKSEPTASI_KLAIM;TABLE;TYPELOSSNAME;42;VARCHAR2;50;;;Y;;;;;
DDL_XLS;DDL-2026-09-18;POOLDATA;OS_AKSEPTASI_KLAIM;TABLE;ADJUSTERFEE;43;NUMBER;;;;Y;;;;;
DDL_XLS;DDL-2026-09-18;POOLDATA;OS_AKSEPTASI_KLAIM;TABLE;CNPOTHERSFEE;44;NUMBER;;;;Y;;;;;
DDL_XLS;DDL-2026-09-18;POOLDATA;OS_AKSEPTASI_KLAIM;TABLE;KURSVALUE;45;NUMBER;;;;Y;;;;;
DDL_XLS;DDL-2026-09-18;POOLDATA;OS_AKSEPTASI_KLAIM;TABLE;SALVAGE;46;NUMBER;;;;Y;;;;;
DDL_XLS;DDL-2026-09-18;POOLDATA;OS_AKSEPTASI_KLAIM;TABLE;TYPE;47;VARCHAR2;50;;;Y;;;;;
DDL_XLS;DDL-2026-09-18;POOLDATA;OS_AKSEPTASI_KLAIM;TABLE;ESTIMATIONDATE;48;DATE;;;;Y;;;;;
DDL_XLS;DDL-2026-09-18;POOLDATA;OS_AKSEPTASI_KLAIM;TABLE;PERSENRNM;49;NUMBER;;;;Y;;;;;
DDL_XLS;DDL-2026-09-18;POOLDATA;OS_AKSEPTASI_KLAIM;TABLE;XOL;50;VARCHAR2;100;;;Y;;;;;
DDL_XLS;DDL-2026-09-18;POOLDATA;OS_AKSEPTASI_KLAIM;TABLE;XOLID;51;VARCHAR2;50;;;Y;;;;;
DDL_XLS;DDL-2026-09-18;POOLDATA;OS_AKSEPTASI_KLAIM;TABLE;ADJUSTERFEERNM;52;NUMBER;;;;Y;;;;;
DDL_XLS;DDL-2026-09-18;POOLDATA;OS_AKSEPTASI_KLAIM;TABLE;ADJUSTERFEEVALUE;53;NUMBER;;;;Y;;;;;
DDL_XLS;DDL-2026-09-18;POOLDATA;OS_AKSEPTASI_KLAIM;TABLE;CNPLIMIT;54;NUMBER;;;;Y;;;;;
DDL_XLS;DDL-2026-09-18;POOLDATA;OS_AKSEPTASI_KLAIM;TABLE;CNPMINDEP;55;NUMBER;;;;Y;;;;;
DDL_XLS;DDL-2026-09-18;POOLDATA;OS_AKSEPTASI_KLAIM;TABLE;CNPOTHERSFEERNM;56;NUMBER;;;;Y;;;;;
DDL_XLS;DDL-2026-09-18;POOLDATA;OS_AKSEPTASI_KLAIM;TABLE;CNPPCTREINSTATE;57;NUMBER;;;;Y;;;;;
DDL_XLS;DDL-2026-09-18;POOLDATA;OS_AKSEPTASI_KLAIM;TABLE;CNPREINSTATEMENT;58;NUMBER;;;;Y;;;;;
DDL_XLS;DDL-2026-09-18;POOLDATA;OS_AKSEPTASI_KLAIM;TABLE;CNPREINSTATEMENTRNM;59;NUMBER;;;;Y;;;;;
DDL_XLS;DDL-2026-09-18;POOLDATA;OS_AKSEPTASI_KLAIM;TABLE;GROSSADJUSTMENT;60;NUMBER;;;;Y;;;;;
DDL_XLS;DDL-2026-09-18;POOLDATA;OS_AKSEPTASI_KLAIM;TABLE;KURSIDR;61;NUMBER;;;;Y;;;;;
DDL_XLS;DDL-2026-09-18;POOLDATA;OS_AKSEPTASI_KLAIM;TABLE;SALVAGERNM;62;NUMBER;;;;Y;;;;;
DDL_XLS;DDL-2026-09-18;POOLDATA;OS_AKSEPTASI_KLAIM;TABLE;SALVAGEVALUE;63;NUMBER;;;;Y;;;;;
DDL_XLS;DDL-2026-09-18;POOLDATA;OS_AKSEPTASI_KLAIM;TABLE;TOTALXOL;64;NUMBER;;;;Y;;;;;
DDL_XLS;DDL-2026-09-18;POOLDATA;OS_AKSEPTASI_KLAIM;TABLE;TOTALXOLGROSS;65;NUMBER;;;;Y;;;;;
DDL_XLS;DDL-2026-09-18;POOLDATA;OS_AKSEPTASI_KLAIM;TABLE;TOTALXOLLAYERRNM;66;NUMBER;;;;Y;;;;;
DDL_XLS;DDL-2026-09-18;POOLDATA;OS_AKSEPTASI_KLAIM;TABLE;TOTALXOLRNM;67;NUMBER;;;;Y;;;;;
DDL_XLS;DDL-2026-09-18;POOLDATA;PROPORTIONALARRG;TABLE;ID;1;VARCHAR2;1000;;;Y;;;;;
DDL_XLS;DDL-2026-09-18;POOLDATA;PROPORTIONALARRG;TABLE;TREATYYEAR;2;VARCHAR2;1000;;;Y;;;;;
DDL_XLS;DDL-2026-09-18;POOLDATA;PROPORTIONALARRG;TABLE;TREATYYEARID;3;VARCHAR2;1000;;;Y;;;;;
DDL_XLS;DDL-2026-09-18;POOLDATA;PROPORTIONALARRG;TABLE;TREATYGROUPID;4;VARCHAR2;1000;;;Y;;;;;
DDL_XLS;DDL-2026-09-18;POOLDATA;PROPORTIONALARRG;TABLE;TREATYGROUPNAME;5;VARCHAR2;1000;;;Y;;;;;
DDL_XLS;DDL-2026-09-18;POOLDATA;PROPORTIONALARRG;TABLE;TREATYDESCID;6;VARCHAR2;1000;;;Y;;;;;
DDL_XLS;DDL-2026-09-18;POOLDATA;PROPORTIONALARRG;TABLE;TREATYDESCNAME;7;VARCHAR2;1000;;;Y;;;;;
DDL_XLS;DDL-2026-09-18;POOLDATA;PROPORTIONALARRG;TABLE;REINSTYPEID;8;VARCHAR2;1000;;;Y;;;;;
DDL_XLS;DDL-2026-09-18;POOLDATA;PROPORTIONALARRG;TABLE;REINSTYPENAME;9;VARCHAR2;1000;;;Y;;;;;
DDL_XLS;DDL-2026-09-18;POOLDATA;PROPORTIONALARRG;TABLE;LAYER;10;VARCHAR2;1000;;;Y;;;;;
DDL_XLS;DDL-2026-09-18;POOLDATA;PROPORTIONALARRG;TABLE;LAYERPART;11;VARCHAR2;1000;;;Y;;;;;
DDL_XLS;DDL-2026-09-18;POOLDATA;PROPORTIONALARRG;TABLE;LAYERPARTTYPE;12;VARCHAR2;1000;;;Y;;;;;
DDL_XLS;DDL-2026-09-18;POOLDATA;PROPORTIONALARRG;TABLE;LAYERTYPE;13;VARCHAR2;1000;;;Y;;;;;
DDL_XLS;DDL-2026-09-18;POOLDATA;PROPORTIONALARRG;TABLE;KURS;14;VARCHAR2;1000;;;Y;;;;;
DDL_XLS;DDL-2026-09-18;POOLDATA;PROPORTIONALARRG;TABLE;USERID;15;VARCHAR2;1000;;;Y;;;;;
DDL_XLS;DDL-2026-09-18;POOLDATA;PROPORTIONALARRG;TABLE;LINE;16;VARCHAR2;1000;;;Y;;;;;
DDL_XLS;DDL-2026-09-18;POOLDATA;PROPORTIONALARRG;TABLE;PCT;17;VARCHAR2;1000;;;Y;;;;;
DDL_XLS;DDL-2026-09-18;POOLDATA;PROPORTIONALARRG;TABLE;PCTME;18;VARCHAR2;1000;;;Y;;;;;
DDL_XLS;DDL-2026-09-18;POOLDATA;PROPORTIONALARRG;TABLE;YDCF;19;VARCHAR2;1000;;;Y;;;;;
DDL_XLS;DDL-2026-09-18;POOLDATA;PROPORTIONALARRG;TABLE;METHOD;20;VARCHAR2;1000;;;Y;;;;;
DDL_XLS;DDL-2026-09-18;POOLDATA;PROPORTIONALARRG;TABLE;PROPORTIONALLIST;21;VARCHAR2;1000;;;Y;;;;;
DDL_XLS;DDL-2026-09-18;POOLDATA;PROPORTIONALARRG;TABLE;TERRITORIALLIMIT;22;VARCHAR2;1000;;;Y;;;;;
DDL_XLS;DDL-2026-09-18;POOLDATA;PROPORTIONALARRG;TABLE;PARENTREINSTYPEID;23;VARCHAR2;1000;;;Y;;;;;
DDL_XLS;DDL-2026-09-18;POOLDATA;PROPORTIONALARRG;TABLE;SPREADINGORDER;24;VARCHAR2;1000;;;Y;;;;;
DDL_XLS;DDL-2026-09-18;POOLDATA;PROPORTIONALARRG;TABLE;RP;25;VARCHAR2;1000;;;Y;;;;;
DDL_XLS;DDL-2026-09-18;POOLDATA;PROPORTIONALARRG;TABLE;USD;26;VARCHAR2;1000;;;Y;;;;;
DDL_XLS;DDL-2026-09-18;POOLDATA;PROPORTIONALARRG;TABLE;ID_OCCUPATION;27;VARCHAR2;20;;;Y;;;;;
DDL_XLS;DDL-2026-09-18;POOLDATA;PROPORTIONALARRG;TABLE;OCCUPATION;28;VARCHAR2;1000;;;Y;;;;;
DDL_XLS;DDL-2026-09-18;POOLDATA;PROPORTIONALARRG;TABLE;ID_CLAUSE;29;VARCHAR2;20;;;Y;;;;;
DDL_XLS;DDL-2026-09-18;POOLDATA;PROPORTIONALARRG;TABLE;CLAUSE;30;VARCHAR2;1000;;;Y;;;;;
DDL_XLS;DDL-2026-09-18;POOLDATA;PROPORTIONALARRG;TABLE;TGLUPDATE;31;DATE;;;;Y;;;;;
DDL_XLS;DDL-2026-09-18;POOLDATA;PROPORTIONALARRG;TABLE;TREATYLIMIT;32;NUMBER;;;;Y;;;;;
DDL_XLS;DDL-2026-09-18;POOLDATA;PROPORTIONALARRG;TABLE;COINS_MIN;33;NUMBER;;;;Y;;;;;
DDL_XLS;DDL-2026-09-18;POOLDATA;PROPORTIONALARRG;TABLE;COINS_MAX;34;NUMBER;;;;Y;;;;;
DDL_XLS;DDL-2026-09-18;POOLDATA;PROPORTIONALARRG;TABLE;MORERP;35;NUMBER;;;;Y;;;;;
DDL_XLS;DDL-2026-09-18;POOLDATA;PROPORTIONALARRG;TABLE;MOREUSD;36;NUMBER;;;;Y;;;;;
DDL_XLS;DDL-2026-09-18;POOLDATA;REINSURANCETYPE;TABLE;ID;1;VARCHAR2;100;;;Y;;;;;
DDL_XLS;DDL-2026-09-18;POOLDATA;REINSURANCETYPE;TABLE;NOTE;2;VARCHAR2;100;;;Y;;;;;
DDL_XLS;DDL-2026-09-18;POOLDATA;REINSURANCETYPE;TABLE;TYPE;3;VARCHAR2;100;;;Y;;;;;
DDL_XLS;DDL-2026-09-18;POOLDATA;REINSURANCETYPE;TABLE;SOANOTE;4;VARCHAR2;100;;;Y;;;;;
DDL_XLS;DDL-2026-09-18;POOLDATA;REINSURANCETYPE;TABLE;CODE;5;VARCHAR2;100;;;Y;;;;;
DDL_XLS;DDL-2026-09-18;POOLDATA;REINSURANCETYPE;TABLE;FLAG;6;VARCHAR2;100;;;Y;;;;;
DDL_XLS;DDL-2026-09-18;POOLDATA;REINSURANCETYPE;TABLE;USERID;7;VARCHAR2;100;;;Y;;;;;
DDL_XLS;DDL-2026-09-18;POOLDATA;REINSURANCETYPE;TABLE;TGLUPDATE;8;VARCHAR2;100;;;Y;;;;;
DDL_XLS;DDL-2026-09-18;POOLDATA;REINSURANCETYPE;TABLE;NOURUT;9;VARCHAR2;100;;;Y;;;;;
DDL_XLS;DDL-2026-09-18;POOLDATA;REINSURANCETYPE;TABLE;GROUPTYPE;10;VARCHAR2;100;;;Y;;;;;
DDL_XLS;DDL-2026-09-18;POOLDATA;RW;TABLE;ID;1;VARCHAR2;8;;;Y;;;;;
DDL_XLS;DDL-2026-09-18;POOLDATA;RW;TABLE;NOTE;2;VARCHAR2;4000;;;Y;;;;;
DDL_XLS;DDL-2026-09-18;POOLDATA;RW;TABLE;DISTRICTID;3;VARCHAR2;4000;;;Y;;;;;
DDL_XLS;DDL-2026-09-18;POOLDATA;RW;TABLE;ZIPCODE;4;VARCHAR2;4000;;;Y;;;;;
DDL_XLS;DDL-2026-09-18;POOLDATA;RW;TABLE;CZONE;5;VARCHAR2;4000;;;Y;;;;;
DDL_XLS;DDL-2026-09-18;POOLDATA;RW;TABLE;CITYID;6;VARCHAR2;4000;;;Y;;;;;
DDL_XLS;DDL-2026-09-18;POOLDATA;RW;TABLE;CITYNAME;7;VARCHAR2;4000;;;Y;;;;;
DDL_XLS;DDL-2026-09-18;POOLDATA;RW;TABLE;PROVINCEID;8;VARCHAR2;4000;;;Y;;;;;
DDL_XLS;DDL-2026-09-18;POOLDATA;RW;TABLE;DISTRICTNAME;9;VARCHAR2;4000;;;Y;;;;;
DDL_XLS;DDL-2026-09-18;POOLDATA;RW;TABLE;PROVINCENAME;10;VARCHAR2;4000;;;Y;;;;;
DDL_XLS;DDL-2026-09-18;POOLDATA;RW;TABLE;ISFLOODAREA;11;VARCHAR2;10;;;Y;;;;;
DDL_XLS;DDL-2026-09-18;POOLDATA;RW;TABLE;ISEQAREA;12;VARCHAR2;10;;;Y;;;;;
DDL_XLS;DDL-2026-09-18;POOLDATA;RW;TABLE;ASSESMENT_ZONE;13;VARCHAR2;4000;;;Y;;;;;
DDL_XLS;DDL-2026-09-18;POOLDATA;RW;TABLE;STS_AKTIF;14;VARCHAR2;10;;;Y;;;;;
DDL_XLS;DDL-2026-09-18;POOLDATA;RW;TABLE;PXCREATEOPERATOR;15;VARCHAR2;100;;;Y;;;;;
DDL_XLS;DDL-2026-09-18;POOLDATA;RW;TABLE;TANGGAL_UPDATE;16;DATE;;;;Y;;;;;
DDL_XLS;DDL-2026-09-18;POOLDATA;RW;TABLE;NATION;17;VARCHAR2;100;;;Y;;;;;
DDL_XLS;DDL-2026-09-18;POOLDATA;RW;TABLE;ZONA;18;VARCHAR2;100;;;Y;;;;;
DDL_XLS;DDL-2026-09-18;POOLDATA;RW;TABLE;PCT_SHARE;19;NUMBER;;;;Y;;;;;
DDL_XLS;DDL-2026-09-18;POOLDATA;TREATYBUSINESS;TABLE;ID;1;VARCHAR2;1000;;;Y;;;;;
DDL_XLS;DDL-2026-09-18;POOLDATA;TREATYBUSINESS;TABLE;ISACTIVE;2;VARCHAR2;1000;;;Y;;;;;
DDL_XLS;DDL-2026-09-18;POOLDATA;TREATYBUSINESS;TABLE;TREATYYEAR;3;VARCHAR2;1000;;;Y;;;;;
DDL_XLS;DDL-2026-09-18;POOLDATA;TREATYBUSINESS;TABLE;TREATYYEARID;4;VARCHAR2;1000;;;Y;;;;;
DDL_XLS;DDL-2026-09-18;POOLDATA;TREATYBUSINESS;TABLE;TREATYGROUPID;5;VARCHAR2;1000;;;Y;;;;;
DDL_XLS;DDL-2026-09-18;POOLDATA;TREATYBUSINESS;TABLE;TREATYGROUPNAME;6;VARCHAR2;1000;;;Y;;;;;
DDL_XLS;DDL-2026-09-18;POOLDATA;TREATYBUSINESS;TABLE;REINSTYPEID;7;VARCHAR2;1000;;;Y;;;;;
DDL_XLS;DDL-2026-09-18;POOLDATA;TREATYBUSINESS;TABLE;REINSTYPENAME;8;VARCHAR2;1000;;;Y;;;;;
DDL_XLS;DDL-2026-09-18;POOLDATA;TREATYBUSINESS;TABLE;BIZCODE;9;VARCHAR2;1000;;;Y;;;;;
DDL_XLS;DDL-2026-09-18;POOLDATA;TREATYBUSINESS;TABLE;BIZNAME;10;VARCHAR2;1000;;;Y;;;;;
DDL_XLS;DDL-2026-09-18;POOLDATA;TREATYBUSINESS;TABLE;USERID;11;VARCHAR2;1000;;;Y;;;;;
DDL_XLS;DDL-2026-09-18;POOLDATA;TREATYBUSINESS;TABLE;TGLUPDATE;12;VARCHAR2;1000;;;Y;;;;;
DDL_XLS;DDL-2026-09-18;POOLDATA;TREATYCONTRACT;TABLE;ID;1;VARCHAR2;100;;;Y;;;;;
DDL_XLS;DDL-2026-09-18;POOLDATA;TREATYCONTRACT;TABLE;IDTREATYYEAR;2;VARCHAR2;100;;;Y;;;;;
DDL_XLS;DDL-2026-09-18;POOLDATA;TREATYCONTRACT;TABLE;REINSTYPEID;3;VARCHAR2;100;;;Y;;;;;
DDL_XLS;DDL-2026-09-18;POOLDATA;TREATYCONTRACT;TABLE;REINSTYPENAME;4;VARCHAR2;1000;;;Y;;;;;
DDL_XLS;DDL-2026-09-18;POOLDATA;TREATYCONTRACT;TABLE;TREATYSTARTDATE;5;DATE;;;;Y;;;;;
DDL_XLS;DDL-2026-09-18;POOLDATA;TREATYCONTRACT;TABLE;TREATYENDDATE;6;DATE;;;;Y;;;;;
DDL_XLS;DDL-2026-09-18;POOLDATA;TREATYCONTRACT;TABLE;USERID;7;VARCHAR2;100;;;Y;;;;;
DDL_XLS;DDL-2026-09-18;POOLDATA;TREATYCONTRACT;TABLE;TGLUPDATE;8;VARCHAR2;1000;;;Y;;;;;
DDL_XLS;DDL-2026-09-18;POOLDATA;TREATYGROUP;TABLE;ID;1;VARCHAR2;100;;;Y;;;;;
DDL_XLS;DDL-2026-09-18;POOLDATA;TREATYGROUP;TABLE;OLDID;2;VARCHAR2;1000;;;Y;;;;;
DDL_XLS;DDL-2026-09-18;POOLDATA;TREATYGROUP;TABLE;OJKBUSINESSID;3;VARCHAR2;1000;;;Y;;;;;
DDL_XLS;DDL-2026-09-18;POOLDATA;TREATYGROUP;TABLE;OJKBUSINESSNAME;4;VARCHAR2;1000;;;Y;;;;;
DDL_XLS;DDL-2026-09-18;POOLDATA;TREATYGROUP;TABLE;OJKBUSINESSNAMEIDN;5;VARCHAR2;1000;;;Y;;;;;
DDL_XLS;DDL-2026-09-18;POOLDATA;TREATYGROUP;TABLE;TREATYGROUPNAME;6;VARCHAR2;1000;;;Y;;;;;
DDL_XLS;DDL-2026-09-18;POOLDATA;TREATYGROUP;TABLE;TREATYGROUPSOANAME;7;VARCHAR2;1000;;;Y;;;;;
DDL_XLS;DDL-2026-09-18;POOLDATA;TREATYGROUP;TABLE;TGLUPDATE;8;VARCHAR2;1000;;;Y;;;;;
DDL_XLS;DDL-2026-09-18;POOLDATA;TREATYGROUP;TABLE;USERID;9;VARCHAR2;100;;;Y;;;;;
DDL_XLS;DDL-2026-09-18;POOLDATA;TREATYGROUP;TABLE;COAID;10;VARCHAR2;10;;;Y;;;;;
DDL_XLS;DDL-2026-09-18;POOLDATA;TREATYGROUP;TABLE;ORDERNO;11;VARCHAR2;10;;;Y;;;;;
DDL_XLS;DDL-2026-09-18;POOLDATA;TREATYINDETAIL;TABLE;ID;1;VARCHAR2;100;;;Y;;;;;
DDL_XLS;DDL-2026-09-18;POOLDATA;TREATYINDETAIL;TABLE;TREATYID;2;VARCHAR2;1000;;;Y;;;;;
DDL_XLS;DDL-2026-09-18;POOLDATA;TREATYINDETAIL;TABLE;TREATYYEAR;3;VARCHAR2;1000;;;Y;;;;;
DDL_XLS;DDL-2026-09-18;POOLDATA;TREATYINDETAIL;TABLE;SOBID;4;VARCHAR2;1000;;;Y;;;;;
DDL_XLS;DDL-2026-09-18;POOLDATA;TREATYINDETAIL;TABLE;SOB;5;VARCHAR2;1000;;;Y;;;;;
DDL_XLS;DDL-2026-09-18;POOLDATA;TREATYINDETAIL;TABLE;CEDINGID;6;VARCHAR2;1000;;;Y;;;;;
DDL_XLS;DDL-2026-09-18;POOLDATA;TREATYINDETAIL;TABLE;CEDING;7;VARCHAR2;1000;;;Y;;;;;
DDL_XLS;DDL-2026-09-18;POOLDATA;TREATYINDETAIL;TABLE;TREATYCONTRACTNAME;8;VARCHAR2;1000;;;Y;;;;;
DDL_XLS;DDL-2026-09-18;POOLDATA;TREATYINDETAIL;TABLE;PROPORTIONTYPE;9;VARCHAR2;1000;;;Y;;;;;
DDL_XLS;DDL-2026-09-18;POOLDATA;TREATYINDETAIL;TABLE;TREATYTYPE;10;VARCHAR2;1000;;;Y;;;;;
DDL_XLS;DDL-2026-09-18;POOLDATA;TREATYINDETAIL;TABLE;TREATYGROUPID;11;VARCHAR2;1000;;;Y;;;;;
DDL_XLS;DDL-2026-09-18;POOLDATA;TREATYINDETAIL;TABLE;TREATYGROUP;12;VARCHAR2;1000;;;Y;;;;;
DDL_XLS;DDL-2026-09-18;POOLDATA;TREATYINDETAIL;TABLE;CLASSOFBUSINESSID;13;VARCHAR2;1000;;;Y;;;;;
DDL_XLS;DDL-2026-09-18;POOLDATA;TREATYINDETAIL;TABLE;CLASSOFBUSINESS;14;VARCHAR2;1000;;;Y;;;;;
DDL_XLS;DDL-2026-09-18;POOLDATA;TREATYINDETAIL;TABLE;LIMITCURRENCY;15;VARCHAR2;1000;;;Y;;;;;
DDL_XLS;DDL-2026-09-18;POOLDATA;TREATYINDETAIL;TABLE;LIMITVALUE;16;NUMBER;;;;Y;;;;;
DDL_XLS;DDL-2026-09-18;POOLDATA;TREATYINDETAIL;TABLE;RETENTIONCURRENCY;17;VARCHAR2;1000;;;Y;;;;;
DDL_XLS;DDL-2026-09-18;POOLDATA;TREATYINDETAIL;TABLE;RETENTIONVALUE;18;NUMBER;;;;Y;;;;;
DDL_XLS;DDL-2026-09-18;POOLDATA;TREATYINDETAIL;TABLE;EPICURRENCY;19;VARCHAR2;1000;;;Y;;;;;
DDL_XLS;DDL-2026-09-18;POOLDATA;TREATYINDETAIL;TABLE;EPIVALUE;20;NUMBER;;;;Y;;;;;
DDL_XLS;DDL-2026-09-18;POOLDATA;TREATYINDETAIL;TABLE;MDPCURRENCY;21;VARCHAR2;1000;;;Y;;;;;
DDL_XLS;DDL-2026-09-18;POOLDATA;TREATYINDETAIL;TABLE;MDPVALUE;22;NUMBER;;;;Y;;;;;
DDL_XLS;DDL-2026-09-18;POOLDATA;TREATYINDETAIL;TABLE;NETPREMICURRENCY;23;VARCHAR2;1000;;;Y;;;;;
DDL_XLS;DDL-2026-09-18;POOLDATA;TREATYINDETAIL;TABLE;NETPREMIVALUE;24;NUMBER;;;;Y;;;;;
DDL_XLS;DDL-2026-09-18;POOLDATA;TREATYINDETAIL;TABLE;DEDUCTION1;25;NUMBER;;;;Y;;;;;
DDL_XLS;DDL-2026-09-18;POOLDATA;TREATYINDETAIL;TABLE;DEDUCTION2;26;NUMBER;;;;Y;;;;;
DDL_XLS;DDL-2026-09-18;POOLDATA;TREATYINDETAIL;TABLE;LAYERTYPE;27;VARCHAR2;1000;;;Y;;;;;
DDL_XLS;DDL-2026-09-18;POOLDATA;TREATYINDETAIL;TABLE;LAYER;28;VARCHAR2;1000;;;Y;;;;;
DDL_XLS;DDL-2026-09-18;POOLDATA;TREATYINDETAIL;TABLE;LAYERPARTTYPE;29;VARCHAR2;1000;;;Y;;;;;
DDL_XLS;DDL-2026-09-18;POOLDATA;TREATYINDETAIL;TABLE;LAYERPART;30;VARCHAR2;1000;;;Y;;;;;
DDL_XLS;DDL-2026-09-18;POOLDATA;TREATYINDETAIL;TABLE;INSTALLMENTNO;31;VARCHAR2;1000;;;Y;;;;;
DDL_XLS;DDL-2026-09-18;POOLDATA;TREATYINDETAIL;TABLE;SHARECURRENCY;32;VARCHAR2;1000;;;Y;;;;;
DDL_XLS;DDL-2026-09-18;POOLDATA;TREATYINDETAIL;TABLE;SHAREVALUE;33;NUMBER;;;;Y;;;;;
DDL_XLS;DDL-2026-09-18;POOLDATA;TREATYINDETAIL;TABLE;RIOGR;34;NUMBER;;;;Y;;;;;
DDL_XLS;DDL-2026-09-18;POOLDATA;TREATYINDETAIL;TABLE;RIONR;35;NUMBER;;;;Y;;;;;
DDL_XLS;DDL-2026-09-18;POOLDATA;TREATYINDETAIL;TABLE;RNM_SHARE;36;NUMBER;;;;Y;;;;;
DDL_XLS;DDL-2026-09-18;POOLDATA;TREATYINDETAIL;TABLE;SPREADINGTYPEID;37;VARCHAR2;10;;;Y;;;;;
DDL_XLS;DDL-2026-09-18;POOLDATA;TREATYINDETAIL;TABLE;SPREADINGTYPE;38;VARCHAR2;50;;;Y;;;;;
DDL_XLS;DDL-2026-09-18;POOLDATA;TREATYINDETAIL;TABLE;QS_RI;39;NUMBER;;;;Y;;;;;
DDL_XLS;DDL-2026-09-18;POOLDATA;TREATYINDETAIL;TABLE;QS_OR;40;NUMBER;;;;Y;;;;;
DDL_XLS;DDL-2026-09-18;POOLDATA;TREATYINDETAIL;TABLE;BROKERAGE;41;NUMBER;;;;Y;;;;;
DDL_XLS;DDL-2026-09-18;POOLDATA;TREATYINDETAIL;TABLE;CESSIONCURRENCY;42;VARCHAR2;20;;;Y;;;;;
DDL_XLS;DDL-2026-09-18;POOLDATA;TREATYINDETAIL;TABLE;CESSIONVALUE;43;NUMBER;;;;Y;;;;;
DDL_XLS;DDL-2026-09-18;POOLDATA;TREATYINDETAIL;TABLE;CURRENCY_RSMD;44;VARCHAR2;10;;;Y;;;;;
DDL_XLS;DDL-2026-09-18;POOLDATA;TREATYINDETAIL;TABLE;LIMIT_RSMD;45;NUMBER;;;;Y;;;;;
DDL_XLS;DDL-2026-09-18;POOLDATA;TREATYINDETAIL;TABLE;CURRENCY_EQ;46;VARCHAR2;10;;;Y;;;;;
DDL_XLS;DDL-2026-09-18;POOLDATA;TREATYINDETAIL;TABLE;LIMIT_EQ;47;NUMBER;;;;Y;;;;;
DDL_XLS;DDL-2026-09-18;POOLDATA;TREATYINDETAIL;TABLE;CURRENCY_FLOOD_JABO;48;CHAR;10;;;Y;;;;;
DDL_XLS;DDL-2026-09-18;POOLDATA;TREATYINDETAIL;TABLE;LIMIT_FLOOD_JABO;49;NUMBER;;;;Y;;;;;
DDL_XLS;DDL-2026-09-18;POOLDATA;TREATYINDETAIL;TABLE;CURRENCY_FLOOD_NATION;50;VARCHAR2;10;;;Y;;;;;
DDL_XLS;DDL-2026-09-18;POOLDATA;TREATYINDETAIL;TABLE;LIMIT_FLOOD_NATION;51;NUMBER;;;;Y;;;;;
DDL_XLS;DDL-2026-09-18;POOLDATA;TREATYINDETAIL;TABLE;SPL_LINE;52;NUMBER;;;;Y;;;;;
DDL_XLS;DDL-2026-09-18;POOLDATA;TREATYINDETAIL;TABLE;QS_PCT;53;NUMBER;;;;Y;;;;;
DDL_XLS;DDL-2026-09-18;POOLDATA;TREATYINDETAIL;TABLE;COMMENCEMENT;54;DATE;;;;Y;;;;;
DDL_XLS;DDL-2026-09-18;POOLDATA;TREATYINDETAIL;TABLE;TERMINATION;55;DATE;;;;Y;;;;;
DDL_XLS;DDL-2026-09-18;POOLDATA;TREATYINDETAIL;TABLE;DEDUCTIBLE;56;NUMBER;;;;Y;;;;;
DDL_XLS;DDL-2026-09-18;POOLDATA;TREATYINDETAIL;TABLE;ADJ_RATE;57;NUMBER;;;;Y;;;;;
DDL_XLS;DDL-2026-09-18;POOLDATA;TREATYINDETAIL;TABLE;PREMIUM_EARNED;58;NUMBER;;;;Y;;;;;
DDL_XLS;DDL-2026-09-18;POOLDATA;TREATYINDETAIL;TABLE;MDP_PCT;59;NUMBER;;;;Y;;;;;
DDL_XLS;DDL-2026-09-18;POOLDATA;TREATYINDETAIL;TABLE;ROL_PCT;60;NUMBER;;;;Y;;;;;
DDL_XLS;DDL-2026-09-18;POOLDATA;TREATYINDETAIL;TABLE;MDP;61;NUMBER;;;;Y;;;;;
DDL_XLS;DDL-2026-09-18;POOLDATA;TREATYINDETAIL;TABLE;DEDUCTIBLE2;62;NUMBER;;;;Y;;;;;
DDL_XLS;DDL-2026-09-18;POOLDATA;TREATYINDETAIL;TABLE;SPREAD_RNM_SHARE_PCT;63;NUMBER;;;;Y;;;;;
DDL_XLS;DDL-2026-09-18;POOLDATA;TREATYINDETAIL;TABLE;SPREAD_RNM_SHARE_VALUE;64;NUMBER;;;;Y;;;;;
DDL_XLS;DDL-2026-09-18;POOLDATA;TREATYINDETAILEDM;TABLE;ID;1;VARCHAR2;100;;;Y;;;;;
DDL_XLS;DDL-2026-09-18;POOLDATA;TREATYINDETAILEDM;TABLE;TREATYID;2;VARCHAR2;1000;;;Y;;;;;
DDL_XLS;DDL-2026-09-18;POOLDATA;TREATYINDETAILEDM;TABLE;TREATYYEAR;3;VARCHAR2;1000;;;Y;;;;;
DDL_XLS;DDL-2026-09-18;POOLDATA;TREATYINDETAILEDM;TABLE;SOBID;4;VARCHAR2;1000;;;Y;;;;;
DDL_XLS;DDL-2026-09-18;POOLDATA;TREATYINDETAILEDM;TABLE;SOB;5;VARCHAR2;1000;;;Y;;;;;
DDL_XLS;DDL-2026-09-18;POOLDATA;TREATYINDETAILEDM;TABLE;CEDINGID;6;VARCHAR2;1000;;;Y;;;;;
DDL_XLS;DDL-2026-09-18;POOLDATA;TREATYINDETAILEDM;TABLE;CEDING;7;VARCHAR2;1000;;;Y;;;;;
DDL_XLS;DDL-2026-09-18;POOLDATA;TREATYINDETAILEDM;TABLE;TREATYCONTRACTNAME;8;VARCHAR2;1000;;;Y;;;;;
DDL_XLS;DDL-2026-09-18;POOLDATA;TREATYINDETAILEDM;TABLE;PROPORTIONTYPE;9;VARCHAR2;1000;;;Y;;;;;
DDL_XLS;DDL-2026-09-18;POOLDATA;TREATYINDETAILEDM;TABLE;TREATYTYPE;10;VARCHAR2;1000;;;Y;;;;;
DDL_XLS;DDL-2026-09-18;POOLDATA;TREATYINDETAILEDM;TABLE;TREATYGROUPID;11;VARCHAR2;1000;;;Y;;;;;
DDL_XLS;DDL-2026-09-18;POOLDATA;TREATYINDETAILEDM;TABLE;TREATYGROUP;12;VARCHAR2;1000;;;Y;;;;;
DDL_XLS;DDL-2026-09-18;POOLDATA;TREATYINDETAILEDM;TABLE;CLASSOFBUSINESSID;13;VARCHAR2;1000;;;Y;;;;;
DDL_XLS;DDL-2026-09-18;POOLDATA;TREATYINDETAILEDM;TABLE;CLASSOFBUSINESS;14;VARCHAR2;1000;;;Y;;;;;
DDL_XLS;DDL-2026-09-18;POOLDATA;TREATYINDETAILEDM;TABLE;LIMITCURRENCY;15;VARCHAR2;1000;;;Y;;;;;
DDL_XLS;DDL-2026-09-18;POOLDATA;TREATYINDETAILEDM;TABLE;LIMITVALUE;16;NUMBER;;;;Y;;;;;
DDL_XLS;DDL-2026-09-18;POOLDATA;TREATYINDETAILEDM;TABLE;RETENTIONCURRENCY;17;VARCHAR2;1000;;;Y;;;;;
DDL_XLS;DDL-2026-09-18;POOLDATA;TREATYINDETAILEDM;TABLE;RETENTIONVALUE;18;NUMBER;;;;Y;;;;;
DDL_XLS;DDL-2026-09-18;POOLDATA;TREATYINDETAILEDM;TABLE;EPICURRENCY;19;VARCHAR2;1000;;;Y;;;;;
DDL_XLS;DDL-2026-09-18;POOLDATA;TREATYINDETAILEDM;TABLE;EPIVALUE;20;NUMBER;;;;Y;;;;;
DDL_XLS;DDL-2026-09-18;POOLDATA;TREATYINDETAILEDM;TABLE;MDPCURRENCY;21;VARCHAR2;1000;;;Y;;;;;
DDL_XLS;DDL-2026-09-18;POOLDATA;TREATYINDETAILEDM;TABLE;MDPVALUE;22;NUMBER;;;;Y;;;;;
DDL_XLS;DDL-2026-09-18;POOLDATA;TREATYINDETAILEDM;TABLE;NETPREMICURRENCY;23;VARCHAR2;1000;;;Y;;;;;
DDL_XLS;DDL-2026-09-18;POOLDATA;TREATYINDETAILEDM;TABLE;NETPREMIVALUE;24;NUMBER;;;;Y;;;;;
DDL_XLS;DDL-2026-09-18;POOLDATA;TREATYINDETAILEDM;TABLE;DEDUCTION1;25;NUMBER;;;;Y;;;;;
DDL_XLS;DDL-2026-09-18;POOLDATA;TREATYINDETAILEDM;TABLE;DEDUCTION2;26;NUMBER;;;;Y;;;;;
DDL_XLS;DDL-2026-09-18;POOLDATA;TREATYINDETAILEDM;TABLE;LAYERTYPE;27;VARCHAR2;1000;;;Y;;;;;
DDL_XLS;DDL-2026-09-18;POOLDATA;TREATYINDETAILEDM;TABLE;LAYER;28;VARCHAR2;1000;;;Y;;;;;
DDL_XLS;DDL-2026-09-18;POOLDATA;TREATYINDETAILEDM;TABLE;LAYERPARTTYPE;29;VARCHAR2;1000;;;Y;;;;;
DDL_XLS;DDL-2026-09-18;POOLDATA;TREATYINDETAILEDM;TABLE;LAYERPART;30;VARCHAR2;1000;;;Y;;;;;
DDL_XLS;DDL-2026-09-18;POOLDATA;TREATYINDETAILEDM;TABLE;INSTALLMENTNO;31;VARCHAR2;1000;;;Y;;;;;
DDL_XLS;DDL-2026-09-18;POOLDATA;TREATYINDETAILEDM;TABLE;SHARECURRENCY;32;VARCHAR2;1000;;;Y;;;;;
DDL_XLS;DDL-2026-09-18;POOLDATA;TREATYINDETAILEDM;TABLE;SHAREVALUE;33;NUMBER;;;;Y;;;;;
DDL_XLS;DDL-2026-09-18;POOLDATA;TREATYINDETAILEDM;TABLE;RIOGR;34;NUMBER;;;;Y;;;;;
DDL_XLS;DDL-2026-09-18;POOLDATA;TREATYINDETAILEDM;TABLE;RIONR;35;NUMBER;;;;Y;;;;;
DDL_XLS;DDL-2026-09-18;POOLDATA;TREATYINDETAILEDM;TABLE;RNM_SHARE;36;NUMBER;;;;Y;;;;;
DDL_XLS;DDL-2026-09-18;POOLDATA;TREATYINDETAILEDM;TABLE;SPREADINGTYPEID;37;VARCHAR2;10;;;Y;;;;;
DDL_XLS;DDL-2026-09-18;POOLDATA;TREATYINDETAILEDM;TABLE;SPREADINGTYPE;38;VARCHAR2;20;;;Y;;;;;
DDL_XLS;DDL-2026-09-18;POOLDATA;TREATYINDETAILEDM;TABLE;QS_RI;39;NUMBER;;;;Y;;;;;
DDL_XLS;DDL-2026-09-18;POOLDATA;TREATYINDETAILEDM;TABLE;QS_OR;40;NUMBER;;;;Y;;;;;
DDL_XLS;DDL-2026-09-18;POOLDATA;TREATYINDETAILEDM;TABLE;BROKERAGE;41;NUMBER;;;;Y;;;;;
DDL_XLS;DDL-2026-09-18;POOLDATA;TREATYINDETAILEDM;TABLE;CESSIONCURRENCY;42;VARCHAR2;20;;;Y;;;;;
DDL_XLS;DDL-2026-09-18;POOLDATA;TREATYINDETAILEDM;TABLE;CESSIONVALUE;43;NUMBER;;;;Y;;;;;
DDL_XLS;DDL-2026-09-18;POOLDATA;TREATYINDETAILEDM;TABLE;CURRENCY_RSMD;44;VARCHAR2;10;;;Y;;;;;
DDL_XLS;DDL-2026-09-18;POOLDATA;TREATYINDETAILEDM;TABLE;LIMIT_RSMD;45;NUMBER;;;;Y;;;;;
DDL_XLS;DDL-2026-09-18;POOLDATA;TREATYINDETAILEDM;TABLE;CURRENCY_EQ;46;VARCHAR2;10;;;Y;;;;;
DDL_XLS;DDL-2026-09-18;POOLDATA;TREATYINDETAILEDM;TABLE;LIMIT_EQ;47;NUMBER;;;;Y;;;;;
DDL_XLS;DDL-2026-09-18;POOLDATA;TREATYINDETAILEDM;TABLE;CURRENCY_FLOOD_JABO;48;VARCHAR2;10;;;Y;;;;;
DDL_XLS;DDL-2026-09-18;POOLDATA;TREATYINDETAILEDM;TABLE;LIMIT_FLOOD_JABO;49;NUMBER;;;;Y;;;;;
DDL_XLS;DDL-2026-09-18;POOLDATA;TREATYINDETAILEDM;TABLE;CURRENCY_FLOOD_NATION;50;VARCHAR2;10;;;Y;;;;;
DDL_XLS;DDL-2026-09-18;POOLDATA;TREATYINDETAILEDM;TABLE;LIMIT_FLOOD_NATION;51;NUMBER;;;;Y;;;;;
DDL_XLS;DDL-2026-09-18;POOLDATA;TREATYINDETAILEDM;TABLE;SPL_LINE;52;NUMBER;;;;Y;;;;;
DDL_XLS;DDL-2026-09-18;POOLDATA;TREATYINDETAILEDM;TABLE;QS_PCT;53;NUMBER;;;;Y;;;;;
DDL_XLS;DDL-2026-09-18;POOLDATA;TREATYINDETAILEDM;TABLE;COMMENCEMENT;54;DATE;;;;Y;;;;;
DDL_XLS;DDL-2026-09-18;POOLDATA;TREATYINDETAILEDM;TABLE;TERMINATION;55;DATE;;;;Y;;;;;
DDL_XLS;DDL-2026-09-18;POOLDATA;TREATYINPRODUCTION;TABLE;IDPEGA;1;VARCHAR2;100;;;Y;;;;;
DDL_XLS;DDL-2026-09-18;POOLDATA;TREATYINPRODUCTION;TABLE;NOPOLIS;2;VARCHAR2;100;;;Y;;;;;
DDL_XLS;DDL-2026-09-18;POOLDATA;TREATYINPRODUCTION;TABLE;NOENDORS;3;VARCHAR2;100;;;Y;;;;;
DDL_XLS;DDL-2026-09-18;POOLDATA;TREATYINPRODUCTION;TABLE;BUSINESSCODE;4;VARCHAR2;100;;;Y;;;;;
DDL_XLS;DDL-2026-09-18;POOLDATA;TREATYINPRODUCTION;TABLE;CEDINGCO;5;VARCHAR2;1000;;;Y;;;;;
DDL_XLS;DDL-2026-09-18;POOLDATA;TREATYINPRODUCTION;TABLE;SOB;6;VARCHAR2;1000;;;Y;;;;;
DDL_XLS;DDL-2026-09-18;POOLDATA;TREATYINPRODUCTION;TABLE;INSUREDNAME;7;VARCHAR2;1000;;;Y;;;;;
DDL_XLS;DDL-2026-09-18;POOLDATA;TREATYINPRODUCTION;TABLE;TREATYGROUP;8;VARCHAR2;100;;;Y;;;;;
DDL_XLS;DDL-2026-09-18;POOLDATA;TREATYINPRODUCTION;TABLE;DUE_TO;9;VARCHAR2;100;;;Y;;;;;
DDL_XLS;DDL-2026-09-18;POOLDATA;TREATYINPRODUCTION;TABLE;STATEMENT_DATE;10;DATE;;;;Y;;;;;
DDL_XLS;DDL-2026-09-18;POOLDATA;TREATYINPRODUCTION;TABLE;BEGINDATE;11;DATE;;;;Y;;;;;
DDL_XLS;DDL-2026-09-18;POOLDATA;TREATYINPRODUCTION;TABLE;ENDDATE;12;DATE;;;;Y;;;;;
DDL_XLS;DDL-2026-09-18;POOLDATA;TREATYINPRODUCTION;TABLE;CURR_ID;13;VARCHAR2;100;;;Y;;;;;
DDL_XLS;DDL-2026-09-18;POOLDATA;TREATYINPRODUCTION;TABLE;UW_YEAR;14;VARCHAR2;100;;;Y;;;;;
DDL_XLS;DDL-2026-09-18;POOLDATA;TREATYINPRODUCTION;TABLE;PREMI_OGP;15;NUMBER;;20;4;Y;;;;;
DDL_XLS;DDL-2026-09-18;POOLDATA;TREATYINPRODUCTION;TABLE;PERCENT_RI_COMM_OGP;16;NUMBER;;20;4;Y;;;;;
DDL_XLS;DDL-2026-09-18;POOLDATA;TREATYINPRODUCTION;TABLE;RI_COMM_OGP;17;NUMBER;;20;4;Y;;;;;
DDL_XLS;DDL-2026-09-18;POOLDATA;TREATYINPRODUCTION;TABLE;PERCENT_OVERRIDING_COMM_OGP;18;NUMBER;;20;4;Y;;;;;
DDL_XLS;DDL-2026-09-18;POOLDATA;TREATYINPRODUCTION;TABLE;OVERRIDING_COMM_OGP;19;NUMBER;;20;4;Y;;;;;
DDL_XLS;DDL-2026-09-18;POOLDATA;TREATYINPRODUCTION;TABLE;CLAIM;20;NUMBER;;20;4;Y;;;;;
DDL_XLS;DDL-2026-09-18;POOLDATA;TREATYINPRODUCTION;TABLE;EXCESS_LOSS;21;NUMBER;;20;4;Y;;;;;
DDL_XLS;DDL-2026-09-18;POOLDATA;TREATYINPRODUCTION;TABLE;PREMI_ONP;22;NUMBER;;20;4;Y;;;;;
DDL_XLS;DDL-2026-09-18;POOLDATA;TREATYINPRODUCTION;TABLE;PERCENT_RI_COMM_ONP;23;NUMBER;;20;4;Y;;;;;
DDL_XLS;DDL-2026-09-18;POOLDATA;TREATYINPRODUCTION;TABLE;RI_COMM_ONP;24;NUMBER;;20;4;Y;;;;;
DDL_XLS;DDL-2026-09-18;POOLDATA;TREATYINPRODUCTION;TABLE;PERCENT_OVERRIDING_COMM_ONP;25;NUMBER;;20;4;Y;;;;;
DDL_XLS;DDL-2026-09-18;POOLDATA;TREATYINPRODUCTION;TABLE;OVERRIDING_COMM_ONP;26;NUMBER;;20;4;Y;;;;;
DDL_XLS;DDL-2026-09-18;POOLDATA;TREATYINPRODUCTION;TABLE;DEDUCTION1;27;NUMBER;;20;4;Y;;;;;
DDL_XLS;DDL-2026-09-18;POOLDATA;TREATYINPRODUCTION;TABLE;DEDUCTION2;28;NUMBER;;20;4;Y;;;;;
DDL_XLS;DDL-2026-09-18;POOLDATA;TREATYINPRODUCTION;TABLE;NET_PREMIUM;29;NUMBER;;20;4;Y;;;;;
DDL_XLS;DDL-2026-09-18;POOLDATA;TREATYINPRODUCTION;TABLE;BALANCE_DUE_TO;30;NUMBER;;20;4;Y;;;;;
DDL_XLS;DDL-2026-09-18;POOLDATA;TREATYINPRODUCTION;TABLE;MARKETINGOFFICERCODE;31;VARCHAR2;100;;;Y;;;;;
DDL_XLS;DDL-2026-09-18;POOLDATA;TREATYINPRODUCTION;TABLE;NOOFFER;32;VARCHAR2;100;;;Y;;;;;
DDL_XLS;DDL-2026-09-18;POOLDATA;TREATYINPRODUCTION;TABLE;JN_REAS;33;VARCHAR2;100;;;Y;;;;;
DDL_XLS;DDL-2026-09-18;POOLDATA;TREATYINPRODUCTION;TABLE;PCT_SHARE_PREMI;34;NUMBER;;20;4;Y;;;;;
DDL_XLS;DDL-2026-09-18;POOLDATA;TREATYINPRODUCTION;TABLE;PCT_SHARE_CLAIM;35;NUMBER;;20;4;Y;;;;;
DDL_XLS;DDL-2026-09-18;POOLDATA;TREATYINPRODUCTION;TABLE;TREATYTYPE;36;VARCHAR2;100;;;Y;;;;;
DDL_XLS;DDL-2026-09-18;POOLDATA;TREATYINPRODUCTION;TABLE;LAYERTYPE;37;VARCHAR2;20;;;Y;;;;;
DDL_XLS;DDL-2026-09-18;POOLDATA;TREATYINPRODUCTION;TABLE;LAYER;38;VARCHAR2;20;;;Y;;;;;
DDL_XLS;DDL-2026-09-18;POOLDATA;TREATYINPRODUCTION;TABLE;LAYERPARTTYPE;39;VARCHAR2;20;;;Y;;;;;
DDL_XLS;DDL-2026-09-18;POOLDATA;TREATYINPRODUCTION;TABLE;LAYERPART;40;VARCHAR2;20;;;Y;;;;;
DDL_XLS;DDL-2026-09-18;POOLDATA;TREATYINPRODUCTION;TABLE;CLAIMTYPE;41;VARCHAR2;20;;;Y;;;;;
DDL_XLS;DDL-2026-09-18;POOLDATA;TREATYINPRODUCTION;TABLE;CLAIMPAYMENTTYPE;42;VARCHAR2;20;;;Y;;;;;
DDL_XLS;DDL-2026-09-18;POOLDATA;TREATYINPRODUCTION;TABLE;QUARTER;43;VARCHAR2;5;;;Y;;;;;
DDL_XLS;DDL-2026-09-18;POOLDATA;TREATYINPRODUCTION;TABLE;TREATYGROUPID;44;VARCHAR2;100;;;Y;;;;;
DDL_XLS;DDL-2026-09-18;POOLDATA;TREATYINPRODUCTION;TABLE;PPHVALUE;45;NUMBER;;20;4;Y;;;;;
DDL_XLS;DDL-2026-09-18;POOLDATA;TREATYINPRODUCTION;TABLE;PPNVALUE;46;NUMBER;;20;4;Y;;;;;
DDL_XLS;DDL-2026-09-18;POOLDATA;TREATYINPRODUCTION;TABLE;BALANCE_BEFORE_PPH;47;NUMBER;;20;4;Y;;;;;
DDL_XLS;DDL-2026-09-18;POOLDATA;TREATYINPRODUCTION;TABLE;BALANCE_BEFORE_TAX;48;NUMBER;;20;4;Y;;;;;
DDL_XLS;DDL-2026-09-18;POOLDATA;TREATYINPRODUCTION;TABLE;CEDINGCOID;49;VARCHAR2;50;;;Y;;;;;
DDL_XLS;DDL-2026-09-18;POOLDATA;TREATYINPRODUCTION;TABLE;SOBID;50;VARCHAR2;50;;;Y;;;;;
DDL_XLS;DDL-2026-09-18;POOLDATA;TREATYINPRODUCTION;TABLE;INSUREDID;51;VARCHAR2;50;;;Y;;;;;
DDL_XLS;DDL-2026-09-18;POOLDATA;TREATYINPRODUCTION;TABLE;JENIS_TREATY;52;VARCHAR2;50;;;Y;;;;;
DDL_XLS;DDL-2026-09-18;POOLDATA;TREATYINPRODUCTION;TABLE;QUARTER_YEAR;53;VARCHAR2;10;;;Y;;;;;
DDL_XLS;DDL-2026-09-18;POOLDATA;TREATYINPRODUCTION;TABLE;GUARANTEE_FUND;54;NUMBER;;20;4;Y;;;;;
DDL_XLS;DDL-2026-09-18;POOLDATA;TREATYINPRODUCTION;TABLE;MARKETING_NAME;55;VARCHAR2;100;;;Y;;;;;
DDL_XLS;DDL-2026-09-18;POOLDATA;TREATYINPRODUCTION;TABLE;SHARE_VALUE;56;NUMBER;;;;Y;;;;;
DDL_XLS;DDL-2026-09-18;POOLDATA;TREATYINPRODUCTION;TABLE;PROPORTIONALTYPE;57;VARCHAR2;50;;;Y;;;;;
DDL_XLS;DDL-2026-09-18;POOLDATA;TREATYINPRODUCTION;TABLE;OUTSTANDING_CLAIM;58;NUMBER;;;;Y;;;;;
DDL_XLS;DDL-2026-09-18;POOLDATA;TREATYINPRODUCTION;TABLE;PROD_DATE;59;DATE;;;;Y;;;;;
DDL_XLS;DDL-2026-09-18;POOLDATA;TREATYINPRODUCTION;TABLE;STATEMENT_TYPE;60;VARCHAR2;10;;;Y;;;;;
DDL_XLS;DDL-2026-09-18;POOLDATA;T_FOLDER_IMAGE;TABLE;APPNAME;1;VARCHAR2;20;;;Y;;Y;;;
DDL_XLS;DDL-2026-09-18;POOLDATA;T_STORAGE_IMAGE;TABLE;IMAGEID;1;VARCHAR2;200;;;N;;Y;;;
DDL_XLS;DDL-2026-09-18;POOLDATA;T_STORAGE_IMAGE;TABLE;URLPUBLIC;2;VARCHAR2;4000;;;Y;;;;;
DDL_XLS;DDL-2026-09-18;POOLDATA;T_STORAGE_IMAGE;TABLE;APPFOLDER;3;VARCHAR2;4000;;;Y;;;;;
DDL_XLS;DDL-2026-09-18;POOLDATA;T_STORAGE_IMAGE;TABLE;EXPDATE;4;DATE;;;;Y;;;;;
DDL_XLS;DDL-2026-09-18;POOLDATA;T_STORAGE_IMAGE;TABLE;FILENAME;5;VARCHAR2;4000;;;Y;;;;;
DDL_XLS;DDL-2026-09-18;POOLDATA;T_STORAGE_IMAGE;TABLE;APPNAME;6;VARCHAR2;100;;;Y;;;;;
DDL_XLS;DDL-2026-09-18;POOLDATA;T_STORAGE_IMAGE;TABLE;STORAGE;7;VARCHAR2;50;;;Y;;;;;
DDL_XLS;DDL-2026-09-18;POOLDATA;T_STORAGE_IMAGE;TABLE;TANGGAL_UPLOAD;8;DATE;;;;Y;SYSDATE;;;;
DDL_XLS;DDL-2026-09-18;POOLDATA;CITY;VIEW;ID;1;;;;;;;;;;"kolom view, tipe tidak dideklarasikan"
DDL_XLS;DDL-2026-09-18;POOLDATA;CITY;VIEW;PROVINCEID;2;;;;;;;;;;"kolom view, tipe tidak dideklarasikan"
DDL_XLS;DDL-2026-09-18;POOLDATA;CITY;VIEW;NOTE;3;;;;;;;;;;"kolom view, tipe tidak dideklarasikan"
DDL_XLS;DDL-2026-09-18;POOLDATA;CITY;VIEW;BRANCHID;4;;;;;;;;;;"kolom view, tipe tidak dideklarasikan"
DDL_XLS;DDL-2026-09-18;POOLDATA;CITY;VIEW;EMAIL;5;;;;;;;;;;"kolom view, tipe tidak dideklarasikan"
DDL_XLS;DDL-2026-09-18;POOLDATA;CITY;VIEW;MOID;6;;;;;;;;;;"kolom view, tipe tidak dideklarasikan"
DDL_XLS;DDL-2026-09-18;POOLDATA;CITY;VIEW;JABODETABEKSTATUS;7;;;;;;;;;;"kolom view, tipe tidak dideklarasikan"
DDL_XLS;DDL-2026-09-18;POOLDATA;CITY;VIEW;ZIPCODE;8;;;;;;;;;;"kolom view, tipe tidak dideklarasikan"
DDL_XLS;DDL-2026-09-18;POOLDATA;CITY;VIEW;PROVINCENAME;9;;;;;;;;;;"kolom view, tipe tidak dideklarasikan"
DDL_XLS;DDL-2026-09-18;POOLDATA;CITY;VIEW;BRANCHNAME;10;;;;;;;;;;"kolom view, tipe tidak dideklarasikan"
DDL_XLS;DDL-2026-09-18;POOLDATA;CURRENCY;VIEW;ID;1;;;;;;;;;;"kolom view, tipe tidak dideklarasikan"
DDL_XLS;DDL-2026-09-18;POOLDATA;CURRENCY;VIEW;OLDID;2;;;;;;;;;;"kolom view, tipe tidak dideklarasikan"
DDL_XLS;DDL-2026-09-18;POOLDATA;CURRENCY;VIEW;COUNTRYID;3;;;;;;;;;;"kolom view, tipe tidak dideklarasikan"
DDL_XLS;DDL-2026-09-18;POOLDATA;CURRENCY;VIEW;COUNTRYNAME;4;;;;;;;;;;"kolom view, tipe tidak dideklarasikan"
DDL_XLS;DDL-2026-09-18;POOLDATA;CURRENCY;VIEW;CURRENCYSYMBOL;5;;;;;;;;;;"kolom view, tipe tidak dideklarasikan"
DDL_XLS;DDL-2026-09-18;POOLDATA;CURRENCY;VIEW;CURRENCY;6;;;;;;;;;;"kolom view, tipe tidak dideklarasikan"
DDL_XLS;DDL-2026-09-18;POOLDATA;CURRENCY;VIEW;NOTE;7;;;;;;;;;;"kolom view, tipe tidak dideklarasikan"
DDL_XLS;DDL-2026-09-18;POOLDATA;CURRENCY;VIEW;ISOSYMBOL;8;;;;;;;;;;"kolom view, tipe tidak dideklarasikan"
DDL_XLS;DDL-2026-09-18;POOLDATA;CURRENCYSTANDARD;VIEW;ID;1;;;;;;;;;;"kolom view, tipe tidak dideklarasikan"
DDL_XLS;DDL-2026-09-18;POOLDATA;CURRENCYSTANDARD;VIEW;CURRENCYVALUE;2;;;;;;;;;;"kolom view, tipe tidak dideklarasikan"
DDL_XLS;DDL-2026-09-18;POOLDATA;CURRENCYSTANDARD;VIEW;CURRENCYDATE;3;;;;;;;;;;"kolom view, tipe tidak dideklarasikan"
DDL_XLS;DDL-2026-09-18;POOLDATA;CURRENCYSTANDARD;VIEW;USERID;4;;;;;;;;;;"kolom view, tipe tidak dideklarasikan"
DDL_XLS;DDL-2026-09-18;POOLDATA;CURRENCYSTANDARD;VIEW;INPUTDATE;5;;;;;;;;;;"kolom view, tipe tidak dideklarasikan"
DDL_XLS;DDL-2026-09-18;POOLDATA;PROVINCE;VIEW;ID;1;;;;;;;;;;"kolom view, tipe tidak dideklarasikan"
DDL_XLS;DDL-2026-09-18;POOLDATA;PROVINCE;VIEW;NATIONID;2;;;;;;;;;;"kolom view, tipe tidak dideklarasikan"
DDL_XLS;DDL-2026-09-18;POOLDATA;PROVINCE;VIEW;NOTE;3;;;;;;;;;;"kolom view, tipe tidak dideklarasikan"
DDL_XLS;DDL-2026-09-18;POOLDATA;PROVINCE;VIEW;NATIONNAME;4;;;;;;;;;;"kolom view, tipe tidak dideklarasikan"
DDL_XLS;DDL-2026-09-18;POOLDATA;V_D_CAUSE_OF_LOSS;VIEW;D_COL_ID;1;;;;;;;;;;"kolom view, tipe tidak dideklarasikan"
DDL_XLS;DDL-2026-09-18;POOLDATA;V_D_CAUSE_OF_LOSS;VIEW;OLD_D_COL_ID;2;;;;;;;;;;"kolom view, tipe tidak dideklarasikan"
DDL_XLS;DDL-2026-09-18;POOLDATA;V_D_CAUSE_OF_LOSS;VIEW;M_COL_ID;3;;;;;;;;;;"kolom view, tipe tidak dideklarasikan"
DDL_XLS;DDL-2026-09-18;POOLDATA;V_D_CAUSE_OF_LOSS;VIEW;DESCRIPTION;4;;;;;;;;;;"kolom view, tipe tidak dideklarasikan"
DDL_XLS;DDL-2026-09-18;POOLDATA;V_D_CAUSE_OF_LOSS;VIEW;STS_AKTIF;5;;;;;;;;;;"kolom view, tipe tidak dideklarasikan"
DDL_XLS;DDL-2026-09-18;POOLDATA;V_D_CAUSE_OF_LOSS;VIEW;LOSS_CODE;6;;;;;;;;;;"kolom view, tipe tidak dideklarasikan"
DDL_XLS;DDL-2026-09-18;POOLDATA;V_D_CAUSE_OF_LOSS;VIEW;BISNISID;7;;;;;;;;;;"kolom view, tipe tidak dideklarasikan"
DDL_XLS;DDL-2026-09-18;POOLDATA;V_D_CAUSE_OF_LOSS;VIEW;BISNISNAME;8;;;;;;;;;;"kolom view, tipe tidak dideklarasikan"
DDL_XLS;DDL-2026-09-18;POOLDATA;V_D_CAUSE_OF_LOSS_BUSINESS;VIEW;D_COL_ID;1;;;;;;;;;;"kolom view, tipe tidak dideklarasikan"
DDL_XLS;DDL-2026-09-18;POOLDATA;V_D_CAUSE_OF_LOSS_BUSINESS;VIEW;OLD_D_COL_ID;2;;;;;;;;;;"kolom view, tipe tidak dideklarasikan"
DDL_XLS;DDL-2026-09-18;POOLDATA;V_D_CAUSE_OF_LOSS_BUSINESS;VIEW;M_COL_ID;3;;;;;;;;;;"kolom view, tipe tidak dideklarasikan"
DDL_XLS;DDL-2026-09-18;POOLDATA;V_D_CAUSE_OF_LOSS_BUSINESS;VIEW;DESCRIPTION;4;;;;;;;;;;"kolom view, tipe tidak dideklarasikan"
DDL_XLS;DDL-2026-09-18;POOLDATA;V_D_CAUSE_OF_LOSS_BUSINESS;VIEW;STS_AKTIF;5;;;;;;;;;;"kolom view, tipe tidak dideklarasikan"
DDL_XLS;DDL-2026-09-18;POOLDATA;V_D_CAUSE_OF_LOSS_BUSINESS;VIEW;LOSS_CODE;6;;;;;;;;;;"kolom view, tipe tidak dideklarasikan"
DDL_XLS;DDL-2026-09-18;POOLDATA;V_D_CAUSE_OF_LOSS_BUSINESS;VIEW;BISNISID;7;;;;;;;;;;"kolom view, tipe tidak dideklarasikan"
DDL_XLS;DDL-2026-09-18;POOLDATA;V_M_CAUSE_OF_LOSS;VIEW;M_COL_ID;1;;;;;;;;;;"kolom view, tipe tidak dideklarasikan"
DDL_XLS;DDL-2026-09-18;POOLDATA;V_M_CAUSE_OF_LOSS;VIEW;OLD_M_COL_ID;2;;;;;;;;;;"kolom view, tipe tidak dideklarasikan"
DDL_XLS;DDL-2026-09-18;POOLDATA;V_M_CAUSE_OF_LOSS;VIEW;COL_DESC;3;;;;;;;;;;"kolom view, tipe tidak dideklarasikan"
DDL_XLS;DDL-2026-09-18;POOLDATA;V_POLIS;VIEW;RN;1;;;;;;;;;;"kolom view, tipe tidak dideklarasikan"
DDL_XLS;DDL-2026-09-18;POOLDATA;V_POLIS;VIEW;CASEID;2;;;;;;;;;;"kolom view, tipe tidak dideklarasikan"
DDL_XLS;DDL-2026-09-18;POOLDATA;V_POLIS;VIEW;POLICYNO;3;;;;;;;;;;"kolom view, tipe tidak dideklarasikan"
DDL_XLS;DDL-2026-09-18;POOLDATA;V_POLIS;VIEW;STARTDATETIME;4;;;;;;;;;;"kolom view, tipe tidak dideklarasikan"
DDL_XLS;DDL-2026-09-18;POOLDATA;V_POLIS;VIEW;ENDDATETIME;5;;;;;;;;;;"kolom view, tipe tidak dideklarasikan"
DDL_XLS;DDL-2026-09-18;POOLDATA;V_POLIS;VIEW;SOURCEOFBUSINESS;6;;;;;;;;;;"kolom view, tipe tidak dideklarasikan"
DDL_XLS;DDL-2026-09-18;POOLDATA;V_POLIS;VIEW;SOURCEOFBUSINESSNAME;7;;;;;;;;;;"kolom view, tipe tidak dideklarasikan"
DDL_XLS;DDL-2026-09-18;POOLDATA;V_POLIS;VIEW;CEDINGCO;8;;;;;;;;;;"kolom view, tipe tidak dideklarasikan"
DDL_XLS;DDL-2026-09-18;POOLDATA;V_POLIS;VIEW;CEDINGCONAME;9;;;;;;;;;;"kolom view, tipe tidak dideklarasikan"
DDL_XLS;DDL-2026-09-18;POOLDATA;V_POLIS;VIEW;BUSINESSCODE;10;;;;;;;;;;"kolom view, tipe tidak dideklarasikan"
DDL_XLS;DDL-2026-09-18;POOLDATA;V_POLIS;VIEW;BUSINESSNAME;11;;;;;;;;;;"kolom view, tipe tidak dideklarasikan"
DDL_XLS;DDL-2026-09-18;POOLDATA;V_POLIS;VIEW;CUSTOMERNAME;12;;;;;;;;;;"kolom view, tipe tidak dideklarasikan"
DDL_XLS;DDL-2026-09-18;POOLDATA;V_POLIS;VIEW;SOURCEOFBUSINESSROOT;13;;;;;;;;;;"kolom view, tipe tidak dideklarasikan"
DDL_XLS;DDL-2026-09-18;POOLDATA;V_POLIS;VIEW;PRODUCTIONDATE;14;;;;;;;;;;"kolom view, tipe tidak dideklarasikan"
DDL_XLS;DDL-2026-09-18;POOLDATA;V_POLIS;VIEW;PREMI;15;;;;;;;;;;"kolom view, tipe tidak dideklarasikan"
DDL_XLS;DDL-2026-09-18;POOLDATA;V_POLIS;VIEW;DISCOUNT;16;;;;;;;;;;"kolom view, tipe tidak dideklarasikan"
DDL_XLS;DDL-2026-09-18;POOLDATA;V_POLIS;VIEW;TSI;17;;;;;;;;;;"kolom view, tipe tidak dideklarasikan"
DDL_XLS;DDL-2026-09-18;POOLDATA;V_POLIS;VIEW;TYPE;18;;;;;;;;;;"kolom view, tipe tidak dideklarasikan"
DDL_XLS;DDL-2026-09-18;POOLDATA;V_POLIS;VIEW;PRODKE;19;;;;;;;;;;"kolom view, tipe tidak dideklarasikan"
DDL_XLS;DDL-2026-09-18;POOLDATA;V_POLIS;VIEW;BUSINESSTYPE;20;;;;;;;;;;"kolom view, tipe tidak dideklarasikan"
DDL_XLS;DDL-2026-09-18;POOLDATA;V_POLIS;VIEW;MARKETINGCODE;21;;;;;;;;;;"kolom view, tipe tidak dideklarasikan"
DDL_XLS;DDL-2026-09-18;POOLDATA;V_POLIS;VIEW;CLIENTIDCON;22;;;;;;;;;;"kolom view, tipe tidak dideklarasikan"
DDL_XLS;DDL-2026-09-18;POOLDATA;V_POLIS;VIEW;CLIENTIDORG;23;;;;;;;;;;"kolom view, tipe tidak dideklarasikan"
DDL_XLS;DDL-2026-09-18;POOLDATA;V_POLIS;VIEW;QQ;24;;;;;;;;;;"kolom view, tipe tidak dideklarasikan"
DDL_XLS;DDL-2026-09-18;POOLDATA;V_POLIS;VIEW;SELECTRENEWAL;25;;;;;;;;;;"kolom view, tipe tidak dideklarasikan"
DDL_XLS;DDL-2026-09-18;POOLDATA;V_POLIS;VIEW;RNWSTATUS;26;;;;;;;;;;"kolom view, tipe tidak dideklarasikan"
DDL_SQL;DDL-WORK-2026-09-18;DATAPEGA;PC_ASM_FW_GCNMFW_WORK;TABLE;PXCOMMITDATETIME;1;TIMESTAMP;6;;;Y;;;;"PC_ASM_FW_GCNMFW_WORK_PK;PC_WORK_IDX1_2AED8;PC_WORK_IDX2_2AED8";kolom bawaan Pega
DDL_SQL;DDL-WORK-2026-09-18;DATAPEGA;PC_ASM_FW_GCNMFW_WORK;TABLE;PXSAVEDATETIME;2;TIMESTAMP;6;;;Y;;;;"PC_ASM_FW_GCNMFW_WORK_PK;PC_WORK_IDX1_2AED8;PC_WORK_IDX2_2AED8";kolom bawaan Pega
DDL_SQL;DDL-WORK-2026-09-18;DATAPEGA;PC_ASM_FW_GCNMFW_WORK;TABLE;PXCOVERINSKEY;3;VARCHAR2;255;;;Y;;;;"PC_ASM_FW_GCNMFW_WORK_PK;PC_WORK_IDX1_2AED8;PC_WORK_IDX2_2AED8";kolom bawaan Pega
DDL_SQL;DDL-WORK-2026-09-18;DATAPEGA;PC_ASM_FW_GCNMFW_WORK;TABLE;PXCOVEREDCOUNT;4;NUMBER;;18;0;Y;;;;"PC_ASM_FW_GCNMFW_WORK_PK;PC_WORK_IDX1_2AED8;PC_WORK_IDX2_2AED8";kolom bawaan Pega
DDL_SQL;DDL-WORK-2026-09-18;DATAPEGA;PC_ASM_FW_GCNMFW_WORK;TABLE;PXCOVEREDCOUNTOPEN;5;NUMBER;;18;0;Y;;;;"PC_ASM_FW_GCNMFW_WORK_PK;PC_WORK_IDX1_2AED8;PC_WORK_IDX2_2AED8";kolom bawaan Pega
DDL_SQL;DDL-WORK-2026-09-18;DATAPEGA;PC_ASM_FW_GCNMFW_WORK;TABLE;PXCOVEREDCOUNTUNSATISFIED;6;NUMBER;;18;0;Y;;;;"PC_ASM_FW_GCNMFW_WORK_PK;PC_WORK_IDX1_2AED8;PC_WORK_IDX2_2AED8";kolom bawaan Pega
DDL_SQL;DDL-WORK-2026-09-18;DATAPEGA;PC_ASM_FW_GCNMFW_WORK;TABLE;PXCREATEDATETIME;7;TIMESTAMP;6;;;Y;;;;"PC_ASM_FW_GCNMFW_WORK_PK;PC_WORK_IDX1_2AED8;PC_WORK_IDX2_2AED8";kolom bawaan Pega
DDL_SQL;DDL-WORK-2026-09-18;DATAPEGA;PC_ASM_FW_GCNMFW_WORK;TABLE;PXCREATEOPNAME;8;VARCHAR2;128;;;Y;;;;"PC_ASM_FW_GCNMFW_WORK_PK;PC_WORK_IDX1_2AED8;PC_WORK_IDX2_2AED8";kolom bawaan Pega
DDL_SQL;DDL-WORK-2026-09-18;DATAPEGA;PC_ASM_FW_GCNMFW_WORK;TABLE;PXCREATEOPERATOR;9;VARCHAR2;128;;;Y;;;;"PC_ASM_FW_GCNMFW_WORK_PK;PC_WORK_IDX1_2AED8;PC_WORK_IDX2_2AED8";kolom bawaan Pega
DDL_SQL;DDL-WORK-2026-09-18;DATAPEGA;PC_ASM_FW_GCNMFW_WORK;TABLE;PXCREATESYSTEMID;10;VARCHAR2;32;;;Y;;;;"PC_ASM_FW_GCNMFW_WORK_PK;PC_WORK_IDX1_2AED8;PC_WORK_IDX2_2AED8";kolom bawaan Pega
DDL_SQL;DDL-WORK-2026-09-18;DATAPEGA;PC_ASM_FW_GCNMFW_WORK;TABLE;PXFLOWCOUNT;11;NUMBER;;18;0;Y;;;;"PC_ASM_FW_GCNMFW_WORK_PK;PC_WORK_IDX1_2AED8;PC_WORK_IDX2_2AED8";kolom bawaan Pega
DDL_SQL;DDL-WORK-2026-09-18;DATAPEGA;PC_ASM_FW_GCNMFW_WORK;TABLE;PXINSNAME;12;VARCHAR2;128;;;Y;;;;"PC_ASM_FW_GCNMFW_WORK_PK;PC_WORK_IDX1_2AED8;PC_WORK_IDX2_2AED8";kolom bawaan Pega
DDL_SQL;DDL-WORK-2026-09-18;DATAPEGA;PC_ASM_FW_GCNMFW_WORK;TABLE;PXOBJCLASS;13;VARCHAR2;96;;;Y;;;;"PC_ASM_FW_GCNMFW_WORK_PK;PC_WORK_IDX1_2AED8;PC_WORK_IDX2_2AED8";kolom bawaan Pega
DDL_SQL;DDL-WORK-2026-09-18;DATAPEGA;PC_ASM_FW_GCNMFW_WORK;TABLE;PXUPDATEDATETIME;14;TIMESTAMP;6;;;Y;;;;"PC_ASM_FW_GCNMFW_WORK_PK;PC_WORK_IDX1_2AED8;PC_WORK_IDX2_2AED8";kolom bawaan Pega
DDL_SQL;DDL-WORK-2026-09-18;DATAPEGA;PC_ASM_FW_GCNMFW_WORK;TABLE;PXUPDATEOPNAME;15;VARCHAR2;128;;;Y;;;;"PC_ASM_FW_GCNMFW_WORK_PK;PC_WORK_IDX1_2AED8;PC_WORK_IDX2_2AED8";kolom bawaan Pega
DDL_SQL;DDL-WORK-2026-09-18;DATAPEGA;PC_ASM_FW_GCNMFW_WORK;TABLE;PXUPDATEOPERATOR;16;VARCHAR2;128;;;Y;;;;"PC_ASM_FW_GCNMFW_WORK_PK;PC_WORK_IDX1_2AED8;PC_WORK_IDX2_2AED8";kolom bawaan Pega
DDL_SQL;DDL-WORK-2026-09-18;DATAPEGA;PC_ASM_FW_GCNMFW_WORK;TABLE;PXUPDATESYSTEMID;17;VARCHAR2;32;;;Y;;;;"PC_ASM_FW_GCNMFW_WORK_PK;PC_WORK_IDX1_2AED8;PC_WORK_IDX2_2AED8";kolom bawaan Pega
DDL_SQL;DDL-WORK-2026-09-18;DATAPEGA;PC_ASM_FW_GCNMFW_WORK;TABLE;PXURGENCYWORK;18;NUMBER;;18;0;Y;;;;"PC_ASM_FW_GCNMFW_WORK_PK;PC_WORK_IDX1_2AED8;PC_WORK_IDX2_2AED8";kolom bawaan Pega
DDL_SQL;DDL-WORK-2026-09-18;DATAPEGA;PC_ASM_FW_GCNMFW_WORK;TABLE;PYACKTIMESTAMP;19;TIMESTAMP;6;;;Y;;;;"PC_ASM_FW_GCNMFW_WORK_PK;PC_WORK_IDX1_2AED8;PC_WORK_IDX2_2AED8";kolom bawaan Pega
DDL_SQL;DDL-WORK-2026-09-18;DATAPEGA;PC_ASM_FW_GCNMFW_WORK;TABLE;PYAGEFROMDATE;20;TIMESTAMP;6;;;Y;;;;"PC_ASM_FW_GCNMFW_WORK_PK;PC_WORK_IDX1_2AED8;PC_WORK_IDX2_2AED8";kolom bawaan Pega
DDL_SQL;DDL-WORK-2026-09-18;DATAPEGA;PC_ASM_FW_GCNMFW_WORK;TABLE;PYCHARGEAMOUNT;21;NUMBER;;18;0;Y;;;;"PC_ASM_FW_GCNMFW_WORK_PK;PC_WORK_IDX1_2AED8;PC_WORK_IDX2_2AED8";kolom bawaan Pega
DDL_SQL;DDL-WORK-2026-09-18;DATAPEGA;PC_ASM_FW_GCNMFW_WORK;TABLE;PYCHARGETO;22;VARCHAR2;64;;;Y;;;;"PC_ASM_FW_GCNMFW_WORK_PK;PC_WORK_IDX1_2AED8;PC_WORK_IDX2_2AED8";kolom bawaan Pega
DDL_SQL;DDL-WORK-2026-09-18;DATAPEGA;PC_ASM_FW_GCNMFW_WORK;TABLE;PYCONTACTCHANNEL;23;VARCHAR2;64;;;Y;;;;"PC_ASM_FW_GCNMFW_WORK_PK;PC_WORK_IDX1_2AED8;PC_WORK_IDX2_2AED8";kolom bawaan Pega
DDL_SQL;DDL-WORK-2026-09-18;DATAPEGA;PC_ASM_FW_GCNMFW_WORK;TABLE;PYCONTACTTYPE;24;VARCHAR2;64;;;Y;;;;"PC_ASM_FW_GCNMFW_WORK_PK;PC_WORK_IDX1_2AED8;PC_WORK_IDX2_2AED8";kolom bawaan Pega
DDL_SQL;DDL-WORK-2026-09-18;DATAPEGA;PC_ASM_FW_GCNMFW_WORK;TABLE;PYCUSLEVEL;25;VARCHAR2;32;;;Y;;;;"PC_ASM_FW_GCNMFW_WORK_PK;PC_WORK_IDX1_2AED8;PC_WORK_IDX2_2AED8";kolom bawaan Pega
DDL_SQL;DDL-WORK-2026-09-18;DATAPEGA;PC_ASM_FW_GCNMFW_WORK;TABLE;PYCUSTOMER;26;VARCHAR2;128;;;Y;;;;"PC_ASM_FW_GCNMFW_WORK_PK;PC_WORK_IDX1_2AED8;PC_WORK_IDX2_2AED8";kolom bawaan Pega
DDL_SQL;DDL-WORK-2026-09-18;DATAPEGA;PC_ASM_FW_GCNMFW_WORK;TABLE;PYCUSTOMERENTERPRISE;27;VARCHAR2;32;;;Y;;;;"PC_ASM_FW_GCNMFW_WORK_PK;PC_WORK_IDX1_2AED8;PC_WORK_IDX2_2AED8";kolom bawaan Pega
DDL_SQL;DDL-WORK-2026-09-18;DATAPEGA;PC_ASM_FW_GCNMFW_WORK;TABLE;PYCUSTOMERNAME;28;VARCHAR2;64;;;Y;;;;"PC_ASM_FW_GCNMFW_WORK_PK;PC_WORK_IDX1_2AED8;PC_WORK_IDX2_2AED8";kolom bawaan Pega
DDL_SQL;DDL-WORK-2026-09-18;DATAPEGA;PC_ASM_FW_GCNMFW_WORK;TABLE;PYCUSTOMERORG;29;VARCHAR2;32;;;Y;;;;"PC_ASM_FW_GCNMFW_WORK_PK;PC_WORK_IDX1_2AED8;PC_WORK_IDX2_2AED8";kolom bawaan Pega
DDL_SQL;DDL-WORK-2026-09-18;DATAPEGA;PC_ASM_FW_GCNMFW_WORK;TABLE;PYCUSTOMERSATISFIEDTIMESTAMP;30;TIMESTAMP;6;;;Y;;;;"PC_ASM_FW_GCNMFW_WORK_PK;PC_WORK_IDX1_2AED8;PC_WORK_IDX2_2AED8";kolom bawaan Pega
DDL_SQL;DDL-WORK-2026-09-18;DATAPEGA;PC_ASM_FW_GCNMFW_WORK;TABLE;PYDESCRIPTION;31;VARCHAR2;255;;;Y;;;;"PC_ASM_FW_GCNMFW_WORK_PK;PC_WORK_IDX1_2AED8;PC_WORK_IDX2_2AED8";kolom bawaan Pega
DDL_SQL;DDL-WORK-2026-09-18;DATAPEGA;PC_ASM_FW_GCNMFW_WORK;TABLE;PYEFFORTACTUAL;32;NUMBER;;18;0;Y;;;;"PC_ASM_FW_GCNMFW_WORK_PK;PC_WORK_IDX1_2AED8;PC_WORK_IDX2_2AED8";kolom bawaan Pega
DDL_SQL;DDL-WORK-2026-09-18;DATAPEGA;PC_ASM_FW_GCNMFW_WORK;TABLE;PYEFFORTESTIMATE;33;NUMBER;;18;0;Y;;;;"PC_ASM_FW_GCNMFW_WORK_PK;PC_WORK_IDX1_2AED8;PC_WORK_IDX2_2AED8";kolom bawaan Pega
DDL_SQL;DDL-WORK-2026-09-18;DATAPEGA;PC_ASM_FW_GCNMFW_WORK;TABLE;PYEFFORTESTIMATETIMESTAMP;34;TIMESTAMP;6;;;Y;;;;"PC_ASM_FW_GCNMFW_WORK_PK;PC_WORK_IDX1_2AED8;PC_WORK_IDX2_2AED8";kolom bawaan Pega
DDL_SQL;DDL-WORK-2026-09-18;DATAPEGA;PC_ASM_FW_GCNMFW_WORK;TABLE;PYELAPSEDCUSTOMERACK;35;NUMBER;;18;0;Y;;;;"PC_ASM_FW_GCNMFW_WORK_PK;PC_WORK_IDX1_2AED8;PC_WORK_IDX2_2AED8";kolom bawaan Pega
DDL_SQL;DDL-WORK-2026-09-18;DATAPEGA;PC_ASM_FW_GCNMFW_WORK;TABLE;PYELAPSEDCUSTOMERUNSATISFIED;36;NUMBER;;18;0;Y;;;;"PC_ASM_FW_GCNMFW_WORK_PK;PC_WORK_IDX1_2AED8;PC_WORK_IDX2_2AED8";kolom bawaan Pega
DDL_SQL;DDL-WORK-2026-09-18;DATAPEGA;PC_ASM_FW_GCNMFW_WORK;TABLE;PYELAPSEDPASTDEADLINE;37;NUMBER;;18;0;Y;;;;"PC_ASM_FW_GCNMFW_WORK_PK;PC_WORK_IDX1_2AED8;PC_WORK_IDX2_2AED8";kolom bawaan Pega
DDL_SQL;DDL-WORK-2026-09-18;DATAPEGA;PC_ASM_FW_GCNMFW_WORK;TABLE;PYELAPSEDPASTGOAL;38;NUMBER;;18;0;Y;;;;"PC_ASM_FW_GCNMFW_WORK_PK;PC_WORK_IDX1_2AED8;PC_WORK_IDX2_2AED8";kolom bawaan Pega
DDL_SQL;DDL-WORK-2026-09-18;DATAPEGA;PC_ASM_FW_GCNMFW_WORK;TABLE;PYELAPSEDSTATUSNEW;39;NUMBER;;18;0;Y;;;;"PC_ASM_FW_GCNMFW_WORK_PK;PC_WORK_IDX1_2AED8;PC_WORK_IDX2_2AED8";kolom bawaan Pega
DDL_SQL;DDL-WORK-2026-09-18;DATAPEGA;PC_ASM_FW_GCNMFW_WORK;TABLE;PYELAPSEDSTATUSOPEN;40;NUMBER;;18;0;Y;;;;"PC_ASM_FW_GCNMFW_WORK_PK;PC_WORK_IDX1_2AED8;PC_WORK_IDX2_2AED8";kolom bawaan Pega
DDL_SQL;DDL-WORK-2026-09-18;DATAPEGA;PC_ASM_FW_GCNMFW_WORK;TABLE;PYELAPSEDSTATUSPENDING;41;NUMBER;;18;0;Y;;;;"PC_ASM_FW_GCNMFW_WORK_PK;PC_WORK_IDX1_2AED8;PC_WORK_IDX2_2AED8";kolom bawaan Pega
DDL_SQL;DDL-WORK-2026-09-18;DATAPEGA;PC_ASM_FW_GCNMFW_WORK;TABLE;PYEVENTID;42;VARCHAR2;32;;;Y;;;;"PC_ASM_FW_GCNMFW_WORK_PK;PC_WORK_IDX1_2AED8;PC_WORK_IDX2_2AED8";kolom bawaan Pega
DDL_SQL;DDL-WORK-2026-09-18;DATAPEGA;PC_ASM_FW_GCNMFW_WORK;TABLE;PYFOLDERTYPE;43;VARCHAR2;32;;;Y;;;;"PC_ASM_FW_GCNMFW_WORK_PK;PC_WORK_IDX1_2AED8;PC_WORK_IDX2_2AED8";kolom bawaan Pega
DDL_SQL;DDL-WORK-2026-09-18;DATAPEGA;PC_ASM_FW_GCNMFW_WORK;TABLE;PYID;44;VARCHAR2;32;;;Y;;;;"PC_ASM_FW_GCNMFW_WORK_PK;PC_WORK_IDX1_2AED8;PC_WORK_IDX2_2AED8";kolom bawaan Pega
DDL_SQL;DDL-WORK-2026-09-18;DATAPEGA;PC_ASM_FW_GCNMFW_WORK;TABLE;PYLABEL;45;VARCHAR2;64;;;Y;;;;"PC_ASM_FW_GCNMFW_WORK_PK;PC_WORK_IDX1_2AED8;PC_WORK_IDX2_2AED8";kolom bawaan Pega
DDL_SQL;DDL-WORK-2026-09-18;DATAPEGA;PC_ASM_FW_GCNMFW_WORK;TABLE;PYORIGDIVISION;46;VARCHAR2;32;;;Y;;;;"PC_ASM_FW_GCNMFW_WORK_PK;PC_WORK_IDX1_2AED8;PC_WORK_IDX2_2AED8";kolom bawaan Pega
DDL_SQL;DDL-WORK-2026-09-18;DATAPEGA;PC_ASM_FW_GCNMFW_WORK;TABLE;PYORIGORG;47;VARCHAR2;32;;;Y;;;;"PC_ASM_FW_GCNMFW_WORK_PK;PC_WORK_IDX1_2AED8;PC_WORK_IDX2_2AED8";kolom bawaan Pega
DDL_SQL;DDL-WORK-2026-09-18;DATAPEGA;PC_ASM_FW_GCNMFW_WORK;TABLE;PYORIGORGUNIT;48;VARCHAR2;32;;;Y;;;;"PC_ASM_FW_GCNMFW_WORK_PK;PC_WORK_IDX1_2AED8;PC_WORK_IDX2_2AED8";kolom bawaan Pega
DDL_SQL;DDL-WORK-2026-09-18;DATAPEGA;PC_ASM_FW_GCNMFW_WORK;TABLE;PYORIGUSERDIVISION;49;VARCHAR2;32;;;Y;;;;"PC_ASM_FW_GCNMFW_WORK_PK;PC_WORK_IDX1_2AED8;PC_WORK_IDX2_2AED8";kolom bawaan Pega
DDL_SQL;DDL-WORK-2026-09-18;DATAPEGA;PC_ASM_FW_GCNMFW_WORK;TABLE;PYORIGUSERID;50;VARCHAR2;128;;;Y;;;;"PC_ASM_FW_GCNMFW_WORK_PK;PC_WORK_IDX1_2AED8;PC_WORK_IDX2_2AED8";kolom bawaan Pega
DDL_SQL;DDL-WORK-2026-09-18;DATAPEGA;PC_ASM_FW_GCNMFW_WORK;TABLE;PYORIGUSERWORKGROUP;51;VARCHAR2;64;;;Y;;;;"PC_ASM_FW_GCNMFW_WORK_PK;PC_WORK_IDX1_2AED8;PC_WORK_IDX2_2AED8";kolom bawaan Pega
DDL_SQL;DDL-WORK-2026-09-18;DATAPEGA;PC_ASM_FW_GCNMFW_WORK;TABLE;PYOWNERDIVISION;52;VARCHAR2;32;;;Y;;;;"PC_ASM_FW_GCNMFW_WORK_PK;PC_WORK_IDX1_2AED8;PC_WORK_IDX2_2AED8";kolom bawaan Pega
DDL_SQL;DDL-WORK-2026-09-18;DATAPEGA;PC_ASM_FW_GCNMFW_WORK;TABLE;PYOWNERORG;53;VARCHAR2;32;;;Y;;;;"PC_ASM_FW_GCNMFW_WORK_PK;PC_WORK_IDX1_2AED8;PC_WORK_IDX2_2AED8";kolom bawaan Pega
DDL_SQL;DDL-WORK-2026-09-18;DATAPEGA;PC_ASM_FW_GCNMFW_WORK;TABLE;PYOWNERORGUNIT;54;VARCHAR2;32;;;Y;;;;"PC_ASM_FW_GCNMFW_WORK_PK;PC_WORK_IDX1_2AED8;PC_WORK_IDX2_2AED8";kolom bawaan Pega
DDL_SQL;DDL-WORK-2026-09-18;DATAPEGA;PC_ASM_FW_GCNMFW_WORK;TABLE;PYPRIMARYCONTACT;55;VARCHAR2;64;;;Y;;;;"PC_ASM_FW_GCNMFW_WORK_PK;PC_WORK_IDX1_2AED8;PC_WORK_IDX2_2AED8";kolom bawaan Pega
DDL_SQL;DDL-WORK-2026-09-18;DATAPEGA;PC_ASM_FW_GCNMFW_WORK;TABLE;PYPROBLEMREASON;56;VARCHAR2;64;;;Y;;;;"PC_ASM_FW_GCNMFW_WORK_PK;PC_WORK_IDX1_2AED8;PC_WORK_IDX2_2AED8";kolom bawaan Pega
DDL_SQL;DDL-WORK-2026-09-18;DATAPEGA;PC_ASM_FW_GCNMFW_WORK;TABLE;PYPROBLEMSOURCE;57;VARCHAR2;64;;;Y;;;;"PC_ASM_FW_GCNMFW_WORK_PK;PC_WORK_IDX1_2AED8;PC_WORK_IDX2_2AED8";kolom bawaan Pega
DDL_SQL;DDL-WORK-2026-09-18;DATAPEGA;PC_ASM_FW_GCNMFW_WORK;TABLE;PYPROBLEMTYPE;58;VARCHAR2;64;;;Y;;;;"PC_ASM_FW_GCNMFW_WORK_PK;PC_WORK_IDX1_2AED8;PC_WORK_IDX2_2AED8";kolom bawaan Pega
DDL_SQL;DDL-WORK-2026-09-18;DATAPEGA;PC_ASM_FW_GCNMFW_WORK;TABLE;PYREOPENCOUNT;59;NUMBER;;18;0;Y;;;;"PC_ASM_FW_GCNMFW_WORK_PK;PC_WORK_IDX1_2AED8;PC_WORK_IDX2_2AED8";kolom bawaan Pega
DDL_SQL;DDL-WORK-2026-09-18;DATAPEGA;PC_ASM_FW_GCNMFW_WORK;TABLE;PYREOPENTIMESTAMP;60;TIMESTAMP;6;;;Y;;;;"PC_ASM_FW_GCNMFW_WORK_PK;PC_WORK_IDX1_2AED8;PC_WORK_IDX2_2AED8";kolom bawaan Pega
DDL_SQL;DDL-WORK-2026-09-18;DATAPEGA;PC_ASM_FW_GCNMFW_WORK;TABLE;PYRESOLUTIONCOMPLEXITY;61;VARCHAR2;8;;;Y;;;;"PC_ASM_FW_GCNMFW_WORK_PK;PC_WORK_IDX1_2AED8;PC_WORK_IDX2_2AED8";kolom bawaan Pega
DDL_SQL;DDL-WORK-2026-09-18;DATAPEGA;PC_ASM_FW_GCNMFW_WORK;TABLE;PYRESOLUTIONCOST;62;NUMBER;;18;0;Y;;;;"PC_ASM_FW_GCNMFW_WORK_PK;PC_WORK_IDX1_2AED8;PC_WORK_IDX2_2AED8";kolom bawaan Pega
DDL_SQL;DDL-WORK-2026-09-18;DATAPEGA;PC_ASM_FW_GCNMFW_WORK;TABLE;PYRESOLVEDDIVISION;63;VARCHAR2;32;;;Y;;;;"PC_ASM_FW_GCNMFW_WORK_PK;PC_WORK_IDX1_2AED8;PC_WORK_IDX2_2AED8";kolom bawaan Pega
DDL_SQL;DDL-WORK-2026-09-18;DATAPEGA;PC_ASM_FW_GCNMFW_WORK;TABLE;PYRESOLVEDORG;64;VARCHAR2;32;;;Y;;;;"PC_ASM_FW_GCNMFW_WORK_PK;PC_WORK_IDX1_2AED8;PC_WORK_IDX2_2AED8";kolom bawaan Pega
DDL_SQL;DDL-WORK-2026-09-18;DATAPEGA;PC_ASM_FW_GCNMFW_WORK;TABLE;PYRESOLVEDORGUNIT;65;VARCHAR2;32;;;Y;;;;"PC_ASM_FW_GCNMFW_WORK_PK;PC_WORK_IDX1_2AED8;PC_WORK_IDX2_2AED8";kolom bawaan Pega
DDL_SQL;DDL-WORK-2026-09-18;DATAPEGA;PC_ASM_FW_GCNMFW_WORK;TABLE;PYRESOLVEDTIME;66;VARCHAR2;32;;;Y;;;;"PC_ASM_FW_GCNMFW_WORK_PK;PC_WORK_IDX1_2AED8;PC_WORK_IDX2_2AED8";kolom bawaan Pega
DDL_SQL;DDL-WORK-2026-09-18;DATAPEGA;PC_ASM_FW_GCNMFW_WORK;TABLE;PYRESOLVEDTIMESTAMP;67;TIMESTAMP;6;;;Y;;;;"PC_ASM_FW_GCNMFW_WORK_PK;PC_WORK_IDX1_2AED8;PC_WORK_IDX2_2AED8";kolom bawaan Pega
DDL_SQL;DDL-WORK-2026-09-18;DATAPEGA;PC_ASM_FW_GCNMFW_WORK;TABLE;PYRESOLVEDUSERID;68;VARCHAR2;128;;;Y;;;;"PC_ASM_FW_GCNMFW_WORK_PK;PC_WORK_IDX1_2AED8;PC_WORK_IDX2_2AED8";kolom bawaan Pega
DDL_SQL;DDL-WORK-2026-09-18;DATAPEGA;PC_ASM_FW_GCNMFW_WORK;TABLE;PYRESOLVEDUSERWORKGROUP;69;VARCHAR2;64;;;Y;;;;"PC_ASM_FW_GCNMFW_WORK_PK;PC_WORK_IDX1_2AED8;PC_WORK_IDX2_2AED8";kolom bawaan Pega
DDL_SQL;DDL-WORK-2026-09-18;DATAPEGA;PC_ASM_FW_GCNMFW_WORK;TABLE;PYROOTCAUSE;70;VARCHAR2;64;;;Y;;;;"PC_ASM_FW_GCNMFW_WORK_PK;PC_WORK_IDX1_2AED8;PC_WORK_IDX2_2AED8";kolom bawaan Pega
DDL_SQL;DDL-WORK-2026-09-18;DATAPEGA;PC_ASM_FW_GCNMFW_WORK;TABLE;PYSLADEADLINE;71;TIMESTAMP;6;;;Y;;;;"PC_ASM_FW_GCNMFW_WORK_PK;PC_WORK_IDX1_2AED8;PC_WORK_IDX2_2AED8";kolom bawaan Pega
DDL_SQL;DDL-WORK-2026-09-18;DATAPEGA;PC_ASM_FW_GCNMFW_WORK;TABLE;PYSLAGOAL;72;TIMESTAMP;6;;;Y;;;;"PC_ASM_FW_GCNMFW_WORK_PK;PC_WORK_IDX1_2AED8;PC_WORK_IDX2_2AED8";kolom bawaan Pega
DDL_SQL;DDL-WORK-2026-09-18;DATAPEGA;PC_ASM_FW_GCNMFW_WORK;TABLE;PYSLANAME;73;VARCHAR2;32;;;Y;;;;"PC_ASM_FW_GCNMFW_WORK_PK;PC_WORK_IDX1_2AED8;PC_WORK_IDX2_2AED8";kolom bawaan Pega
DDL_SQL;DDL-WORK-2026-09-18;DATAPEGA;PC_ASM_FW_GCNMFW_WORK;TABLE;PYSTATUSCUSTOMERSAT;74;VARCHAR2;32;;;Y;;;;"PC_ASM_FW_GCNMFW_WORK_PK;PC_WORK_IDX1_2AED8;PC_WORK_IDX2_2AED8";kolom bawaan Pega
DDL_SQL;DDL-WORK-2026-09-18;DATAPEGA;PC_ASM_FW_GCNMFW_WORK;TABLE;PYSTATUSWORK;75;VARCHAR2;32;;;Y;;;;"PC_ASM_FW_GCNMFW_WORK_PK;PC_WORK_IDX1_2AED8;PC_WORK_IDX2_2AED8";kolom bawaan Pega
DDL_SQL;DDL-WORK-2026-09-18;DATAPEGA;PC_ASM_FW_GCNMFW_WORK;TABLE;PXCURRENTSTAGELABEL;76;VARCHAR2;128;;;Y;;;;"PC_ASM_FW_GCNMFW_WORK_PK;PC_WORK_IDX1_2AED8;PC_WORK_IDX2_2AED8";kolom bawaan Pega
DDL_SQL;DDL-WORK-2026-09-18;DATAPEGA;PC_ASM_FW_GCNMFW_WORK;TABLE;PXCURRENTSTAGE;77;VARCHAR2;32;;;Y;;;;"PC_ASM_FW_GCNMFW_WORK_PK;PC_WORK_IDX1_2AED8;PC_WORK_IDX2_2AED8";kolom bawaan Pega
DDL_SQL;DDL-WORK-2026-09-18;DATAPEGA;PC_ASM_FW_GCNMFW_WORK;TABLE;PZINSKEY;78;VARCHAR2;255;;;N;;Y;Y;"PC_ASM_FW_GCNMFW_WORK_PK;PC_WORK_IDX1_2AED8;PC_WORK_IDX2_2AED8";kolom bawaan Pega
DDL_SQL;DDL-WORK-2026-09-18;DATAPEGA;PC_ASM_FW_GCNMFW_WORK;TABLE;PXAPPLICATION;79;VARCHAR2;64;;;Y;;;;"PC_ASM_FW_GCNMFW_WORK_PK;PC_WORK_IDX1_2AED8;PC_WORK_IDX2_2AED8";kolom bawaan Pega
DDL_SQL;DDL-WORK-2026-09-18;DATAPEGA;PC_ASM_FW_GCNMFW_WORK;TABLE;PXAPPLICATIONVERSION;80;VARCHAR2;32;;;Y;;;;"PC_ASM_FW_GCNMFW_WORK_PK;PC_WORK_IDX1_2AED8;PC_WORK_IDX2_2AED8";kolom bawaan Pega
DDL_SQL;DDL-WORK-2026-09-18;DATAPEGA;PC_ASM_FW_GCNMFW_WORK;TABLE;PZPVSTREAM;81;BLOB;;;;Y;;;;"PC_ASM_FW_GCNMFW_WORK_PK;PC_WORK_IDX1_2AED8;PC_WORK_IDX2_2AED8";BLOB isi properti — .ClaimData.* IN-BLOB CONFIRMED
DDL_SQL;DDL-WORK-2026-09-18;DATAPEGA;PC_ASM_FW_GCNMFW_WORK;TABLE;SOBNAME;82;VARCHAR2;128;;;Y;;;;"PC_ASM_FW_GCNMFW_WORK_PK;PC_WORK_IDX1_2AED8;PC_WORK_IDX2_2AED8";DI-EXPOSE (BYTE)
DDL_SQL;DDL-WORK-2026-09-18;DATAPEGA;PC_ASM_FW_GCNMFW_WORK;TABLE;BUSINESSNAME;83;VARCHAR2;128;;;Y;;;;"PC_ASM_FW_GCNMFW_WORK_PK;PC_WORK_IDX1_2AED8;PC_WORK_IDX2_2AED8";DI-EXPOSE (BYTE)
DDL_SQL;DDL-WORK-2026-09-18;DATAPEGA;PC_ASM_FW_GCNMFW_WORK;TABLE;CEDINGCONAME;84;VARCHAR2;128;;;Y;;;;"PC_ASM_FW_GCNMFW_WORK_PK;PC_WORK_IDX1_2AED8;PC_WORK_IDX2_2AED8";DI-EXPOSE (BYTE)
DDL_SQL;DDL-WORK-2026-09-18;DATAPEGA;PC_ASM_FW_GCNMFW_WORK;TABLE;INSUREDNAME;85;VARCHAR2;255;;;Y;;;;"PC_ASM_FW_GCNMFW_WORK_PK;PC_WORK_IDX1_2AED8;PC_WORK_IDX2_2AED8";DI-EXPOSE (BYTE)
DDL_SQL;DDL-WORK-2026-09-18;DATAPEGA;PC_ASM_FW_GCNMFW_WORK;TABLE;NOPOLIS;86;VARCHAR2;128;;;Y;;;;"PC_ASM_FW_GCNMFW_WORK_PK;PC_WORK_IDX1_2AED8;PC_WORK_IDX2_2AED8";DI-EXPOSE (BYTE)
DDL_SQL;DDL-WORK-2026-09-18;DATAPEGA;PC_ASM_FW_GCNMFW_WORK;TABLE;MASTERID;87;VARCHAR2;128;;;Y;;;;"PC_ASM_FW_GCNMFW_WORK_PK;PC_WORK_IDX1_2AED8;PC_WORK_IDX2_2AED8";DI-EXPOSE (BYTE)
DDL_SQL;DDL-WORK-2026-09-18;DATAPEGA;PC_ASM_FW_GCNMFW_WORK;TABLE;KOMITECOUNT;88;NUMBER;;18;0;Y;;;;"PC_ASM_FW_GCNMFW_WORK_PK;PC_WORK_IDX1_2AED8;PC_WORK_IDX2_2AED8";DI-EXPOSE ()
DDL_SQL;DDL-WORK-2026-09-18;DATAPEGA;PC_ASM_FW_GCNMFW_WORK;TABLE;DATEOFLOSS;89;VARCHAR2;8;;;Y;;;;"PC_ASM_FW_GCNMFW_WORK_PK;PC_WORK_IDX1_2AED8;PC_WORK_IDX2_2AED8";DI-EXPOSE (BYTE)
DDL_SQL;DDL-WORK-2026-09-18;DATAPEGA;PC_ASM_FW_GCNMFW_WORK;TABLE;ISSUBJECTIVITY;90;VARCHAR2;5;;;Y;;;;"PC_ASM_FW_GCNMFW_WORK_PK;PC_WORK_IDX1_2AED8;PC_WORK_IDX2_2AED8";DI-EXPOSE (BYTE)
DDL_SQL;DDL-WORK-2026-09-18;DATAPEGA;PC_ASM_FW_GCNMFW_WORK;TABLE;NOCLAIM;91;VARCHAR2;32;;;Y;;;;"PC_ASM_FW_GCNMFW_WORK_PK;PC_WORK_IDX1_2AED8;PC_WORK_IDX2_2AED8";DI-EXPOSE (CHAR)
DDL_SQL;DDL-WORK-2026-09-18;DATAPEGA;PC_ASM_FW_GCNMFW_WORK;TABLE;FLAGONGOINGCOMMITTE;92;VARCHAR2;32;;;Y;;;;"PC_ASM_FW_GCNMFW_WORK_PK;PC_WORK_IDX1_2AED8;PC_WORK_IDX2_2AED8";DI-EXPOSE (CHAR)
DDL_SQL;DDL-WORK-2026-09-18;DATAPEGA;PC_ASM_FW_GCNMFW_WORK;TABLE;CLMNO;93;VARCHAR2;32;;;Y;;;;"PC_ASM_FW_GCNMFW_WORK_PK;PC_WORK_IDX1_2AED8;PC_WORK_IDX2_2AED8";DI-EXPOSE (CHAR)
DDL_SQL;DDL-WORK-2026-09-18;DATAPEGA;PC_ASM_FW_GCNMFW_WORK;TABLE;DATERECEIVED;94;DATE;;;;Y;;;;"PC_ASM_FW_GCNMFW_WORK_PK;PC_WORK_IDX1_2AED8;PC_WORK_IDX2_2AED8";DI-EXPOSE ()
DDL_SQL;DDL-WORK-2026-09-18;DATAPEGA;PC_ASM_FW_GCNMFW_WORK;TABLE;PLA_CEDING;95;VARCHAR2;500;;;Y;;;;"PC_ASM_FW_GCNMFW_WORK_PK;PC_WORK_IDX1_2AED8;PC_WORK_IDX2_2AED8";DI-EXPOSE (BYTE)
DDL_SQL;DDL-WORK-2026-09-18;DATAPEGA;PC_ASM_FW_GCNMFW_WORK;TABLE;PLA_SOB;96;VARCHAR2;500;;;Y;;;;"PC_ASM_FW_GCNMFW_WORK_PK;PC_WORK_IDX1_2AED8;PC_WORK_IDX2_2AED8";DI-EXPOSE (BYTE)
DDL_SQL;DDL-WORK-2026-09-18;DATAPEGA;PC_ASM_FW_GCNMFW_WORK;TABLE;DLA_CEDING;97;VARCHAR2;500;;;Y;;;;"PC_ASM_FW_GCNMFW_WORK_PK;PC_WORK_IDX1_2AED8;PC_WORK_IDX2_2AED8";DI-EXPOSE (BYTE)
DDL_SQL;DDL-WORK-2026-09-18;DATAPEGA;PC_ASM_FW_GCNMFW_WORK;TABLE;DLA_SOB;98;VARCHAR2;500;;;Y;;;;"PC_ASM_FW_GCNMFW_WORK_PK;PC_WORK_IDX1_2AED8;PC_WORK_IDX2_2AED8";DI-EXPOSE (BYTE)
DDL_SQL;DDL-WORK-2026-09-18;DATAPEGA;PC_ASM_FW_GCNMFW_WORK;TABLE;POLICY_CEDING;99;VARCHAR2;500;;;Y;;;;"PC_ASM_FW_GCNMFW_WORK_PK;PC_WORK_IDX1_2AED8;PC_WORK_IDX2_2AED8";DI-EXPOSE (BYTE)
DDL_SQL;DDL-WORK-2026-09-18;DATAPEGA;PC_ASM_FW_GCNMFW_WORK;TABLE;CAUSEOFLOSS;100;VARCHAR2;500;;;Y;;;;"PC_ASM_FW_GCNMFW_WORK_PK;PC_WORK_IDX1_2AED8;PC_WORK_IDX2_2AED8";DI-EXPOSE (BYTE)
