01_KLAIM.sql	KLAIM	PRIMARY KEY	PK_KLAIM	PK_KLAIM
01_KLAIM.sql	KLAIM	UNIQUE	UQ_KLAIM_1	UQ_KLAIM_1
01_KLAIM.sql	KLAIM	CHECK	CK_KLAIM_1	CK_KLAIM_1
01_KLAIM.sql	KLAIM	CHECK	CK_KLAIM_2	CK_KLAIM_2
01_KLAIM.sql	KLAIM	CHECK	CK_KLAIM_3	CK_KLAIM_3
01_KLAIM.sql	KLAIM	INDEX	IX_KLAIM_1	IX_KLAIM_1
02_NILAI_KLAIM_MATA_UANG.sql	NILAI_KLAIM_MATA_UANG	PRIMARY KEY	PK_NILAI_KLAIM_MATA_UANG	PK_NILAI_KLAIM_MATA_UANG
02_NILAI_KLAIM_MATA_UANG.sql	NILAI_KLAIM_MATA_UANG	UNIQUE	UQ_NILAI_KLAIM_MATA_UANG_1	UQ_NILAI_KLAIM_MATA_UANG_1
02_NILAI_KLAIM_MATA_UANG.sql	NILAI_KLAIM_MATA_UANG	CHECK	CK_NILAI_KLAIM_MATA_UANG_1	CK_NILAI_KLAIM_MATA_UANG_1
02_NILAI_KLAIM_MATA_UANG.sql	NILAI_KLAIM_MATA_UANG	CHECK	CK_NILAI_KLAIM_MATA_UANG_2	CK_NILAI_KLAIM_MATA_UANG_2
02_NILAI_KLAIM_MATA_UANG.sql	NILAI_KLAIM_MATA_UANG	CHECK	CK_NILAI_KLAIM_MATA_UANG_3	CK_NILAI_KLAIM_MATA_UANG_3
02_NILAI_KLAIM_MATA_UANG.sql	NILAI_KLAIM_MATA_UANG	CHECK	CK_NILAI_KLAIM_MATA_UANG_4	CK_NILAI_KLAIM_MATA_UANG_4
02_NILAI_KLAIM_MATA_UANG.sql	NILAI_KLAIM_MATA_UANG	CHECK	CK_NILAI_KLAIM_MATA_UANG_5	CK_NILAI_KLAIM_MATA_UANG_5
02_NILAI_KLAIM_MATA_UANG.sql	NILAI_KLAIM_MATA_UANG	FOREIGN KEY	FK_NILAI_KLAIM_MATA_UANG_1	FK_NILAI_KLAIM_MATA_UANG_1
02_NILAI_KLAIM_MATA_UANG.sql	NILAI_KLAIM_MATA_UANG	CHECK	CK_NILAI_KLAIM_MATA_UANG_6	CK_NILAI_KLAIM_MATA_UANG_6
03_ALOKASI_LAYER.sql	ALOKASI_LAYER	PRIMARY KEY	PK_ALOKASI_LAYER	PK_ALOKASI_LAYER
03_ALOKASI_LAYER.sql	ALOKASI_LAYER	UNIQUE	UQ_ALOKASI_LAYER_1	UQ_ALOKASI_LAYER_1
03_ALOKASI_LAYER.sql	ALOKASI_LAYER	CHECK	CK_ALOKASI_LAYER_1	CK_ALOKASI_LAYER_1
03_ALOKASI_LAYER.sql	ALOKASI_LAYER	CHECK	CK_ALOKASI_LAYER_2	CK_ALOKASI_LAYER_2
03_ALOKASI_LAYER.sql	ALOKASI_LAYER	FOREIGN KEY	FK_ALOKASI_LAYER_1	FK_ALOKASI_LAYER_1
03_ALOKASI_LAYER.sql	ALOKASI_LAYER	CHECK	CK_ALOKASI_LAYER_3	CK_ALOKASI_LAYER_3
03_ALOKASI_LAYER.sql	ALOKASI_LAYER	CHECK	CK_ALOKASI_LAYER_4	CK_ALOKASI_LAYER_4
04_RETENSI_CEDANT.sql	RETENSI_CEDANT	PRIMARY KEY	PK_RETENSI_CEDANT	PK_RETENSI_CEDANT
04_RETENSI_CEDANT.sql	RETENSI_CEDANT	UNIQUE	UQ_RETENSI_CEDANT_1	UQ_RETENSI_CEDANT_1
04_RETENSI_CEDANT.sql	RETENSI_CEDANT	CHECK	CK_RETENSI_CEDANT_1	CK_RETENSI_CEDANT_1
04_RETENSI_CEDANT.sql	RETENSI_CEDANT	CHECK	CK_RETENSI_CEDANT_2	CK_RETENSI_CEDANT_2
04_RETENSI_CEDANT.sql	RETENSI_CEDANT	FOREIGN KEY	FK_RETENSI_CEDANT_1	FK_RETENSI_CEDANT_1
04_RETENSI_CEDANT.sql	RETENSI_CEDANT	CHECK	CK_RETENSI_CEDANT_3	CK_RETENSI_CEDANT_3
04_RETENSI_CEDANT.sql	RETENSI_CEDANT	CHECK	CK_RETENSI_CEDANT_4	CK_RETENSI_CEDANT_4
05_AKSEPTASI.sql	AKSEPTASI	PRIMARY KEY	PK_AKSEPTASI	PK_AKSEPTASI
05_AKSEPTASI.sql	AKSEPTASI	UNIQUE	UQ_AKSEPTASI_1	UQ_AKSEPTASI_1
05_AKSEPTASI.sql	AKSEPTASI	CHECK	CK_AKSEPTASI_1	CK_AKSEPTASI_1
05_AKSEPTASI.sql	AKSEPTASI	CHECK	CK_AKSEPTASI_2	CK_AKSEPTASI_2
05_AKSEPTASI.sql	AKSEPTASI	CHECK	CK_AKSEPTASI_3	CK_AKSEPTASI_3
05_AKSEPTASI.sql	AKSEPTASI	FOREIGN KEY	FK_AKSEPTASI_1	FK_AKSEPTASI_1
05_AKSEPTASI.sql	AKSEPTASI	CHECK	CK_AKSEPTASI_4	CK_AKSEPTASI_4
06_ADJUSTMENT.sql	ADJUSTMENT	PRIMARY KEY	PK_ADJUSTMENT	PK_ADJUSTMENT
06_ADJUSTMENT.sql	ADJUSTMENT	UNIQUE	UQ_ADJUSTMENT_1	UQ_ADJUSTMENT_1
06_ADJUSTMENT.sql	ADJUSTMENT	CHECK	CK_ADJUSTMENT_1	CK_ADJUSTMENT_1
06_ADJUSTMENT.sql	ADJUSTMENT	CHECK	CK_ADJUSTMENT_2	CK_ADJUSTMENT_2
06_ADJUSTMENT.sql	ADJUSTMENT	CHECK	CK_ADJUSTMENT_3	CK_ADJUSTMENT_3
06_ADJUSTMENT.sql	ADJUSTMENT	CHECK	CK_ADJUSTMENT_4	CK_ADJUSTMENT_4
06_ADJUSTMENT.sql	ADJUSTMENT	CHECK	CK_ADJUSTMENT_5	CK_ADJUSTMENT_5
06_ADJUSTMENT.sql	ADJUSTMENT	FOREIGN KEY	FK_ADJUSTMENT_1	FK_ADJUSTMENT_1
06_ADJUSTMENT.sql	ADJUSTMENT	FOREIGN KEY	FK_ADJUSTMENT_2	FK_ADJUSTMENT_2
06_ADJUSTMENT.sql	ADJUSTMENT	CHECK	CK_ADJUSTMENT_6	CK_ADJUSTMENT_6
06_ADJUSTMENT.sql	ADJUSTMENT	INDEX	IX_ADJUSTMENT_1	IX_ADJUSTMENT_1
07_PREMI_PEMULIHAN.sql	PREMI_PEMULIHAN	PRIMARY KEY	PK_PREMI_PEMULIHAN	PK_PREMI_PEMULIHAN
07_PREMI_PEMULIHAN.sql	PREMI_PEMULIHAN	UNIQUE	UQ_PREMI_PEMULIHAN_1	UQ_PREMI_PEMULIHAN_1
07_PREMI_PEMULIHAN.sql	PREMI_PEMULIHAN	CHECK	CK_PREMI_PEMULIHAN_1	CK_PREMI_PEMULIHAN_1
07_PREMI_PEMULIHAN.sql	PREMI_PEMULIHAN	CHECK	CK_PREMI_PEMULIHAN_2	CK_PREMI_PEMULIHAN_2
07_PREMI_PEMULIHAN.sql	PREMI_PEMULIHAN	CHECK	CK_PREMI_PEMULIHAN_3	CK_PREMI_PEMULIHAN_3
07_PREMI_PEMULIHAN.sql	PREMI_PEMULIHAN	CHECK	CK_PREMI_PEMULIHAN_4	CK_PREMI_PEMULIHAN_4
07_PREMI_PEMULIHAN.sql	PREMI_PEMULIHAN	CHECK	CK_PREMI_PEMULIHAN_5	CK_PREMI_PEMULIHAN_5
07_PREMI_PEMULIHAN.sql	PREMI_PEMULIHAN	CHECK	CK_PREMI_PEMULIHAN_6	CK_PREMI_PEMULIHAN_6
07_PREMI_PEMULIHAN.sql	PREMI_PEMULIHAN	CHECK	CK_PREMI_PEMULIHAN_7	CK_PREMI_PEMULIHAN_7
07_PREMI_PEMULIHAN.sql	PREMI_PEMULIHAN	FOREIGN KEY	FK_PREMI_PEMULIHAN_1	FK_PREMI_PEMULIHAN_1
07_PREMI_PEMULIHAN.sql	PREMI_PEMULIHAN	CHECK	CK_PREMI_PEMULIHAN_8	CK_PREMI_PEMULIHAN_8
08_REKENING_PENERIMA.sql	REKENING_PENERIMA	PRIMARY KEY	PK_REKENING_PENERIMA	PK_REKENING_PENERIMA
08_REKENING_PENERIMA.sql	REKENING_PENERIMA	FOREIGN KEY	FK_REKENING_PENERIMA_1	FK_REKENING_PENERIMA_1
08_REKENING_PENERIMA.sql	REKENING_PENERIMA	INDEX	IX_REKENING_PENERIMA_1	IX_REKENING_PENERIMA_1
09_OBJEK_PERTANGGUNGAN.sql	OBJEK_PERTANGGUNGAN	PRIMARY KEY	PK_OBJEK_PERTANGGUNGAN	PK_OBJEK_PERTANGGUNGAN
09_OBJEK_PERTANGGUNGAN.sql	OBJEK_PERTANGGUNGAN	UNIQUE	UQ_OBJEK_PERTANGGUNGAN_1	UQ_OBJEK_PERTANGGUNGAN_1
09_OBJEK_PERTANGGUNGAN.sql	OBJEK_PERTANGGUNGAN	CHECK	CK_OBJEK_PERTANGGUNGAN_1	CK_OBJEK_PERTANGGUNGAN_1
09_OBJEK_PERTANGGUNGAN.sql	OBJEK_PERTANGGUNGAN	CHECK	CK_OBJEK_PERTANGGUNGAN_2	CK_OBJEK_PERTANGGUNGAN_2
09_OBJEK_PERTANGGUNGAN.sql	OBJEK_PERTANGGUNGAN	FOREIGN KEY	FK_OBJEK_PERTANGGUNGAN_1	FK_OBJEK_PERTANGGUNGAN_1
09_OBJEK_PERTANGGUNGAN.sql	OBJEK_PERTANGGUNGAN	CHECK	CK_OBJEK_PERTANGGUNGAN_3	CK_OBJEK_PERTANGGUNGAN_3
10_PEMBAGIAN_KERUGIAN.sql	PEMBAGIAN_KERUGIAN	PRIMARY KEY	PK_PEMBAGIAN_KERUGIAN	PK_PEMBAGIAN_KERUGIAN
10_PEMBAGIAN_KERUGIAN.sql	PEMBAGIAN_KERUGIAN	UNIQUE	UQ_PEMBAGIAN_KERUGIAN_1	UQ_PEMBAGIAN_KERUGIAN_1
10_PEMBAGIAN_KERUGIAN.sql	PEMBAGIAN_KERUGIAN	CHECK	CK_PEMBAGIAN_KERUGIAN_1	CK_PEMBAGIAN_KERUGIAN_1
10_PEMBAGIAN_KERUGIAN.sql	PEMBAGIAN_KERUGIAN	CHECK	CK_PEMBAGIAN_KERUGIAN_2	CK_PEMBAGIAN_KERUGIAN_2
10_PEMBAGIAN_KERUGIAN.sql	PEMBAGIAN_KERUGIAN	CHECK	CK_PEMBAGIAN_KERUGIAN_3	CK_PEMBAGIAN_KERUGIAN_3
10_PEMBAGIAN_KERUGIAN.sql	PEMBAGIAN_KERUGIAN	CHECK	CK_PEMBAGIAN_KERUGIAN_4	CK_PEMBAGIAN_KERUGIAN_4
10_PEMBAGIAN_KERUGIAN.sql	PEMBAGIAN_KERUGIAN	CHECK	CK_PEMBAGIAN_KERUGIAN_5	CK_PEMBAGIAN_KERUGIAN_5
10_PEMBAGIAN_KERUGIAN.sql	PEMBAGIAN_KERUGIAN	FOREIGN KEY	FK_PEMBAGIAN_KERUGIAN_1	FK_PEMBAGIAN_KERUGIAN_1
10_PEMBAGIAN_KERUGIAN.sql	PEMBAGIAN_KERUGIAN	CHECK	CK_PEMBAGIAN_KERUGIAN_6	CK_PEMBAGIAN_KERUGIAN_6
11_PENYEBARAN.sql	PENYEBARAN	PRIMARY KEY	PK_PENYEBARAN	PK_PENYEBARAN
11_PENYEBARAN.sql	PENYEBARAN	UNIQUE	UQ_PENYEBARAN_1	UQ_PENYEBARAN_1
11_PENYEBARAN.sql	PENYEBARAN	CHECK	CK_PENYEBARAN_1	CK_PENYEBARAN_1
11_PENYEBARAN.sql	PENYEBARAN	CHECK	CK_PENYEBARAN_2	CK_PENYEBARAN_2
11_PENYEBARAN.sql	PENYEBARAN	CHECK	CK_PENYEBARAN_3	CK_PENYEBARAN_3
11_PENYEBARAN.sql	PENYEBARAN	CHECK	CK_PENYEBARAN_4	CK_PENYEBARAN_4
11_PENYEBARAN.sql	PENYEBARAN	CHECK	CK_PENYEBARAN_5	CK_PENYEBARAN_5
11_PENYEBARAN.sql	PENYEBARAN	FOREIGN KEY	FK_PENYEBARAN_1	FK_PENYEBARAN_1
11_PENYEBARAN.sql	PENYEBARAN	CHECK	CK_PENYEBARAN_6	CK_PENYEBARAN_6
11_PENYEBARAN.sql	PENYEBARAN	INDEX	IX_PENYEBARAN_1	IX_PENYEBARAN_1
12_ESTIMASI_AWAL.sql	ESTIMASI_AWAL	PRIMARY KEY	PK_ESTIMASI_AWAL	PK_ESTIMASI_AWAL
12_ESTIMASI_AWAL.sql	ESTIMASI_AWAL	UNIQUE	UQ_ESTIMASI_AWAL_1	UQ_ESTIMASI_AWAL_1
12_ESTIMASI_AWAL.sql	ESTIMASI_AWAL	CHECK	CK_ESTIMASI_AWAL_1	CK_ESTIMASI_AWAL_1
12_ESTIMASI_AWAL.sql	ESTIMASI_AWAL	CHECK	CK_ESTIMASI_AWAL_2	CK_ESTIMASI_AWAL_2
12_ESTIMASI_AWAL.sql	ESTIMASI_AWAL	FOREIGN KEY	FK_ESTIMASI_AWAL_1	FK_ESTIMASI_AWAL_1
12_ESTIMASI_AWAL.sql	ESTIMASI_AWAL	CHECK	CK_ESTIMASI_AWAL_3	CK_ESTIMASI_AWAL_3
13_KRONOLOGI_KLAIM.sql	KRONOLOGI_KLAIM	PRIMARY KEY	PK_KRONOLOGI_KLAIM	PK_KRONOLOGI_KLAIM
13_KRONOLOGI_KLAIM.sql	KRONOLOGI_KLAIM	UNIQUE	UQ_KRONOLOGI_KLAIM_1	UQ_KRONOLOGI_KLAIM_1
13_KRONOLOGI_KLAIM.sql	KRONOLOGI_KLAIM	FOREIGN KEY	FK_KRONOLOGI_KLAIM_1	FK_KRONOLOGI_KLAIM_1
14_DOKUMEN_KLAIM.sql	DOKUMEN_KLAIM	PRIMARY KEY	PK_DOKUMEN_KLAIM	PK_DOKUMEN_KLAIM
14_DOKUMEN_KLAIM.sql	DOKUMEN_KLAIM	UNIQUE	UQ_DOKUMEN_KLAIM_1	UQ_DOKUMEN_KLAIM_1
14_DOKUMEN_KLAIM.sql	DOKUMEN_KLAIM	CHECK	CK_DOKUMEN_KLAIM_1	CK_DOKUMEN_KLAIM_1
14_DOKUMEN_KLAIM.sql	DOKUMEN_KLAIM	FOREIGN KEY	FK_DOKUMEN_KLAIM_1	FK_DOKUMEN_KLAIM_1
15_TUTUP_BUKU.sql	TUTUP_BUKU	PRIMARY KEY	PK_TUTUP_BUKU	PK_TUTUP_BUKU
15_TUTUP_BUKU.sql	TUTUP_BUKU	UNIQUE	UQ_TUTUP_BUKU_1	UQ_TUTUP_BUKU_1
15_TUTUP_BUKU.sql	TUTUP_BUKU	CHECK	CK_TUTUP_BUKU_1	CK_TUTUP_BUKU_1
16_TARIF_BERLAKU.sql	TARIF_BERLAKU	PRIMARY KEY	PK_TARIF_BERLAKU	PK_TARIF_BERLAKU
16_TARIF_BERLAKU.sql	TARIF_BERLAKU	UNIQUE	UQ_TARIF_BERLAKU_1	UQ_TARIF_BERLAKU_1
17_KOREKSI_NILAI.sql	KOREKSI_NILAI	PRIMARY KEY	PK_KOREKSI_NILAI	PK_KOREKSI_NILAI
17_KOREKSI_NILAI.sql	KOREKSI_NILAI	CHECK	CK_KOREKSI_NILAI_1	CK_KOREKSI_NILAI_1
17_KOREKSI_NILAI.sql	KOREKSI_NILAI	INDEX	IX_KOREKSI_NILAI_1	IX_KOREKSI_NILAI_1
18_KLAIM_PENJAGA_TANGGAL.sql	KLAIM_PENJAGA_TANGGAL	PRIMARY KEY	PK_KLAIM_PENJAGA_TANGGAL	PK_KLAIM_PENJAGA_TANGGAL
18_KLAIM_PENJAGA_TANGGAL.sql	KLAIM_PENJAGA_TANGGAL	UNIQUE	UQ_KLAIM_PENJAGA_TANGGAL_1	UQ_KLAIM_PENJAGA_TANGGAL_1
18_KLAIM_PENJAGA_TANGGAL.sql	KLAIM_PENJAGA_TANGGAL	FOREIGN KEY	FK_KLAIM_PENJAGA_TANGGAL_1	FK_KLAIM_PENJAGA_TANGGAL_1
19_MIGRASI_KORELASI.sql	MIGRASI_KORELASI	PRIMARY KEY	PK_MIGRASI_KORELASI	PK_MIGRASI_KORELASI
19_MIGRASI_KORELASI.sql	MIGRASI_KORELASI	CHECK	CK_MIGRASI_KORELASI_1	CK_MIGRASI_KORELASI_1
19_MIGRASI_KORELASI.sql	MIGRASI_KORELASI	INDEX	IX_MIGRASI_KORELASI_1	IX_MIGRASI_KORELASI_1
19_MIGRASI_KORELASI.sql	MIGRASI_KORELASI	INDEX	IX_MIGRASI_KORELASI_2	IX_MIGRASI_KORELASI_2
19_MIGRASI_KORELASI.sql	MIGRASI_KORELASI	INDEX	IX_MIGRASI_KORELASI_3	IX_MIGRASI_KORELASI_3
20_MIGRASI_NILAI_DITOLAK.sql	MIGRASI_NILAI_DITOLAK	PRIMARY KEY	PK_MIGRASI_NILAI_DITOLAK	PK_MIGRASI_NILAI_DITOLAK
20_MIGRASI_NILAI_DITOLAK.sql	MIGRASI_NILAI_DITOLAK	FOREIGN KEY	FK_MIGRASI_NILAI_DITOLAK_1	FK_MIGRASI_NILAI_DITOLAK_1
20_MIGRASI_NILAI_DITOLAK.sql	MIGRASI_NILAI_DITOLAK	INDEX	IX_MIGRASI_NILAI_DITOLAK_1	IX_MIGRASI_NILAI_DITOLAK_1
21_MIGRASI_PENDARATAN.sql	MIGRASI_PENDARATAN	PRIMARY KEY	PK_MIGRASI_PENDARATAN	PK_MIGRASI_PENDARATAN
21_MIGRASI_PENDARATAN.sql	MIGRASI_PENDARATAN	CHECK	CK_MIGRASI_PENDARATAN_1	CK_MIGRASI_PENDARATAN_1
21_MIGRASI_PENDARATAN.sql	MIGRASI_PENDARATAN	CHECK	CK_MIGRASI_PENDARATAN_2	CK_MIGRASI_PENDARATAN_2
21_MIGRASI_PENDARATAN.sql	MIGRASI_PENDARATAN	INDEX	IX_MIGRASI_PENDARATAN_1	IX_MIGRASI_PENDARATAN_1
22_ARSIP_MUATAN_KELUAR.sql	ARSIP_MUATAN_KELUAR	PRIMARY KEY	PK_ARSIP_MUATAN_KELUAR	PK_ARSIP_MUATAN_KELUAR
22_ARSIP_MUATAN_KELUAR.sql	ARSIP_MUATAN_KELUAR	CHECK	CK_ARSIP_MUATAN_KELUAR_1	CK_ARSIP_MUATAN_KELUAR_1
22_ARSIP_MUATAN_KELUAR.sql	ARSIP_MUATAN_KELUAR	FOREIGN KEY	FK_ARSIP_MUATAN_KELUAR_1	FK_ARSIP_MUATAN_KELUAR_1
22_ARSIP_MUATAN_KELUAR.sql	ARSIP_MUATAN_KELUAR	INDEX	IX_ARSIP_MUATAN_KELUAR_1	IX_ARSIP_MUATAN_KELUAR_1