01_KLAIM.sql	KLAIM	PRIMARY KEY	PK_KLM	PK_KLAIM
01_KLAIM.sql	KLAIM	UNIQUE	UQ_KLM_NOMOR	UQ_KLAIM_1
01_KLAIM.sql	KLAIM	CHECK	CK_KLM_TREATY_URUT	CK_KLAIM_1
01_KLAIM.sql	KLAIM	CHECK	CK_KLM_BERSYARAT	CK_KLAIM_2
01_KLAIM.sql	KLAIM	CHECK	CK_KLM_KEADAAN	CK_KLAIM_3
01_KLAIM.sql	KLAIM	INDEX	IX_KLM_POLIS	IX_KLAIM_1
02_NILAI_KLAIM_MATA_UANG.sql	NILAI_KLAIM_MATA_UANG	PRIMARY KEY	PK_NKM	PK_NILAI_KLAIM_MATA_UANG
02_NILAI_KLAIM_MATA_UANG.sql	NILAI_KLAIM_MATA_UANG	UNIQUE	UQ_NKM_KLM_MTU	UQ_NILAI_KLAIM_MATA_UANG_1
02_NILAI_KLAIM_MATA_UANG.sql	NILAI_KLAIM_MATA_UANG	CHECK	CK_NKM_KEADAAN	CK_NILAI_KLAIM_MATA_UANG_1
02_NILAI_KLAIM_MATA_UANG.sql	NILAI_KLAIM_MATA_UANG	CHECK	CK_NKM_IDR1	CK_NILAI_KLAIM_MATA_UANG_2
02_NILAI_KLAIM_MATA_UANG.sql	NILAI_KLAIM_MATA_UANG	CHECK	CK_NKM_IDR2	CK_NILAI_KLAIM_MATA_UANG_3
02_NILAI_KLAIM_MATA_UANG.sql	NILAI_KLAIM_MATA_UANG	CHECK	CK_NKM_IDR3	CK_NILAI_KLAIM_MATA_UANG_4
02_NILAI_KLAIM_MATA_UANG.sql	NILAI_KLAIM_MATA_UANG	CHECK	CK_NKM_IDR4	CK_NILAI_KLAIM_MATA_UANG_5
02_NILAI_KLAIM_MATA_UANG.sql	NILAI_KLAIM_MATA_UANG	FOREIGN KEY	FK_NKM_KLM	FK_NILAI_KLAIM_MATA_UANG_1
03_ALOKASI_LAYER.sql	ALOKASI_LAYER	PRIMARY KEY	PK_ALK	PK_ALOKASI_LAYER
03_ALOKASI_LAYER.sql	ALOKASI_LAYER	UNIQUE	UQ_ALK_KLM_LYR_MTU	UQ_ALOKASI_LAYER_1
03_ALOKASI_LAYER.sql	ALOKASI_LAYER	CHECK	CK_ALK_IDR_KURS	CK_ALOKASI_LAYER_1
03_ALOKASI_LAYER.sql	ALOKASI_LAYER	CHECK	CK_ALK_KEADAAN	CK_ALOKASI_LAYER_2
03_ALOKASI_LAYER.sql	ALOKASI_LAYER	FOREIGN KEY	FK_ALK_KLM	FK_ALOKASI_LAYER_1
04_RETENSI_CEDANT.sql	RETENSI_CEDANT	PRIMARY KEY	PK_RTC	PK_RETENSI_CEDANT
04_RETENSI_CEDANT.sql	RETENSI_CEDANT	UNIQUE	UQ_RTC_KLM_MTU	UQ_RETENSI_CEDANT_1
04_RETENSI_CEDANT.sql	RETENSI_CEDANT	CHECK	CK_RTC_KEADAAN	CK_RETENSI_CEDANT_1
04_RETENSI_CEDANT.sql	RETENSI_CEDANT	CHECK	CK_RTC_IDR1	CK_RETENSI_CEDANT_2
04_RETENSI_CEDANT.sql	RETENSI_CEDANT	FOREIGN KEY	FK_RTC_KLM	FK_RETENSI_CEDANT_1
05_AKSEPTASI.sql	AKSEPTASI	PRIMARY KEY	PK_AKS	PK_AKSEPTASI
05_AKSEPTASI.sql	AKSEPTASI	UNIQUE	UQ_AKS_KLM_LYR_MTU	UQ_AKSEPTASI_1
05_AKSEPTASI.sql	AKSEPTASI	CHECK	CK_AKS_KEADAAN2	CK_AKSEPTASI_1
05_AKSEPTASI.sql	AKSEPTASI	CHECK	CK_AKS_KEADAAN	CK_AKSEPTASI_2
05_AKSEPTASI.sql	AKSEPTASI	CHECK	CK_AKS_IDR1	CK_AKSEPTASI_3
05_AKSEPTASI.sql	AKSEPTASI	FOREIGN KEY	FK_AKS_KLM	FK_AKSEPTASI_1
06_ADJUSTMENT.sql	ADJUSTMENT	PRIMARY KEY	PK_ADJ	PK_ADJUSTMENT
06_ADJUSTMENT.sql	ADJUSTMENT	UNIQUE	UQ_ADJ_KLM_URUT	UQ_ADJUSTMENT_1
06_ADJUSTMENT.sql	ADJUSTMENT	CHECK	CK_ADJ_BERSYARAT	CK_ADJUSTMENT_1
06_ADJUSTMENT.sql	ADJUSTMENT	CHECK	CK_ADJ_USUL_TUTUP	CK_ADJUSTMENT_2
06_ADJUSTMENT.sql	ADJUSTMENT	CHECK	CK_ADJ_KASIR	CK_ADJUSTMENT_3
06_ADJUSTMENT.sql	ADJUSTMENT	CHECK	CK_ADJ_KEADAAN	CK_ADJUSTMENT_4
06_ADJUSTMENT.sql	ADJUSTMENT	CHECK	CK_ADJ_IDR1	CK_ADJUSTMENT_5
06_ADJUSTMENT.sql	ADJUSTMENT	FOREIGN KEY	FK_ADJ_KLM	FK_ADJUSTMENT_1
06_ADJUSTMENT.sql	ADJUSTMENT	FOREIGN KEY	FK_ADJ_RKP	FK_ADJUSTMENT_2
06_ADJUSTMENT.sql	ADJUSTMENT	INDEX	IX_ADJ_RKP	IX_ADJUSTMENT_1
07_PREMI_PEMULIHAN.sql	PREMI_PEMULIHAN	PRIMARY KEY	PK_PRP	PK_PREMI_PEMULIHAN
07_PREMI_PEMULIHAN.sql	PREMI_PEMULIHAN	UNIQUE	UQ_PRP_KLM_LYR_MTU	UQ_PREMI_PEMULIHAN_1
07_PREMI_PEMULIHAN.sql	PREMI_PEMULIHAN	CHECK	CK_PRP_LIMIT_NOL	CK_PREMI_PEMULIHAN_1
07_PREMI_PEMULIHAN.sql	PREMI_PEMULIHAN	CHECK	CK_PRP_KEADAAN	CK_PREMI_PEMULIHAN_2
07_PREMI_PEMULIHAN.sql	PREMI_PEMULIHAN	CHECK	CK_PRP_IDR1	CK_PREMI_PEMULIHAN_3
07_PREMI_PEMULIHAN.sql	PREMI_PEMULIHAN	CHECK	CK_PRP_IDR2	CK_PREMI_PEMULIHAN_4
07_PREMI_PEMULIHAN.sql	PREMI_PEMULIHAN	CHECK	CK_PRP_IDR3	CK_PREMI_PEMULIHAN_5
07_PREMI_PEMULIHAN.sql	PREMI_PEMULIHAN	CHECK	CK_PRP_IDR4	CK_PREMI_PEMULIHAN_6
07_PREMI_PEMULIHAN.sql	PREMI_PEMULIHAN	CHECK	CK_PRP_IDR5	CK_PREMI_PEMULIHAN_7
07_PREMI_PEMULIHAN.sql	PREMI_PEMULIHAN	FOREIGN KEY	FK_PRP_KLM	FK_PREMI_PEMULIHAN_1
08_REKENING_PENERIMA.sql	REKENING_PENERIMA	PRIMARY KEY	PK_RKP	PK_REKENING_PENERIMA
08_REKENING_PENERIMA.sql	REKENING_PENERIMA	FOREIGN KEY	FK_RKP_KLM	FK_REKENING_PENERIMA_1
08_REKENING_PENERIMA.sql	REKENING_PENERIMA	INDEX	IX_RKP_KLM	IX_REKENING_PENERIMA_1
09_OBJEK_PERTANGGUNGAN.sql	OBJEK_PERTANGGUNGAN	PRIMARY KEY	PK_OBP	PK_OBJEK_PERTANGGUNGAN
09_OBJEK_PERTANGGUNGAN.sql	OBJEK_PERTANGGUNGAN	UNIQUE	UQ_OBP_KLM_URUT	UQ_OBJEK_PERTANGGUNGAN_1
09_OBJEK_PERTANGGUNGAN.sql	OBJEK_PERTANGGUNGAN	CHECK	CK_OBP_KEADAAN	CK_OBJEK_PERTANGGUNGAN_1
09_OBJEK_PERTANGGUNGAN.sql	OBJEK_PERTANGGUNGAN	CHECK	CK_OBP_IDR1	CK_OBJEK_PERTANGGUNGAN_2
09_OBJEK_PERTANGGUNGAN.sql	OBJEK_PERTANGGUNGAN	FOREIGN KEY	FK_OBP_KLM	FK_OBJEK_PERTANGGUNGAN_1
10_PEMBAGIAN_KERUGIAN.sql	PEMBAGIAN_KERUGIAN	PRIMARY KEY	PK_PBK	PK_PEMBAGIAN_KERUGIAN
10_PEMBAGIAN_KERUGIAN.sql	PEMBAGIAN_KERUGIAN	UNIQUE	UQ_PBK_KLM_URUT	UQ_PEMBAGIAN_KERUGIAN_1
10_PEMBAGIAN_KERUGIAN.sql	PEMBAGIAN_KERUGIAN	CHECK	CK_PBK_KEADAAN	CK_PEMBAGIAN_KERUGIAN_1
10_PEMBAGIAN_KERUGIAN.sql	PEMBAGIAN_KERUGIAN	CHECK	CK_PBK_IDR1	CK_PEMBAGIAN_KERUGIAN_2
10_PEMBAGIAN_KERUGIAN.sql	PEMBAGIAN_KERUGIAN	CHECK	CK_PBK_IDR2	CK_PEMBAGIAN_KERUGIAN_3
10_PEMBAGIAN_KERUGIAN.sql	PEMBAGIAN_KERUGIAN	CHECK	CK_PBK_IDR3	CK_PEMBAGIAN_KERUGIAN_4
10_PEMBAGIAN_KERUGIAN.sql	PEMBAGIAN_KERUGIAN	CHECK	CK_PBK_IDR4	CK_PEMBAGIAN_KERUGIAN_5
10_PEMBAGIAN_KERUGIAN.sql	PEMBAGIAN_KERUGIAN	FOREIGN KEY	FK_PBK_KLM	FK_PEMBAGIAN_KERUGIAN_1
11_PENYEBARAN.sql	PENYEBARAN	PRIMARY KEY	PK_PNY	PK_PENYEBARAN
11_PENYEBARAN.sql	PENYEBARAN	UNIQUE	UQ_PNY_KLM_URUT	UQ_PENYEBARAN_1
11_PENYEBARAN.sql	PENYEBARAN	CHECK	CK_PNY_KEADAAN	CK_PENYEBARAN_1
11_PENYEBARAN.sql	PENYEBARAN	CHECK	CK_PNY_IDR1	CK_PENYEBARAN_2
11_PENYEBARAN.sql	PENYEBARAN	CHECK	CK_PNY_IDR2	CK_PENYEBARAN_3
11_PENYEBARAN.sql	PENYEBARAN	CHECK	CK_PNY_IDR3	CK_PENYEBARAN_4
11_PENYEBARAN.sql	PENYEBARAN	CHECK	CK_PNY_IDR4	CK_PENYEBARAN_5
11_PENYEBARAN.sql	PENYEBARAN	FOREIGN KEY	FK_PNY_KLM	FK_PENYEBARAN_1
12_ESTIMASI_AWAL.sql	ESTIMASI_AWAL	PRIMARY KEY	PK_EST	PK_ESTIMASI_AWAL
12_ESTIMASI_AWAL.sql	ESTIMASI_AWAL	UNIQUE	UQ_EST_KLM_JNS_MTU	UQ_ESTIMASI_AWAL_1
12_ESTIMASI_AWAL.sql	ESTIMASI_AWAL	CHECK	CK_EST_KEADAAN	CK_ESTIMASI_AWAL_1
12_ESTIMASI_AWAL.sql	ESTIMASI_AWAL	CHECK	CK_EST_IDR1	CK_ESTIMASI_AWAL_2
12_ESTIMASI_AWAL.sql	ESTIMASI_AWAL	FOREIGN KEY	FK_EST_KLM	FK_ESTIMASI_AWAL_1
13_KRONOLOGI_KLAIM.sql	KRONOLOGI_KLAIM	PRIMARY KEY	PK_KRN	PK_KRONOLOGI_KLAIM
13_KRONOLOGI_KLAIM.sql	KRONOLOGI_KLAIM	UNIQUE	UQ_KRN_KLM_URUT	UQ_KRONOLOGI_KLAIM_1
13_KRONOLOGI_KLAIM.sql	KRONOLOGI_KLAIM	FOREIGN KEY	FK_KRN_KLM	FK_KRONOLOGI_KLAIM_1
14_DOKUMEN_KLAIM.sql	DOKUMEN_KLAIM	PRIMARY KEY	PK_DOK	PK_DOKUMEN_KLAIM
14_DOKUMEN_KLAIM.sql	DOKUMEN_KLAIM	UNIQUE	UQ_DOK_KLM_URUT	UQ_DOKUMEN_KLAIM_1
14_DOKUMEN_KLAIM.sql	DOKUMEN_KLAIM	CHECK	CK_DOK_URL	CK_DOKUMEN_KLAIM_1
14_DOKUMEN_KLAIM.sql	DOKUMEN_KLAIM	FOREIGN KEY	FK_DOK_KLM	FK_DOKUMEN_KLAIM_1
15_TUTUP_BUKU.sql	TUTUP_BUKU	PRIMARY KEY	PK_TTB	PK_TUTUP_BUKU
15_TUTUP_BUKU.sql	TUTUP_BUKU	UNIQUE	UQ_TTB_LKP_SEJAK	UQ_TUTUP_BUKU_1
15_TUTUP_BUKU.sql	TUTUP_BUKU	CHECK	CK_TTB_TANGGAL	CK_TUTUP_BUKU_1
16_TARIF_BERLAKU.sql	TARIF_BERLAKU	PRIMARY KEY	PK_TRF	PK_TARIF_BERLAKU
16_TARIF_BERLAKU.sql	TARIF_BERLAKU	UNIQUE	UQ_TRF_LKP_JNS_SEJAK	UQ_TARIF_BERLAKU_1
17_KOREKSI_NILAI.sql	KOREKSI_NILAI	PRIMARY KEY	PK_KRK	PK_KOREKSI_NILAI
17_KOREKSI_NILAI.sql	KOREKSI_NILAI	INDEX	IX_KRK_SASARAN	IX_KOREKSI_NILAI_1
18_DAFTAR_KLAIM_PENJAGA_TANGGAL.sql	KLAIM_PENJAGA_TANGGAL	PRIMARY KEY	PK_DPT	PK_KLAIM_PENJAGA_TANGGAL
18_DAFTAR_KLAIM_PENJAGA_TANGGAL.sql	KLAIM_PENJAGA_TANGGAL	UNIQUE	UQ_DPT_KLM	UQ_KLAIM_PENJAGA_TANGGAL_1
18_DAFTAR_KLAIM_PENJAGA_TANGGAL.sql	KLAIM_PENJAGA_TANGGAL	FOREIGN KEY	FK_DPT_KLM2	FK_KLAIM_PENJAGA_TANGGAL_1
19_MIGRASI_KORELASI.sql	MIGRASI_KORELASI	PRIMARY KEY	PK_MGK	PK_MIGRASI_KORELASI
19_MIGRASI_KORELASI.sql	MIGRASI_KORELASI	INDEX	IX_MGK_TUJUAN	IX_MIGRASI_KORELASI_1
20_MIGRASI_NILAI_DITOLAK.sql	MIGRASI_NILAI_DITOLAK	PRIMARY KEY	PK_MGN	PK_MIGRASI_NILAI_DITOLAK
21_MIGRASI_PENDARATAN.sql	MIGRASI_PENDARATAN	PRIMARY KEY	PK_MGP	PK_MIGRASI_PENDARATAN
21_MIGRASI_PENDARATAN.sql	MIGRASI_PENDARATAN	CHECK	CK_MGP_JSON	CK_MIGRASI_PENDARATAN_1
22_ARSIP_MUATAN_KELUAR.sql	ARSIP_MUATAN_KELUAR	PRIMARY KEY	PK_AMK	PK_ARSIP_MUATAN_KELUAR
22_ARSIP_MUATAN_KELUAR.sql	ARSIP_MUATAN_KELUAR	CHECK	CK_AMK_DITOLAK	CK_ARSIP_MUATAN_KELUAR_1
22_ARSIP_MUATAN_KELUAR.sql	ARSIP_MUATAN_KELUAR	FOREIGN KEY	FK_AMK_KLM	FK_ARSIP_MUATAN_KELUAR_1
22_ARSIP_MUATAN_KELUAR.sql	ARSIP_MUATAN_KELUAR	INDEX	IX_AMK_KUNCI	IX_ARSIP_MUATAN_KELUAR_1